State,County,ZIP,Reason,Suggested Action
,,,1019 ZIP codes excluded because they were used within the cooldown window.,Review before outreach.
AL,,,37 ZIPs were added from the next densest available pool to preserve report lead volume.,Review top-up ZIPs if strict density is more important than report size.
AL,Gulf Shores Zip Market,36542,ZIP used within cooldown window.,Do not reuse unless cooldown override is explicitly approved.
AL,Orange Beach Zip Market,36561,ZIP used within cooldown window.,Do not reuse unless cooldown override is explicitly approved.
AL,Foley Zip Market,36535,ZIP used within cooldown window.,Do not reuse unless cooldown override is explicitly approved.
AL,Athens Zip Market,35613,ZIP used within cooldown window.,Do not reuse unless cooldown override is explicitly approved.
AL,Fairhope Zip Market,36532,ZIP used within cooldown window.,Do not reuse unless cooldown override is explicitly approved.
AL,Daphne Zip Market,36526,ZIP used within cooldown window.,Do not reuse unless cooldown override is explicitly approved.
AL,Madison Zip Market,35756,ZIP used within cooldown window.,Do not reuse unless cooldown override is explicitly approved.
AL,Harvest Zip Market,35749,ZIP used within cooldown window.,Do not reuse unless cooldown override is explicitly approved.
AL,Athens Zip Market,35611,ZIP used within cooldown window.,Do not reuse unless cooldown override is explicitly approved.
AL,Montgomery Zip Market,36117,ZIP used within cooldown window.,Do not reuse unless cooldown override is explicitly approved.
AL,Huntsville Zip Market,35811,ZIP used within cooldown window.,Do not reuse unless cooldown override is explicitly approved.
AL,Birmingham Zip Market,35215,ZIP used within cooldown window.,Do not reuse unless cooldown override is explicitly approved.
AL,Birmingham Zip Market,35244,ZIP used within cooldown window.,Do not reuse unless cooldown override is explicitly approved.
AL,Birmingham Zip Market,35242,ZIP used within cooldown window.,Do not reuse unless cooldown override is explicitly approved.
AL,Madison Zip Market,35758,ZIP used within cooldown window.,Do not reuse unless cooldown override is explicitly approved.
AL,Mobile Zip Market,36695,ZIP used within cooldown window.,Do not reuse unless cooldown override is explicitly approved.
AL,Meridianville Zip Market,35759,ZIP used within cooldown window.,Do not reuse unless cooldown override is explicitly approved.
AL,Trussville Zip Market,35173,ZIP used within cooldown window.,Do not reuse unless cooldown override is explicitly approved.
AL,Decatur Zip Market,35603,ZIP used within cooldown window.,Do not reuse unless cooldown override is explicitly approved.
AL,Huntsville Zip Market,35803,ZIP used within cooldown window.,Do not reuse unless cooldown override is explicitly approved.
AL,Owens Cross Roads Zip Market,35763,ZIP used within cooldown window.,Do not reuse unless cooldown override is explicitly approved.
AL,Mobile Zip Market,36608,ZIP used within cooldown window.,Do not reuse unless cooldown override is explicitly approved.
AL,Montgomery Zip Market,36109,ZIP used within cooldown window.,Do not reuse unless cooldown override is explicitly approved.
AL,Huntsville Zip Market,35810,ZIP used within cooldown window.,Do not reuse unless cooldown override is explicitly approved.
AL,Cullman Zip Market,35055,ZIP used within cooldown window.,Do not reuse unless cooldown override is explicitly approved.
AL,Montgomery Zip Market,36116,ZIP used within cooldown window.,Do not reuse unless cooldown override is explicitly approved.
AL,New Market Zip Market,35761,ZIP used within cooldown window.,Do not reuse unless cooldown override is explicitly approved.
AL,Bessemer Zip Market,35023,ZIP used within cooldown window.,Do not reuse unless cooldown override is explicitly approved.
AL,Florence Zip Market,35630,ZIP used within cooldown window.,Do not reuse unless cooldown override is explicitly approved.
AL,Huntsville Zip Market,35806,ZIP used within cooldown window.,Do not reuse unless cooldown override is explicitly approved.
AL,Alexander City Zip Market,35010,ZIP used within cooldown window.,Do not reuse unless cooldown override is explicitly approved.
AL,Bessemer Zip Market,35022,ZIP used within cooldown window.,Do not reuse unless cooldown override is explicitly approved.
AL,Daphne Zip Market,36527,ZIP used within cooldown window.,Do not reuse unless cooldown override is explicitly approved.
AL,Calera Zip Market,35040,ZIP used within cooldown window.,Do not reuse unless cooldown override is explicitly approved.
AL,Birmingham Zip Market,35226,ZIP used within cooldown window.,Do not reuse unless cooldown override is explicitly approved.
AL,Madison Zip Market,35757,ZIP used within cooldown window.,Do not reuse unless cooldown override is explicitly approved.
AL,Crane Hill Zip Market,35053,ZIP used within cooldown window.,Do not reuse unless cooldown override is explicitly approved.
AL,Decatur Zip Market,35601,ZIP used within cooldown window.,Do not reuse unless cooldown override is explicitly approved.
AL,Muscle Shoals Zip Market,35661,ZIP used within cooldown window.,Do not reuse unless cooldown override is explicitly approved.
AL,Pelham Zip Market,35124,ZIP used within cooldown window.,Do not reuse unless cooldown override is explicitly approved.
AL,Dauphin Island Zip Market,36528,ZIP used within cooldown window.,Do not reuse unless cooldown override is explicitly approved.
AL,Chelsea Zip Market,35043,ZIP used within cooldown window.,Do not reuse unless cooldown override is explicitly approved.
AL,Birmingham Zip Market,35216,ZIP used within cooldown window.,Do not reuse unless cooldown override is explicitly approved.
AL,Pike Road Zip Market,36064,ZIP used within cooldown window.,Do not reuse unless cooldown override is explicitly approved.
AL,Huntsville Zip Market,35801,ZIP used within cooldown window.,Do not reuse unless cooldown override is explicitly approved.
AL,Eufaula Zip Market,36027,ZIP used within cooldown window.,Do not reuse unless cooldown override is explicitly approved.
AL,Tuscumbia Zip Market,35674,ZIP used within cooldown window.,Do not reuse unless cooldown override is explicitly approved.
AL,Arab Zip Market,35016,ZIP used within cooldown window.,Do not reuse unless cooldown override is explicitly approved.
AL,Birmingham Zip Market,35211,ZIP used within cooldown window.,Do not reuse unless cooldown override is explicitly approved.
AL,Montgomery Zip Market,36106,ZIP used within cooldown window.,Do not reuse unless cooldown override is explicitly approved.
AL,Alabaster Zip Market,35007,ZIP used within cooldown window.,Do not reuse unless cooldown override is explicitly approved.
AL,Birmingham Zip Market,35205,ZIP used within cooldown window.,Do not reuse unless cooldown override is explicitly approved.
AL,Odenville Zip Market,35120,ZIP used within cooldown window.,Do not reuse unless cooldown override is explicitly approved.
AL,Mc Calla Zip Market,35111,ZIP used within cooldown window.,Do not reuse unless cooldown override is explicitly approved.
AL,Birmingham Zip Market,35206,ZIP used within cooldown window.,Do not reuse unless cooldown override is explicitly approved.
AL,Huntsville Zip Market,35802,ZIP used within cooldown window.,Do not reuse unless cooldown override is explicitly approved.
AL,Mobile Zip Market,36606,ZIP used within cooldown window.,Do not reuse unless cooldown override is explicitly approved.
AL,Killen Zip Market,35645,ZIP used within cooldown window.,Do not reuse unless cooldown override is explicitly approved.
AL,Hartselle Zip Market,35640,ZIP used within cooldown window.,Do not reuse unless cooldown override is explicitly approved.
AL,Toney Zip Market,35773,ZIP used within cooldown window.,Do not reuse unless cooldown override is explicitly approved.
AL,Birmingham Zip Market,35208,ZIP used within cooldown window.,Do not reuse unless cooldown override is explicitly approved.
AL,Florence Zip Market,35633,ZIP used within cooldown window.,Do not reuse unless cooldown override is explicitly approved.
AL,Hazel Green Zip Market,35750,ZIP used within cooldown window.,Do not reuse unless cooldown override is explicitly approved.
AL,Birmingham Zip Market,35235,ZIP used within cooldown window.,Do not reuse unless cooldown override is explicitly approved.
AL,Mobile Zip Market,36693,ZIP used within cooldown window.,Do not reuse unless cooldown override is explicitly approved.
AL,Helena Zip Market,35080,ZIP used within cooldown window.,Do not reuse unless cooldown override is explicitly approved.
AL,Talladega Zip Market,35160,ZIP used within cooldown window.,Do not reuse unless cooldown override is explicitly approved.
AL,Mobile Zip Market,36609,ZIP used within cooldown window.,Do not reuse unless cooldown override is explicitly approved.
AL,Pinson Zip Market,35126,ZIP used within cooldown window.,Do not reuse unless cooldown override is explicitly approved.
AL,Huntsville Zip Market,35805,ZIP used within cooldown window.,Do not reuse unless cooldown override is explicitly approved.
AL,Robertsdale Zip Market,36567,ZIP used within cooldown window.,Do not reuse unless cooldown override is explicitly approved.
AL,Springville Zip Market,35146,ZIP used within cooldown window.,Do not reuse unless cooldown override is explicitly approved.
AL,Montgomery Zip Market,36111,ZIP used within cooldown window.,Do not reuse unless cooldown override is explicitly approved.
AL,Cullman Zip Market,35057,ZIP used within cooldown window.,Do not reuse unless cooldown override is explicitly approved.
AL,Birmingham Zip Market,35209,ZIP used within cooldown window.,Do not reuse unless cooldown override is explicitly approved.
AL,Hanceville Zip Market,35077,ZIP used within cooldown window.,Do not reuse unless cooldown override is explicitly approved.
AL,Leeds Zip Market,35094,ZIP used within cooldown window.,Do not reuse unless cooldown override is explicitly approved.
AL,Clanton Zip Market,35045,ZIP used within cooldown window.,Do not reuse unless cooldown override is explicitly approved.
AL,Theodore Zip Market,36582,ZIP used within cooldown window.,Do not reuse unless cooldown override is explicitly approved.
AL,Montevallo Zip Market,35115,ZIP used within cooldown window.,Do not reuse unless cooldown override is explicitly approved.
AL,Sheffield Zip Market,35660,ZIP used within cooldown window.,Do not reuse unless cooldown override is explicitly approved.
AL,Mobile Zip Market,36605,ZIP used within cooldown window.,Do not reuse unless cooldown override is explicitly approved.
AL,Warrior Zip Market,35180,ZIP used within cooldown window.,Do not reuse unless cooldown override is explicitly approved.
AL,Saraland Zip Market,36571,ZIP used within cooldown window.,Do not reuse unless cooldown override is explicitly approved.
AL,Bay Minette Zip Market,36507,ZIP used within cooldown window.,Do not reuse unless cooldown override is explicitly approved.
AL,Elberta Zip Market,36530,ZIP used within cooldown window.,Do not reuse unless cooldown override is explicitly approved.
AL,Bessemer Zip Market,35020,ZIP used within cooldown window.,Do not reuse unless cooldown override is explicitly approved.
AL,Cullman Zip Market,35058,ZIP used within cooldown window.,Do not reuse unless cooldown override is explicitly approved.
AL,Moody Zip Market,35004,ZIP used within cooldown window.,Do not reuse unless cooldown override is explicitly approved.
AL,Loxley Zip Market,36551,ZIP used within cooldown window.,Do not reuse unless cooldown override is explicitly approved.
AL,Birmingham Zip Market,35210,ZIP used within cooldown window.,Do not reuse unless cooldown override is explicitly approved.
AL,Sylacauga Zip Market,35150,ZIP used within cooldown window.,Do not reuse unless cooldown override is explicitly approved.
AL,Prattville Zip Market,36067,ZIP used within cooldown window.,Do not reuse unless cooldown override is explicitly approved.
AL,Gardendale Zip Market,35071,ZIP used within cooldown window.,Do not reuse unless cooldown override is explicitly approved.
AL,Birmingham Zip Market,35214,ZIP used within cooldown window.,Do not reuse unless cooldown override is explicitly approved.
AL,Semmes Zip Market,36575,ZIP used within cooldown window.,Do not reuse unless cooldown override is explicitly approved.
AL,Huntsville Zip Market,35824,ZIP used within cooldown window.,Do not reuse unless cooldown override is explicitly approved.
AL,Pell City Zip Market,35128,ZIP used within cooldown window.,Do not reuse unless cooldown override is explicitly approved.
AL,Wetumpka Zip Market,36092,ZIP used within cooldown window.,Do not reuse unless cooldown override is explicitly approved.
AL,Deatsville Zip Market,36022,ZIP used within cooldown window.,Do not reuse unless cooldown override is explicitly approved.
AL,Rogersville Zip Market,35652,ZIP used within cooldown window.,Do not reuse unless cooldown override is explicitly approved.
AL,Scottsboro Zip Market,35769,ZIP used within cooldown window.,Do not reuse unless cooldown override is explicitly approved.
AL,Lincoln Zip Market,35096,ZIP used within cooldown window.,Do not reuse unless cooldown override is explicitly approved.
AL,Lillian Zip Market,36549,ZIP used within cooldown window.,Do not reuse unless cooldown override is explicitly approved.
AL,Mobile Zip Market,36604,ZIP used within cooldown window.,Do not reuse unless cooldown override is explicitly approved.
AL,Oneonta Zip Market,35121,ZIP used within cooldown window.,Do not reuse unless cooldown override is explicitly approved.
AL,Birmingham Zip Market,35228,ZIP used within cooldown window.,Do not reuse unless cooldown override is explicitly approved.
AL,Wetumpka Zip Market,36093,ZIP used within cooldown window.,Do not reuse unless cooldown override is explicitly approved.
AL,Birmingham Zip Market,35243,ZIP used within cooldown window.,Do not reuse unless cooldown override is explicitly approved.
AL,Montgomery Zip Market,36107,ZIP used within cooldown window.,Do not reuse unless cooldown override is explicitly approved.
AL,Troy Zip Market,36081,ZIP used within cooldown window.,Do not reuse unless cooldown override is explicitly approved.
AL,Florence Zip Market,35634,ZIP used within cooldown window.,Do not reuse unless cooldown override is explicitly approved.
AL,Tallassee Zip Market,36078,ZIP used within cooldown window.,Do not reuse unless cooldown override is explicitly approved.
AL,Birmingham Zip Market,35212,ZIP used within cooldown window.,Do not reuse unless cooldown override is explicitly approved.
AL,Moulton Zip Market,35650,ZIP used within cooldown window.,Do not reuse unless cooldown override is explicitly approved.
AL,Prattville Zip Market,36066,ZIP used within cooldown window.,Do not reuse unless cooldown override is explicitly approved.
AL,Troy Zip Market,36079,ZIP used within cooldown window.,Do not reuse unless cooldown override is explicitly approved.
AL,Eclectic Zip Market,36024,ZIP used within cooldown window.,Do not reuse unless cooldown override is explicitly approved.
AL,Birmingham Zip Market,35217,ZIP used within cooldown window.,Do not reuse unless cooldown override is explicitly approved.
AL,Montgomery Zip Market,36108,ZIP used within cooldown window.,Do not reuse unless cooldown override is explicitly approved.
AL,Gurley Zip Market,35748,ZIP used within cooldown window.,Do not reuse unless cooldown override is explicitly approved.
AL,Columbiana Zip Market,35051,ZIP used within cooldown window.,Do not reuse unless cooldown override is explicitly approved.
AL,Montgomery Zip Market,36105,ZIP used within cooldown window.,Do not reuse unless cooldown override is explicitly approved.
AL,Mobile Zip Market,36618,ZIP used within cooldown window.,Do not reuse unless cooldown override is explicitly approved.
AL,Grand Bay Zip Market,36541,ZIP used within cooldown window.,Do not reuse unless cooldown override is explicitly approved.
AL,Montgomery Zip Market,36110,ZIP used within cooldown window.,Do not reuse unless cooldown override is explicitly approved.
AL,Cropwell Zip Market,35054,ZIP used within cooldown window.,Do not reuse unless cooldown override is explicitly approved.
AL,Bremen Zip Market,35033,ZIP used within cooldown window.,Do not reuse unless cooldown override is explicitly approved.
AL,Pleasant Grove Zip Market,35127,ZIP used within cooldown window.,Do not reuse unless cooldown override is explicitly approved.
AL,Huntsville Zip Market,35816,ZIP used within cooldown window.,Do not reuse unless cooldown override is explicitly approved.
AL,Fairfield Zip Market,35064,ZIP used within cooldown window.,Do not reuse unless cooldown override is explicitly approved.
AL,Birmingham Zip Market,35222,ZIP used within cooldown window.,Do not reuse unless cooldown override is explicitly approved.
AL,Summerdale Zip Market,36580,ZIP used within cooldown window.,Do not reuse unless cooldown override is explicitly approved.
AL,Scottsboro Zip Market,35768,ZIP used within cooldown window.,Do not reuse unless cooldown override is explicitly approved.
AL,Russellville Zip Market,35653,ZIP used within cooldown window.,Do not reuse unless cooldown override is explicitly approved.
AL,Dora Zip Market,35062,ZIP used within cooldown window.,Do not reuse unless cooldown override is explicitly approved.
AL,Mobile Zip Market,36619,ZIP used within cooldown window.,Do not reuse unless cooldown override is explicitly approved.
AL,Birmingham Zip Market,35203,ZIP used within cooldown window.,Do not reuse unless cooldown override is explicitly approved.
AL,Kimberly Zip Market,35091,ZIP used within cooldown window.,Do not reuse unless cooldown override is explicitly approved.
AL,Atmore Zip Market,36502,ZIP used within cooldown window.,Do not reuse unless cooldown override is explicitly approved.
AL,Clanton Zip Market,35046,ZIP used within cooldown window.,Do not reuse unless cooldown override is explicitly approved.
AL,Birmingham Zip Market,35224,ZIP used within cooldown window.,Do not reuse unless cooldown override is explicitly approved.
AL,Sterrett Zip Market,35147,ZIP used within cooldown window.,Do not reuse unless cooldown override is explicitly approved.
AL,Athens Zip Market,35614,ZIP used within cooldown window.,Do not reuse unless cooldown override is explicitly approved.
AL,Grant Zip Market,35747,ZIP used within cooldown window.,Do not reuse unless cooldown override is explicitly approved.
AL,Silverhill Zip Market,36576,ZIP used within cooldown window.,Do not reuse unless cooldown override is explicitly approved.
AL,Hayden Zip Market,35079,ZIP used within cooldown window.,Do not reuse unless cooldown override is explicitly approved.
AL,Birmingham Zip Market,35204,ZIP used within cooldown window.,Do not reuse unless cooldown override is explicitly approved.
AL,Montgomery Zip Market,36104,ZIP used within cooldown window.,Do not reuse unless cooldown override is explicitly approved.
AL,Elkmont Zip Market,35620,ZIP used within cooldown window.,Do not reuse unless cooldown override is explicitly approved.
AL,Greenville Zip Market,36037,ZIP used within cooldown window.,Do not reuse unless cooldown override is explicitly approved.
AL,Cherokee Zip Market,35616,ZIP used within cooldown window.,Do not reuse unless cooldown override is explicitly approved.
AL,Fultondale Zip Market,35068,ZIP used within cooldown window.,Do not reuse unless cooldown override is explicitly approved.
AL,Jemison Zip Market,35085,ZIP used within cooldown window.,Do not reuse unless cooldown override is explicitly approved.
AL,Mount Olive Zip Market,35117,ZIP used within cooldown window.,Do not reuse unless cooldown override is explicitly approved.
AL,Childersburg Zip Market,35044,ZIP used within cooldown window.,Do not reuse unless cooldown override is explicitly approved.
AL,Morris Zip Market,35116,ZIP used within cooldown window.,Do not reuse unless cooldown override is explicitly approved.
AL,Birmingham Zip Market,35223,ZIP used within cooldown window.,Do not reuse unless cooldown override is explicitly approved.
AL,Birmingham Zip Market,35218,ZIP used within cooldown window.,Do not reuse unless cooldown override is explicitly approved.
AL,Citronelle Zip Market,36522,ZIP used within cooldown window.,Do not reuse unless cooldown override is explicitly approved.
AL,Adamsville Zip Market,35005,ZIP used within cooldown window.,Do not reuse unless cooldown override is explicitly approved.
AL,Jackson Zip Market,36545,ZIP used within cooldown window.,Do not reuse unless cooldown override is explicitly approved.
AL,Wilsonville Zip Market,35186,ZIP used within cooldown window.,Do not reuse unless cooldown override is explicitly approved.
AL,Ardmore Zip Market,35739,ZIP used within cooldown window.,Do not reuse unless cooldown override is explicitly approved.
AL,Russellville Zip Market,35654,ZIP used within cooldown window.,Do not reuse unless cooldown override is explicitly approved.
AL,Vinemont Zip Market,35179,ZIP used within cooldown window.,Do not reuse unless cooldown override is explicitly approved.
AL,Mobile Zip Market,36610,ZIP used within cooldown window.,Do not reuse unless cooldown override is explicitly approved.
AL,Pell City Zip Market,35125,ZIP used within cooldown window.,Do not reuse unless cooldown override is explicitly approved.
AL,Irvington Zip Market,36544,ZIP used within cooldown window.,Do not reuse unless cooldown override is explicitly approved.
AL,Birmingham Zip Market,35207,ZIP used within cooldown window.,Do not reuse unless cooldown override is explicitly approved.
AL,Alabaster Zip Market,35114,ZIP used within cooldown window.,Do not reuse unless cooldown override is explicitly approved.
AL,Mobile Zip Market,36607,ZIP used within cooldown window.,Do not reuse unless cooldown override is explicitly approved.
AL,Sylacauga Zip Market,35151,ZIP used within cooldown window.,Do not reuse unless cooldown override is explicitly approved.
AL,Millbrook Zip Market,36054,ZIP used within cooldown window.,Do not reuse unless cooldown override is explicitly approved.
AL,Mobile Zip Market,36611,ZIP used within cooldown window.,Do not reuse unless cooldown override is explicitly approved.
AL,Blountsville Zip Market,35031,ZIP used within cooldown window.,Do not reuse unless cooldown override is explicitly approved.
AL,Union Grove Zip Market,35175,ZIP used within cooldown window.,Do not reuse unless cooldown override is explicitly approved.
AL,Birmingham Zip Market,35234,ZIP used within cooldown window.,Do not reuse unless cooldown override is explicitly approved.
AL,Holly Pond Zip Market,35083,ZIP used within cooldown window.,Do not reuse unless cooldown override is explicitly approved.
AL,Eight Mile Zip Market,36613,ZIP used within cooldown window.,Do not reuse unless cooldown override is explicitly approved.
AL,Birmingham Zip Market,35213,ZIP used within cooldown window.,Do not reuse unless cooldown override is explicitly approved.
AL,Mobile Zip Market,36603,ZIP used within cooldown window.,Do not reuse unless cooldown override is explicitly approved.
AL,Trinity Zip Market,35673,ZIP used within cooldown window.,Do not reuse unless cooldown override is explicitly approved.
AL,Wilmer Zip Market,36587,ZIP used within cooldown window.,Do not reuse unless cooldown override is explicitly approved.
AL,Brownsboro Zip Market,35741,ZIP used within cooldown window.,Do not reuse unless cooldown override is explicitly approved.
AL,Birmingham Zip Market,35221,ZIP used within cooldown window.,Do not reuse unless cooldown override is explicitly approved.
AL,Remlap Zip Market,35133,ZIP used within cooldown window.,Do not reuse unless cooldown override is explicitly approved.
AL,Satsuma Zip Market,36572,ZIP used within cooldown window.,Do not reuse unless cooldown override is explicitly approved.
AL,Somerville Zip Market,35670,ZIP used within cooldown window.,Do not reuse unless cooldown override is explicitly approved.
AL,Quinton Zip Market,35130,ZIP used within cooldown window.,Do not reuse unless cooldown override is explicitly approved.
AL,Leighton Zip Market,35646,ZIP used within cooldown window.,Do not reuse unless cooldown override is explicitly approved.
AL,Town Creek Zip Market,35672,ZIP used within cooldown window.,Do not reuse unless cooldown override is explicitly approved.
AL,Mobile Zip Market,36617,ZIP used within cooldown window.,Do not reuse unless cooldown override is explicitly approved.
AL,Mulga Zip Market,35118,ZIP used within cooldown window.,Do not reuse unless cooldown override is explicitly approved.
AL,New Hope Zip Market,35760,ZIP used within cooldown window.,Do not reuse unless cooldown override is explicitly approved.
FL,North Miami Beach Zip Market,33160,ZIP used within cooldown window.,Do not reuse unless cooldown override is explicitly approved.
FL,Kissimmee Zip Market,34747,ZIP used within cooldown window.,Do not reuse unless cooldown override is explicitly approved.
FL,Hallandale Zip Market,33009,ZIP used within cooldown window.,Do not reuse unless cooldown override is explicitly approved.
FL,Miami Beach Zip Market,33139,ZIP used within cooldown window.,Do not reuse unless cooldown override is explicitly approved.
FL,Miami Zip Market,33180,ZIP used within cooldown window.,Do not reuse unless cooldown override is explicitly approved.
FL,Miami Zip Market,33131,ZIP used within cooldown window.,Do not reuse unless cooldown override is explicitly approved.
FL,Kissimmee Zip Market,34746,ZIP used within cooldown window.,Do not reuse unless cooldown override is explicitly approved.
FL,Miami Zip Market,33132,ZIP used within cooldown window.,Do not reuse unless cooldown override is explicitly approved.
FL,Cape Coral Zip Market,33993,ZIP used within cooldown window.,Do not reuse unless cooldown override is explicitly approved.
FL,Fort Myers Zip Market,33908,ZIP used within cooldown window.,Do not reuse unless cooldown override is explicitly approved.
FL,Winter Garden Zip Market,34787,ZIP used within cooldown window.,Do not reuse unless cooldown override is explicitly approved.
FL,Fort Lauderdale Zip Market,33319,ZIP used within cooldown window.,Do not reuse unless cooldown override is explicitly approved.
FL,Hollywood Zip Market,33019,ZIP used within cooldown window.,Do not reuse unless cooldown override is explicitly approved.
FL,Pompano Beach Zip Market,33062,ZIP used within cooldown window.,Do not reuse unless cooldown override is explicitly approved.
FL,Miami Zip Market,33137,ZIP used within cooldown window.,Do not reuse unless cooldown override is explicitly approved.
FL,Cape Coral Zip Market,33914,ZIP used within cooldown window.,Do not reuse unless cooldown override is explicitly approved.
FL,Fort Lauderdale Zip Market,33308,ZIP used within cooldown window.,Do not reuse unless cooldown override is explicitly approved.
FL,Miami Beach Zip Market,33141,ZIP used within cooldown window.,Do not reuse unless cooldown override is explicitly approved.
FL,Miami Zip Market,33130,ZIP used within cooldown window.,Do not reuse unless cooldown override is explicitly approved.
FL,Miami Beach Zip Market,33140,ZIP used within cooldown window.,Do not reuse unless cooldown override is explicitly approved.
FL,Fernandina Beach Zip Market,32034,ZIP used within cooldown window.,Do not reuse unless cooldown override is explicitly approved.
FL,Fort Lauderdale Zip Market,33304,ZIP used within cooldown window.,Do not reuse unless cooldown override is explicitly approved.
FL,Fort Lauderdale Zip Market,33313,ZIP used within cooldown window.,Do not reuse unless cooldown override is explicitly approved.
FL,Venice Zip Market,34293,ZIP used within cooldown window.,Do not reuse unless cooldown override is explicitly approved.
FL,Cape Coral Zip Market,33904,ZIP used within cooldown window.,Do not reuse unless cooldown override is explicitly approved.
FL,Miami Zip Market,33179,ZIP used within cooldown window.,Do not reuse unless cooldown override is explicitly approved.
FL,Hollywood Zip Market,33027,ZIP used within cooldown window.,Do not reuse unless cooldown override is explicitly approved.
FL,Fort Myers Beach Zip Market,33931,ZIP used within cooldown window.,Do not reuse unless cooldown override is explicitly approved.
FL,Lehigh Acres Zip Market,33974,ZIP used within cooldown window.,Do not reuse unless cooldown override is explicitly approved.
FL,Fort Myers Zip Market,33913,ZIP used within cooldown window.,Do not reuse unless cooldown override is explicitly approved.
FL,Lake Worth Zip Market,33467,ZIP used within cooldown window.,Do not reuse unless cooldown override is explicitly approved.
FL,Cape Coral Zip Market,33909,ZIP used within cooldown window.,Do not reuse unless cooldown override is explicitly approved.
FL,Delray Beach Zip Market,33446,ZIP used within cooldown window.,Do not reuse unless cooldown override is explicitly approved.
FL,Fort Lauderdale Zip Market,33321,ZIP used within cooldown window.,Do not reuse unless cooldown override is explicitly approved.
FL,Pompano Beach Zip Market,33063,ZIP used within cooldown window.,Do not reuse unless cooldown override is explicitly approved.
FL,Fort Lauderdale Zip Market,33322,ZIP used within cooldown window.,Do not reuse unless cooldown override is explicitly approved.
FL,West Palm Beach Zip Market,33411,ZIP used within cooldown window.,Do not reuse unless cooldown override is explicitly approved.
FL,Kissimmee Zip Market,34759,ZIP used within cooldown window.,Do not reuse unless cooldown override is explicitly approved.
FL,Miami Beach Zip Market,33154,ZIP used within cooldown window.,Do not reuse unless cooldown override is explicitly approved.
FL,Deerfield Beach Zip Market,33442,ZIP used within cooldown window.,Do not reuse unless cooldown override is explicitly approved.
FL,Saint Petersburg Zip Market,33706,ZIP used within cooldown window.,Do not reuse unless cooldown override is explicitly approved.
FL,Saint Augustine Zip Market,32092,ZIP used within cooldown window.,Do not reuse unless cooldown override is explicitly approved.
FL,Delray Beach Zip Market,33484,ZIP used within cooldown window.,Do not reuse unless cooldown override is explicitly approved.
FL,New Port Richey Zip Market,34652,ZIP used within cooldown window.,Do not reuse unless cooldown override is explicitly approved.
FL,Fort Myers Zip Market,33919,ZIP used within cooldown window.,Do not reuse unless cooldown override is explicitly approved.
FL,Port Charlotte Zip Market,33981,ZIP used within cooldown window.,Do not reuse unless cooldown override is explicitly approved.
FL,Pompano Beach Zip Market,33064,ZIP used within cooldown window.,Do not reuse unless cooldown override is explicitly approved.
FL,Wellington Zip Market,33414,ZIP used within cooldown window.,Do not reuse unless cooldown override is explicitly approved.
FL,Lehigh Acres Zip Market,33971,ZIP used within cooldown window.,Do not reuse unless cooldown override is explicitly approved.
FL,Boynton Beach Zip Market,33435,ZIP used within cooldown window.,Do not reuse unless cooldown override is explicitly approved.
FL,Hollywood Zip Market,33020,ZIP used within cooldown window.,Do not reuse unless cooldown override is explicitly approved.
FL,Parrish Zip Market,34219,ZIP used within cooldown window.,Do not reuse unless cooldown override is explicitly approved.
FL,Punta Gorda Zip Market,33950,ZIP used within cooldown window.,Do not reuse unless cooldown override is explicitly approved.
FL,Saint Cloud Zip Market,34771,ZIP used within cooldown window.,Do not reuse unless cooldown override is explicitly approved.
FL,Hudson Zip Market,34667,ZIP used within cooldown window.,Do not reuse unless cooldown override is explicitly approved.
FL,Saint Augustine Zip Market,32080,ZIP used within cooldown window.,Do not reuse unless cooldown override is explicitly approved.
FL,Homestead Zip Market,33033,ZIP used within cooldown window.,Do not reuse unless cooldown override is explicitly approved.
FL,Hollywood Zip Market,33021,ZIP used within cooldown window.,Do not reuse unless cooldown override is explicitly approved.
FL,Homestead Zip Market,33032,ZIP used within cooldown window.,Do not reuse unless cooldown override is explicitly approved.
FL,Leesburg Zip Market,34748,ZIP used within cooldown window.,Do not reuse unless cooldown override is explicitly approved.
FL,Fort Lauderdale Zip Market,33311,ZIP used within cooldown window.,Do not reuse unless cooldown override is explicitly approved.
FL,Sarasota Zip Market,34236,ZIP used within cooldown window.,Do not reuse unless cooldown override is explicitly approved.
FL,West Palm Beach Zip Market,33417,ZIP used within cooldown window.,Do not reuse unless cooldown override is explicitly approved.
FL,Estero Zip Market,33928,ZIP used within cooldown window.,Do not reuse unless cooldown override is explicitly approved.
FL,Saint Petersburg Zip Market,33708,ZIP used within cooldown window.,Do not reuse unless cooldown override is explicitly approved.
FL,Clermont Zip Market,34711,ZIP used within cooldown window.,Do not reuse unless cooldown override is explicitly approved.
FL,Sun City Center Zip Market,33573,ZIP used within cooldown window.,Do not reuse unless cooldown override is explicitly approved.
FL,Clearwater Beach Zip Market,33767,ZIP used within cooldown window.,Do not reuse unless cooldown override is explicitly approved.
FL,Apollo Beach Zip Market,33572,ZIP used within cooldown window.,Do not reuse unless cooldown override is explicitly approved.
FL,Palm Beach Gardens Zip Market,33418,ZIP used within cooldown window.,Do not reuse unless cooldown override is explicitly approved.
FL,Fort Lauderdale Zip Market,33301,ZIP used within cooldown window.,Do not reuse unless cooldown override is explicitly approved.
FL,Saint Johns Zip Market,32259,ZIP used within cooldown window.,Do not reuse unless cooldown override is explicitly approved.
FL,Bradenton Zip Market,34211,ZIP used within cooldown window.,Do not reuse unless cooldown override is explicitly approved.
FL,Saint Augustine Zip Market,32084,ZIP used within cooldown window.,Do not reuse unless cooldown override is explicitly approved.
FL,Sarasota Zip Market,34242,ZIP used within cooldown window.,Do not reuse unless cooldown override is explicitly approved.
FL,West Palm Beach Zip Market,33404,ZIP used within cooldown window.,Do not reuse unless cooldown override is explicitly approved.
FL,Boynton Beach Zip Market,33437,ZIP used within cooldown window.,Do not reuse unless cooldown override is explicitly approved.
FL,Pompano Beach Zip Market,33069,ZIP used within cooldown window.,Do not reuse unless cooldown override is explicitly approved.
FL,West Palm Beach Zip Market,33401,ZIP used within cooldown window.,Do not reuse unless cooldown override is explicitly approved.
FL,Boca Raton Zip Market,33432,ZIP used within cooldown window.,Do not reuse unless cooldown override is explicitly approved.
FL,Miami Zip Market,33178,ZIP used within cooldown window.,Do not reuse unless cooldown override is explicitly approved.
FL,Loxahatchee Zip Market,33470,ZIP used within cooldown window.,Do not reuse unless cooldown override is explicitly approved.
FL,Port Richey Zip Market,34668,ZIP used within cooldown window.,Do not reuse unless cooldown override is explicitly approved.
FL,Palmetto Zip Market,34221,ZIP used within cooldown window.,Do not reuse unless cooldown override is explicitly approved.
FL,Sanibel Zip Market,33957,ZIP used within cooldown window.,Do not reuse unless cooldown override is explicitly approved.
FL,Lehigh Acres Zip Market,33972,ZIP used within cooldown window.,Do not reuse unless cooldown override is explicitly approved.
FL,Saint Petersburg Zip Market,33707,ZIP used within cooldown window.,Do not reuse unless cooldown override is explicitly approved.
FL,Saint Cloud Zip Market,34772,ZIP used within cooldown window.,Do not reuse unless cooldown override is explicitly approved.
FL,Hollywood Zip Market,33025,ZIP used within cooldown window.,Do not reuse unless cooldown override is explicitly approved.
FL,Palm Beach Zip Market,33480,ZIP used within cooldown window.,Do not reuse unless cooldown override is explicitly approved.
FL,Port Charlotte Zip Market,33952,ZIP used within cooldown window.,Do not reuse unless cooldown override is explicitly approved.
FL,Boca Raton Zip Market,33433,ZIP used within cooldown window.,Do not reuse unless cooldown override is explicitly approved.
FL,Key West Zip Market,33040,ZIP used within cooldown window.,Do not reuse unless cooldown override is explicitly approved.
FL,Bradenton Zip Market,34209,ZIP used within cooldown window.,Do not reuse unless cooldown override is explicitly approved.
FL,Fort Lauderdale Zip Market,33316,ZIP used within cooldown window.,Do not reuse unless cooldown override is explicitly approved.
FL,Cape Coral Zip Market,33991,ZIP used within cooldown window.,Do not reuse unless cooldown override is explicitly approved.
FL,Riverview Zip Market,33578,ZIP used within cooldown window.,Do not reuse unless cooldown override is explicitly approved.
FL,North Fort Myers Zip Market,33917,ZIP used within cooldown window.,Do not reuse unless cooldown override is explicitly approved.
FL,Riverview Zip Market,33579,ZIP used within cooldown window.,Do not reuse unless cooldown override is explicitly approved.
FL,Miami Zip Market,33133,ZIP used within cooldown window.,Do not reuse unless cooldown override is explicitly approved.
FL,Kissimmee Zip Market,34744,ZIP used within cooldown window.,Do not reuse unless cooldown override is explicitly approved.
FL,North Palm Beach Zip Market,33408,ZIP used within cooldown window.,Do not reuse unless cooldown override is explicitly approved.
FL,Tampa Zip Market,33647,ZIP used within cooldown window.,Do not reuse unless cooldown override is explicitly approved.
FL,Miami Zip Market,33181,ZIP used within cooldown window.,Do not reuse unless cooldown override is explicitly approved.
FL,Fort Lauderdale Zip Market,33324,ZIP used within cooldown window.,Do not reuse unless cooldown override is explicitly approved.
FL,Longboat Key Zip Market,34228,ZIP used within cooldown window.,Do not reuse unless cooldown override is explicitly approved.
FL,Wesley Chapel Zip Market,33543,ZIP used within cooldown window.,Do not reuse unless cooldown override is explicitly approved.
FL,Fort Myers Zip Market,33905,ZIP used within cooldown window.,Do not reuse unless cooldown override is explicitly approved.
FL,Lehigh Acres Zip Market,33976,ZIP used within cooldown window.,Do not reuse unless cooldown override is explicitly approved.
FL,Spring Hill Zip Market,34609,ZIP used within cooldown window.,Do not reuse unless cooldown override is explicitly approved.
FL,Labelle Zip Market,33935,ZIP used within cooldown window.,Do not reuse unless cooldown override is explicitly approved.
FL,Saint Petersburg Zip Market,33703,ZIP used within cooldown window.,Do not reuse unless cooldown override is explicitly approved.
FL,Green Cove Springs Zip Market,32043,ZIP used within cooldown window.,Do not reuse unless cooldown override is explicitly approved.
FL,Miami Zip Market,33156,ZIP used within cooldown window.,Do not reuse unless cooldown override is explicitly approved.
FL,Dunedin Zip Market,34698,ZIP used within cooldown window.,Do not reuse unless cooldown override is explicitly approved.
FL,Titusville Zip Market,32780,ZIP used within cooldown window.,Do not reuse unless cooldown override is explicitly approved.
FL,Sanford Zip Market,32771,ZIP used within cooldown window.,Do not reuse unless cooldown override is explicitly approved.
FL,Lehigh Acres Zip Market,33936,ZIP used within cooldown window.,Do not reuse unless cooldown override is explicitly approved.
FL,Apopka Zip Market,32712,ZIP used within cooldown window.,Do not reuse unless cooldown override is explicitly approved.
FL,Sarasota Zip Market,34231,ZIP used within cooldown window.,Do not reuse unless cooldown override is explicitly approved.
FL,Boca Raton Zip Market,33434,ZIP used within cooldown window.,Do not reuse unless cooldown override is explicitly approved.
FL,Punta Gorda Zip Market,33955,ZIP used within cooldown window.,Do not reuse unless cooldown override is explicitly approved.
FL,Englewood Zip Market,34223,ZIP used within cooldown window.,Do not reuse unless cooldown override is explicitly approved.
FL,Jacksonville Zip Market,32218,ZIP used within cooldown window.,Do not reuse unless cooldown override is explicitly approved.
FL,Key Largo Zip Market,33037,ZIP used within cooldown window.,Do not reuse unless cooldown override is explicitly approved.
FL,Homestead Zip Market,33035,ZIP used within cooldown window.,Do not reuse unless cooldown override is explicitly approved.
FL,Coral Springs Zip Market,33065,ZIP used within cooldown window.,Do not reuse unless cooldown override is explicitly approved.
FL,Marathon Zip Market,33050,ZIP used within cooldown window.,Do not reuse unless cooldown override is explicitly approved.
FL,Sarasota Zip Market,34238,ZIP used within cooldown window.,Do not reuse unless cooldown override is explicitly approved.
FL,Pompano Beach Zip Market,33066,ZIP used within cooldown window.,Do not reuse unless cooldown override is explicitly approved.
FL,Bradenton Zip Market,34210,ZIP used within cooldown window.,Do not reuse unless cooldown override is explicitly approved.
FL,Delray Beach Zip Market,33445,ZIP used within cooldown window.,Do not reuse unless cooldown override is explicitly approved.
FL,Wesley Chapel Zip Market,33545,ZIP used within cooldown window.,Do not reuse unless cooldown override is explicitly approved.
FL,Boca Raton Zip Market,33487,ZIP used within cooldown window.,Do not reuse unless cooldown override is explicitly approved.
FL,Mount Dora Zip Market,32757,ZIP used within cooldown window.,Do not reuse unless cooldown override is explicitly approved.
FL,Orlando Zip Market,32835,ZIP used within cooldown window.,Do not reuse unless cooldown override is explicitly approved.
FL,Deland Zip Market,32724,ZIP used within cooldown window.,Do not reuse unless cooldown override is explicitly approved.
FL,Miami Zip Market,33157,ZIP used within cooldown window.,Do not reuse unless cooldown override is explicitly approved.
FL,Boynton Beach Zip Market,33436,ZIP used within cooldown window.,Do not reuse unless cooldown override is explicitly approved.
FL,Miami Zip Market,33138,ZIP used within cooldown window.,Do not reuse unless cooldown override is explicitly approved.
FL,Middleburg Zip Market,32068,ZIP used within cooldown window.,Do not reuse unless cooldown override is explicitly approved.
FL,Windermere Zip Market,34786,ZIP used within cooldown window.,Do not reuse unless cooldown override is explicitly approved.
FL,Kissimmee Zip Market,34758,ZIP used within cooldown window.,Do not reuse unless cooldown override is explicitly approved.
FL,Lake Worth Zip Market,33463,ZIP used within cooldown window.,Do not reuse unless cooldown override is explicitly approved.
FL,Jacksonville Zip Market,32210,ZIP used within cooldown window.,Do not reuse unless cooldown override is explicitly approved.
FL,Jacksonville Zip Market,32256,ZIP used within cooldown window.,Do not reuse unless cooldown override is explicitly approved.
FL,Saint Petersburg Zip Market,33715,ZIP used within cooldown window.,Do not reuse unless cooldown override is explicitly approved.
FL,Ruskin Zip Market,33570,ZIP used within cooldown window.,Do not reuse unless cooldown override is explicitly approved.
FL,New Port Richey Zip Market,34655,ZIP used within cooldown window.,Do not reuse unless cooldown override is explicitly approved.
FL,Fort Lauderdale Zip Market,33309,ZIP used within cooldown window.,Do not reuse unless cooldown override is explicitly approved.
FL,Clermont Zip Market,34714,ZIP used within cooldown window.,Do not reuse unless cooldown override is explicitly approved.
FL,Pompano Beach Zip Market,33068,ZIP used within cooldown window.,Do not reuse unless cooldown override is explicitly approved.
FL,Kissimmee Zip Market,34741,ZIP used within cooldown window.,Do not reuse unless cooldown override is explicitly approved.
FL,Clearwater Zip Market,33756,ZIP used within cooldown window.,Do not reuse unless cooldown override is explicitly approved.
FL,Wimauma Zip Market,33598,ZIP used within cooldown window.,Do not reuse unless cooldown override is explicitly approved.
FL,Fort Lauderdale Zip Market,33312,ZIP used within cooldown window.,Do not reuse unless cooldown override is explicitly approved.
FL,Tampa Zip Market,33611,ZIP used within cooldown window.,Do not reuse unless cooldown override is explicitly approved.
FL,Jacksonville Zip Market,32209,ZIP used within cooldown window.,Do not reuse unless cooldown override is explicitly approved.
FL,Bradenton Beach Zip Market,34217,ZIP used within cooldown window.,Do not reuse unless cooldown override is explicitly approved.
FL,West Palm Beach Zip Market,33415,ZIP used within cooldown window.,Do not reuse unless cooldown override is explicitly approved.
FL,Hollywood Zip Market,33024,ZIP used within cooldown window.,Do not reuse unless cooldown override is explicitly approved.
FL,Tampa Zip Market,33615,ZIP used within cooldown window.,Do not reuse unless cooldown override is explicitly approved.
FL,Rotonda West Zip Market,33947,ZIP used within cooldown window.,Do not reuse unless cooldown override is explicitly approved.
FL,Homestead Zip Market,33034,ZIP used within cooldown window.,Do not reuse unless cooldown override is explicitly approved.
FL,Orlando Zip Market,32832,ZIP used within cooldown window.,Do not reuse unless cooldown override is explicitly approved.
FL,Lake Worth Zip Market,33461,ZIP used within cooldown window.,Do not reuse unless cooldown override is explicitly approved.
FL,North Port Zip Market,34287,ZIP used within cooldown window.,Do not reuse unless cooldown override is explicitly approved.
FL,Pompano Beach Zip Market,33060,ZIP used within cooldown window.,Do not reuse unless cooldown override is explicitly approved.
FL,Ponte Vedra Beach Zip Market,32082,ZIP used within cooldown window.,Do not reuse unless cooldown override is explicitly approved.
FL,Bradenton Zip Market,34202,ZIP used within cooldown window.,Do not reuse unless cooldown override is explicitly approved.
FL,Saint Petersburg Zip Market,33701,ZIP used within cooldown window.,Do not reuse unless cooldown override is explicitly approved.
FL,Fort Lauderdale Zip Market,33326,ZIP used within cooldown window.,Do not reuse unless cooldown override is explicitly approved.
FL,Fort Myers Zip Market,33907,ZIP used within cooldown window.,Do not reuse unless cooldown override is explicitly approved.
FL,North Port Zip Market,34288,ZIP used within cooldown window.,Do not reuse unless cooldown override is explicitly approved.
FL,Venice Zip Market,34285,ZIP used within cooldown window.,Do not reuse unless cooldown override is explicitly approved.
FL,Fort Lauderdale Zip Market,33334,ZIP used within cooldown window.,Do not reuse unless cooldown override is explicitly approved.
FL,Nokomis Zip Market,34275,ZIP used within cooldown window.,Do not reuse unless cooldown override is explicitly approved.
FL,Tarpon Springs Zip Market,34689,ZIP used within cooldown window.,Do not reuse unless cooldown override is explicitly approved.
FL,Jupiter Zip Market,33477,ZIP used within cooldown window.,Do not reuse unless cooldown override is explicitly approved.
FL,Jacksonville Zip Market,32244,ZIP used within cooldown window.,Do not reuse unless cooldown override is explicitly approved.
FL,Land O Lakes Zip Market,34638,ZIP used within cooldown window.,Do not reuse unless cooldown override is explicitly approved.
FL,North Port Zip Market,34286,ZIP used within cooldown window.,Do not reuse unless cooldown override is explicitly approved.
FL,Deerfield Beach Zip Market,33441,ZIP used within cooldown window.,Do not reuse unless cooldown override is explicitly approved.
FL,Port Charlotte Zip Market,33948,ZIP used within cooldown window.,Do not reuse unless cooldown override is explicitly approved.
FL,Miami Zip Market,33161,ZIP used within cooldown window.,Do not reuse unless cooldown override is explicitly approved.
FL,Delray Beach Zip Market,33483,ZIP used within cooldown window.,Do not reuse unless cooldown override is explicitly approved.
FL,Palm Harbor Zip Market,34684,ZIP used within cooldown window.,Do not reuse unless cooldown override is explicitly approved.
FL,Orlando Zip Market,32827,ZIP used within cooldown window.,Do not reuse unless cooldown override is explicitly approved.
FL,Saint Augustine Zip Market,32086,ZIP used within cooldown window.,Do not reuse unless cooldown override is explicitly approved.
FL,Orlando Zip Market,32822,ZIP used within cooldown window.,Do not reuse unless cooldown override is explicitly approved.
FL,Orlando Zip Market,32819,ZIP used within cooldown window.,Do not reuse unless cooldown override is explicitly approved.
FL,Odessa Zip Market,33556,ZIP used within cooldown window.,Do not reuse unless cooldown override is explicitly approved.
FL,Punta Gorda Zip Market,33982,ZIP used within cooldown window.,Do not reuse unless cooldown override is explicitly approved.
FL,Saint Petersburg Zip Market,33709,ZIP used within cooldown window.,Do not reuse unless cooldown override is explicitly approved.
FL,Ponte Vedra Zip Market,32081,ZIP used within cooldown window.,Do not reuse unless cooldown override is explicitly approved.
FL,Miami Zip Market,33129,ZIP used within cooldown window.,Do not reuse unless cooldown override is explicitly approved.
FL,Lake Worth Zip Market,33462,ZIP used within cooldown window.,Do not reuse unless cooldown override is explicitly approved.
FL,Clearwater Zip Market,33763,ZIP used within cooldown window.,Do not reuse unless cooldown override is explicitly approved.
FL,Sarasota Zip Market,34243,ZIP used within cooldown window.,Do not reuse unless cooldown override is explicitly approved.
FL,Jacksonville Beach Zip Market,32250,ZIP used within cooldown window.,Do not reuse unless cooldown override is explicitly approved.
FL,Tampa Zip Market,33602,ZIP used within cooldown window.,Do not reuse unless cooldown override is explicitly approved.
FL,Fort Lauderdale Zip Market,33305,ZIP used within cooldown window.,Do not reuse unless cooldown override is explicitly approved.
FL,Orlando Zip Market,32821,ZIP used within cooldown window.,Do not reuse unless cooldown override is explicitly approved.
FL,Cape Coral Zip Market,33990,ZIP used within cooldown window.,Do not reuse unless cooldown override is explicitly approved.
FL,Hialeah Zip Market,33015,ZIP used within cooldown window.,Do not reuse unless cooldown override is explicitly approved.
FL,Palm Beach Gardens Zip Market,33410,ZIP used within cooldown window.,Do not reuse unless cooldown override is explicitly approved.
FL,Saint Petersburg Zip Market,33711,ZIP used within cooldown window.,Do not reuse unless cooldown override is explicitly approved.
FL,Boca Raton Zip Market,33428,ZIP used within cooldown window.,Do not reuse unless cooldown override is explicitly approved.
FL,Deltona Zip Market,32725,ZIP used within cooldown window.,Do not reuse unless cooldown override is explicitly approved.
FL,Jupiter Zip Market,33458,ZIP used within cooldown window.,Do not reuse unless cooldown override is explicitly approved.
FL,Orlando Zip Market,32824,ZIP used within cooldown window.,Do not reuse unless cooldown override is explicitly approved.
FL,North Fort Myers Zip Market,33903,ZIP used within cooldown window.,Do not reuse unless cooldown override is explicitly approved.
FL,Tavares Zip Market,32778,ZIP used within cooldown window.,Do not reuse unless cooldown override is explicitly approved.
FL,Jacksonville Zip Market,32205,ZIP used within cooldown window.,Do not reuse unless cooldown override is explicitly approved.
FL,Boca Raton Zip Market,33496,ZIP used within cooldown window.,Do not reuse unless cooldown override is explicitly approved.
FL,Coral Springs Zip Market,33071,ZIP used within cooldown window.,Do not reuse unless cooldown override is explicitly approved.
FL,Pompano Beach Zip Market,33076,ZIP used within cooldown window.,Do not reuse unless cooldown override is explicitly approved.
FL,Orlando Zip Market,32828,ZIP used within cooldown window.,Do not reuse unless cooldown override is explicitly approved.
FL,Miami Zip Market,33134,ZIP used within cooldown window.,Do not reuse unless cooldown override is explicitly approved.
FL,Tampa Zip Market,33610,ZIP used within cooldown window.,Do not reuse unless cooldown override is explicitly approved.
FL,Saint Augustine Zip Market,32095,ZIP used within cooldown window.,Do not reuse unless cooldown override is explicitly approved.
FL,Bradenton Zip Market,34212,ZIP used within cooldown window.,Do not reuse unless cooldown override is explicitly approved.
FL,Miami Zip Market,33162,ZIP used within cooldown window.,Do not reuse unless cooldown override is explicitly approved.
FL,Fort Myers Zip Market,33901,ZIP used within cooldown window.,Do not reuse unless cooldown override is explicitly approved.
FL,Saint Petersburg Zip Market,33702,ZIP used within cooldown window.,Do not reuse unless cooldown override is explicitly approved.
FL,West Palm Beach Zip Market,33412,ZIP used within cooldown window.,Do not reuse unless cooldown override is explicitly approved.
FL,Tampa Zip Market,33629,ZIP used within cooldown window.,Do not reuse unless cooldown override is explicitly approved.
FL,Placida Zip Market,33946,ZIP used within cooldown window.,Do not reuse unless cooldown override is explicitly approved.
FL,Tampa Zip Market,33604,ZIP used within cooldown window.,Do not reuse unless cooldown override is explicitly approved.
FL,Spring Hill Zip Market,34606,ZIP used within cooldown window.,Do not reuse unless cooldown override is explicitly approved.
FL,Holiday Zip Market,34691,ZIP used within cooldown window.,Do not reuse unless cooldown override is explicitly approved.
FL,West Palm Beach Zip Market,33407,ZIP used within cooldown window.,Do not reuse unless cooldown override is explicitly approved.
FL,Groveland Zip Market,34736,ZIP used within cooldown window.,Do not reuse unless cooldown override is explicitly approved.
FL,Saint Petersburg Zip Market,33705,ZIP used within cooldown window.,Do not reuse unless cooldown override is explicitly approved.
FL,Yulee Zip Market,32097,ZIP used within cooldown window.,Do not reuse unless cooldown override is explicitly approved.
FL,Hollywood Zip Market,33026,ZIP used within cooldown window.,Do not reuse unless cooldown override is explicitly approved.
FL,Miami Zip Market,33176,ZIP used within cooldown window.,Do not reuse unless cooldown override is explicitly approved.
FL,Winter Park Zip Market,32789,ZIP used within cooldown window.,Do not reuse unless cooldown override is explicitly approved.
FL,Boynton Beach Zip Market,33426,ZIP used within cooldown window.,Do not reuse unless cooldown override is explicitly approved.
FL,Port Charlotte Zip Market,33953,ZIP used within cooldown window.,Do not reuse unless cooldown override is explicitly approved.
FL,Oviedo Zip Market,32765,ZIP used within cooldown window.,Do not reuse unless cooldown override is explicitly approved.
FL,Miami Zip Market,33186,ZIP used within cooldown window.,Do not reuse unless cooldown override is explicitly approved.
FL,Miami Zip Market,33169,ZIP used within cooldown window.,Do not reuse unless cooldown override is explicitly approved.
FL,Miami Zip Market,33143,ZIP used within cooldown window.,Do not reuse unless cooldown override is explicitly approved.
FL,Fort Myers Zip Market,33912,ZIP used within cooldown window.,Do not reuse unless cooldown override is explicitly approved.
FL,Indian Rocks Beach Zip Market,33785,ZIP used within cooldown window.,Do not reuse unless cooldown override is explicitly approved.
FL,Orlando Zip Market,32837,ZIP used within cooldown window.,Do not reuse unless cooldown override is explicitly approved.
FL,Bradenton Zip Market,34205,ZIP used within cooldown window.,Do not reuse unless cooldown override is explicitly approved.
FL,Sarasota Zip Market,34239,ZIP used within cooldown window.,Do not reuse unless cooldown override is explicitly approved.
FL,New Port Richey Zip Market,34653,ZIP used within cooldown window.,Do not reuse unless cooldown override is explicitly approved.
FL,Bradenton Zip Market,34203,ZIP used within cooldown window.,Do not reuse unless cooldown override is explicitly approved.
FL,Apopka Zip Market,32703,ZIP used within cooldown window.,Do not reuse unless cooldown override is explicitly approved.
FL,Brandon Zip Market,33511,ZIP used within cooldown window.,Do not reuse unless cooldown override is explicitly approved.
FL,Orlando Zip Market,32839,ZIP used within cooldown window.,Do not reuse unless cooldown override is explicitly approved.
FL,Fort Myers Zip Market,33916,ZIP used within cooldown window.,Do not reuse unless cooldown override is explicitly approved.
FL,Palm Harbor Zip Market,34683,ZIP used within cooldown window.,Do not reuse unless cooldown override is explicitly approved.
FL,Jacksonville Zip Market,32208,ZIP used within cooldown window.,Do not reuse unless cooldown override is explicitly approved.
FL,Bradenton Zip Market,34208,ZIP used within cooldown window.,Do not reuse unless cooldown override is explicitly approved.
FL,Jacksonville Zip Market,32216,ZIP used within cooldown window.,Do not reuse unless cooldown override is explicitly approved.
FL,Fort Lauderdale Zip Market,33315,ZIP used within cooldown window.,Do not reuse unless cooldown override is explicitly approved.
FL,Spring Hill Zip Market,34608,ZIP used within cooldown window.,Do not reuse unless cooldown override is explicitly approved.
FL,Altamonte Springs Zip Market,32714,ZIP used within cooldown window.,Do not reuse unless cooldown override is explicitly approved.
FL,Punta Gorda Zip Market,33980,ZIP used within cooldown window.,Do not reuse unless cooldown override is explicitly approved.
FL,Miami Zip Market,33196,ZIP used within cooldown window.,Do not reuse unless cooldown override is explicitly approved.
FL,Clearwater Zip Market,33764,ZIP used within cooldown window.,Do not reuse unless cooldown override is explicitly approved.
FL,Saint Petersburg Zip Market,33710,ZIP used within cooldown window.,Do not reuse unless cooldown override is explicitly approved.
FL,Tampa Zip Market,33617,ZIP used within cooldown window.,Do not reuse unless cooldown override is explicitly approved.
FL,Punta Gorda Zip Market,33983,ZIP used within cooldown window.,Do not reuse unless cooldown override is explicitly approved.
FL,Jupiter Zip Market,33469,ZIP used within cooldown window.,Do not reuse unless cooldown override is explicitly approved.
FL,Lake Mary Zip Market,32746,ZIP used within cooldown window.,Do not reuse unless cooldown override is explicitly approved.
FL,Dade City Zip Market,33525,ZIP used within cooldown window.,Do not reuse unless cooldown override is explicitly approved.
FL,Homestead Zip Market,33030,ZIP used within cooldown window.,Do not reuse unless cooldown override is explicitly approved.
FL,Orlando Zip Market,32808,ZIP used within cooldown window.,Do not reuse unless cooldown override is explicitly approved.
FL,Hobe Sound Zip Market,33455,ZIP used within cooldown window.,Do not reuse unless cooldown override is explicitly approved.
FL,Brooksville Zip Market,34613,ZIP used within cooldown window.,Do not reuse unless cooldown override is explicitly approved.
FL,Englewood Zip Market,34224,ZIP used within cooldown window.,Do not reuse unless cooldown override is explicitly approved.
FL,Orlando Zip Market,32811,ZIP used within cooldown window.,Do not reuse unless cooldown override is explicitly approved.
FL,Zephyrhills Zip Market,33541,ZIP used within cooldown window.,Do not reuse unless cooldown override is explicitly approved.
FL,Jacksonville Zip Market,32246,ZIP used within cooldown window.,Do not reuse unless cooldown override is explicitly approved.
FL,West Palm Beach Zip Market,33409,ZIP used within cooldown window.,Do not reuse unless cooldown override is explicitly approved.
FL,Fort Lauderdale Zip Market,33317,ZIP used within cooldown window.,Do not reuse unless cooldown override is explicitly approved.
FL,Sarasota Zip Market,34232,ZIP used within cooldown window.,Do not reuse unless cooldown override is explicitly approved.
FL,Hollywood Zip Market,33029,ZIP used within cooldown window.,Do not reuse unless cooldown override is explicitly approved.
FL,Delray Beach Zip Market,33444,ZIP used within cooldown window.,Do not reuse unless cooldown override is explicitly approved.
FL,Oldsmar Zip Market,34677,ZIP used within cooldown window.,Do not reuse unless cooldown override is explicitly approved.
FL,Sarasota Zip Market,34241,ZIP used within cooldown window.,Do not reuse unless cooldown override is explicitly approved.
FL,Hollywood Zip Market,33023,ZIP used within cooldown window.,Do not reuse unless cooldown override is explicitly approved.
FL,Hialeah Zip Market,33018,ZIP used within cooldown window.,Do not reuse unless cooldown override is explicitly approved.
FL,Jacksonville Zip Market,32224,ZIP used within cooldown window.,Do not reuse unless cooldown override is explicitly approved.
FL,Deltona Zip Market,32738,ZIP used within cooldown window.,Do not reuse unless cooldown override is explicitly approved.
FL,Bradenton Zip Market,34207,ZIP used within cooldown window.,Do not reuse unless cooldown override is explicitly approved.
FL,Jacksonville Zip Market,32225,ZIP used within cooldown window.,Do not reuse unless cooldown override is explicitly approved.
FL,Winter Park Zip Market,32792,ZIP used within cooldown window.,Do not reuse unless cooldown override is explicitly approved.
FL,Key Biscayne Zip Market,33149,ZIP used within cooldown window.,Do not reuse unless cooldown override is explicitly approved.
FL,Clearwater Zip Market,33755,ZIP used within cooldown window.,Do not reuse unless cooldown override is explicitly approved.
FL,Deland Zip Market,32720,ZIP used within cooldown window.,Do not reuse unless cooldown override is explicitly approved.
FL,Clermont Zip Market,34715,ZIP used within cooldown window.,Do not reuse unless cooldown override is explicitly approved.
FL,Brooksville Zip Market,34614,ZIP used within cooldown window.,Do not reuse unless cooldown override is explicitly approved.
FL,Miami Zip Market,33166,ZIP used within cooldown window.,Do not reuse unless cooldown override is explicitly approved.
FL,Captiva Zip Market,33924,ZIP used within cooldown window.,Do not reuse unless cooldown override is explicitly approved.
FL,Alva Zip Market,33920,ZIP used within cooldown window.,Do not reuse unless cooldown override is explicitly approved.
FL,Miami Zip Market,33127,ZIP used within cooldown window.,Do not reuse unless cooldown override is explicitly approved.
FL,Ocoee Zip Market,34761,ZIP used within cooldown window.,Do not reuse unless cooldown override is explicitly approved.
FL,Jacksonville Zip Market,32207,ZIP used within cooldown window.,Do not reuse unless cooldown override is explicitly approved.
FL,Hialeah Zip Market,33012,ZIP used within cooldown window.,Do not reuse unless cooldown override is explicitly approved.
FL,Fort Lauderdale Zip Market,33323,ZIP used within cooldown window.,Do not reuse unless cooldown override is explicitly approved.
FL,Winter Springs Zip Market,32708,ZIP used within cooldown window.,Do not reuse unless cooldown override is explicitly approved.
FL,Lutz Zip Market,33558,ZIP used within cooldown window.,Do not reuse unless cooldown override is explicitly approved.
FL,Dania Zip Market,33004,ZIP used within cooldown window.,Do not reuse unless cooldown override is explicitly approved.
FL,Saint Petersburg Zip Market,33713,ZIP used within cooldown window.,Do not reuse unless cooldown override is explicitly approved.
FL,Lithia Zip Market,33547,ZIP used within cooldown window.,Do not reuse unless cooldown override is explicitly approved.
FL,Lake Worth Beach Zip Market,33460,ZIP used within cooldown window.,Do not reuse unless cooldown override is explicitly approved.
FL,Orange Park Zip Market,32065,ZIP used within cooldown window.,Do not reuse unless cooldown override is explicitly approved.
FL,Jacksonville Zip Market,32219,ZIP used within cooldown window.,Do not reuse unless cooldown override is explicitly approved.
FL,Saint Cloud Zip Market,34769,ZIP used within cooldown window.,Do not reuse unless cooldown override is explicitly approved.
FL,Fort Lauderdale Zip Market,33351,ZIP used within cooldown window.,Do not reuse unless cooldown override is explicitly approved.
FL,Sarasota Zip Market,34235,ZIP used within cooldown window.,Do not reuse unless cooldown override is explicitly approved.
FL,Orlando Zip Market,32801,ZIP used within cooldown window.,Do not reuse unless cooldown override is explicitly approved.
FL,Orange Park Zip Market,32073,ZIP used within cooldown window.,Do not reuse unless cooldown override is explicitly approved.
FL,Miami Zip Market,33145,ZIP used within cooldown window.,Do not reuse unless cooldown override is explicitly approved.
FL,Boca Raton Zip Market,33431,ZIP used within cooldown window.,Do not reuse unless cooldown override is explicitly approved.
FL,Brooksville Zip Market,34601,ZIP used within cooldown window.,Do not reuse unless cooldown override is explicitly approved.
FL,Venice Zip Market,34292,ZIP used within cooldown window.,Do not reuse unless cooldown override is explicitly approved.
FL,Orlando Zip Market,32825,ZIP used within cooldown window.,Do not reuse unless cooldown override is explicitly approved.
FL,Jacksonville Zip Market,32258,ZIP used within cooldown window.,Do not reuse unless cooldown override is explicitly approved.
FL,Jacksonville Zip Market,32257,ZIP used within cooldown window.,Do not reuse unless cooldown override is explicitly approved.
FL,Tampa Zip Market,33624,ZIP used within cooldown window.,Do not reuse unless cooldown override is explicitly approved.
FL,Jacksonville Zip Market,32221,ZIP used within cooldown window.,Do not reuse unless cooldown override is explicitly approved.
FL,Valrico Zip Market,33594,ZIP used within cooldown window.,Do not reuse unless cooldown override is explicitly approved.
FL,Tampa Zip Market,33618,ZIP used within cooldown window.,Do not reuse unless cooldown override is explicitly approved.
FL,Debary Zip Market,32713,ZIP used within cooldown window.,Do not reuse unless cooldown override is explicitly approved.
FL,Tampa Zip Market,33612,ZIP used within cooldown window.,Do not reuse unless cooldown override is explicitly approved.
FL,Tampa Zip Market,33626,ZIP used within cooldown window.,Do not reuse unless cooldown override is explicitly approved.
FL,Eustis Zip Market,32726,ZIP used within cooldown window.,Do not reuse unless cooldown override is explicitly approved.
FL,Valrico Zip Market,33596,ZIP used within cooldown window.,Do not reuse unless cooldown override is explicitly approved.
FL,Fleming Island Zip Market,32003,ZIP used within cooldown window.,Do not reuse unless cooldown override is explicitly approved.
FL,Casselberry Zip Market,32707,ZIP used within cooldown window.,Do not reuse unless cooldown override is explicitly approved.
FL,Jacksonville Zip Market,32211,ZIP used within cooldown window.,Do not reuse unless cooldown override is explicitly approved.
GA,Cumming Zip Market,30041,ZIP used within cooldown window.,Do not reuse unless cooldown override is explicitly approved.
GA,Loganville Zip Market,30052,ZIP used within cooldown window.,Do not reuse unless cooldown override is explicitly approved.
GA,Hinesville Zip Market,31313,ZIP used within cooldown window.,Do not reuse unless cooldown override is explicitly approved.
GA,Atlanta Zip Market,30318,ZIP used within cooldown window.,Do not reuse unless cooldown override is explicitly approved.
GA,Cumming Zip Market,30040,ZIP used within cooldown window.,Do not reuse unless cooldown override is explicitly approved.
GA,Suwanee Zip Market,30024,ZIP used within cooldown window.,Do not reuse unless cooldown override is explicitly approved.
GA,Villa Rica Zip Market,30180,ZIP used within cooldown window.,Do not reuse unless cooldown override is explicitly approved.
GA,Grovetown Zip Market,30813,ZIP used within cooldown window.,Do not reuse unless cooldown override is explicitly approved.
GA,Douglasville Zip Market,30135,ZIP used within cooldown window.,Do not reuse unless cooldown override is explicitly approved.
GA,Mcdonough Zip Market,30252,ZIP used within cooldown window.,Do not reuse unless cooldown override is explicitly approved.
GA,Dacula Zip Market,30019,ZIP used within cooldown window.,Do not reuse unless cooldown override is explicitly approved.
GA,Dallas Zip Market,30132,ZIP used within cooldown window.,Do not reuse unless cooldown override is explicitly approved.
GA,Mcdonough Zip Market,30253,ZIP used within cooldown window.,Do not reuse unless cooldown override is explicitly approved.
GA,Acworth Zip Market,30101,ZIP used within cooldown window.,Do not reuse unless cooldown override is explicitly approved.
GA,Jasper Zip Market,30143,ZIP used within cooldown window.,Do not reuse unless cooldown override is explicitly approved.
GA,Canton Zip Market,30114,ZIP used within cooldown window.,Do not reuse unless cooldown override is explicitly approved.
GA,Alpharetta Zip Market,30004,ZIP used within cooldown window.,Do not reuse unless cooldown override is explicitly approved.
GA,Woodstock Zip Market,30188,ZIP used within cooldown window.,Do not reuse unless cooldown override is explicitly approved.
GA,Lawrenceville Zip Market,30043,ZIP used within cooldown window.,Do not reuse unless cooldown override is explicitly approved.
GA,Atlanta Zip Market,30305,ZIP used within cooldown window.,Do not reuse unless cooldown override is explicitly approved.
GA,Newnan Zip Market,30263,ZIP used within cooldown window.,Do not reuse unless cooldown override is explicitly approved.
GA,Canton Zip Market,30115,ZIP used within cooldown window.,Do not reuse unless cooldown override is explicitly approved.
GA,Atlanta Zip Market,30316,ZIP used within cooldown window.,Do not reuse unless cooldown override is explicitly approved.
GA,Powder Springs Zip Market,30127,ZIP used within cooldown window.,Do not reuse unless cooldown override is explicitly approved.
GA,Dallas Zip Market,30157,ZIP used within cooldown window.,Do not reuse unless cooldown override is explicitly approved.
GA,Eatonton Zip Market,31024,ZIP used within cooldown window.,Do not reuse unless cooldown override is explicitly approved.
GA,Lithonia Zip Market,30058,ZIP used within cooldown window.,Do not reuse unless cooldown override is explicitly approved.
GA,Decatur Zip Market,30032,ZIP used within cooldown window.,Do not reuse unless cooldown override is explicitly approved.
GA,Atlanta Zip Market,30309,ZIP used within cooldown window.,Do not reuse unless cooldown override is explicitly approved.
GA,Atlanta Zip Market,30349,ZIP used within cooldown window.,Do not reuse unless cooldown override is explicitly approved.
GA,Covington Zip Market,30014,ZIP used within cooldown window.,Do not reuse unless cooldown override is explicitly approved.
GA,Atlanta Zip Market,30310,ZIP used within cooldown window.,Do not reuse unless cooldown override is explicitly approved.
GA,Evans Zip Market,30809,ZIP used within cooldown window.,Do not reuse unless cooldown override is explicitly approved.
GA,Atlanta Zip Market,30331,ZIP used within cooldown window.,Do not reuse unless cooldown override is explicitly approved.
GA,Stockbridge Zip Market,30281,ZIP used within cooldown window.,Do not reuse unless cooldown override is explicitly approved.
GA,Smyrna Zip Market,30080,ZIP used within cooldown window.,Do not reuse unless cooldown override is explicitly approved.
GA,Ludowici Zip Market,31316,ZIP used within cooldown window.,Do not reuse unless cooldown override is explicitly approved.
GA,Hampton Zip Market,30228,ZIP used within cooldown window.,Do not reuse unless cooldown override is explicitly approved.
GA,Fayetteville Zip Market,30214,ZIP used within cooldown window.,Do not reuse unless cooldown override is explicitly approved.
GA,Atlanta Zip Market,30328,ZIP used within cooldown window.,Do not reuse unless cooldown override is explicitly approved.
GA,Savannah Zip Market,31401,ZIP used within cooldown window.,Do not reuse unless cooldown override is explicitly approved.
GA,Savannah Zip Market,31419,ZIP used within cooldown window.,Do not reuse unless cooldown override is explicitly approved.
GA,Atlanta Zip Market,30308,ZIP used within cooldown window.,Do not reuse unless cooldown override is explicitly approved.
GA,Richmond Hill Zip Market,31324,ZIP used within cooldown window.,Do not reuse unless cooldown override is explicitly approved.
GA,Lawrenceville Zip Market,30044,ZIP used within cooldown window.,Do not reuse unless cooldown override is explicitly approved.
GA,Pooler Zip Market,31322,ZIP used within cooldown window.,Do not reuse unless cooldown override is explicitly approved.
GA,Cumming Zip Market,30028,ZIP used within cooldown window.,Do not reuse unless cooldown override is explicitly approved.
GA,Covington Zip Market,30016,ZIP used within cooldown window.,Do not reuse unless cooldown override is explicitly approved.
GA,Lawrenceville Zip Market,30045,ZIP used within cooldown window.,Do not reuse unless cooldown override is explicitly approved.
GA,Atlanta Zip Market,30319,ZIP used within cooldown window.,Do not reuse unless cooldown override is explicitly approved.
GA,Atlanta Zip Market,30324,ZIP used within cooldown window.,Do not reuse unless cooldown override is explicitly approved.
GA,Cartersville Zip Market,30120,ZIP used within cooldown window.,Do not reuse unless cooldown override is explicitly approved.
GA,Marietta Zip Market,30064,ZIP used within cooldown window.,Do not reuse unless cooldown override is explicitly approved.
GA,Fairburn Zip Market,30213,ZIP used within cooldown window.,Do not reuse unless cooldown override is explicitly approved.
GA,Alpharetta Zip Market,30022,ZIP used within cooldown window.,Do not reuse unless cooldown override is explicitly approved.
GA,Locust Grove Zip Market,30248,ZIP used within cooldown window.,Do not reuse unless cooldown override is explicitly approved.
GA,Decatur Zip Market,30034,ZIP used within cooldown window.,Do not reuse unless cooldown override is explicitly approved.
GA,Marietta Zip Market,30066,ZIP used within cooldown window.,Do not reuse unless cooldown override is explicitly approved.
GA,Milledgeville Zip Market,31061,ZIP used within cooldown window.,Do not reuse unless cooldown override is explicitly approved.
GA,Griffin Zip Market,30223,ZIP used within cooldown window.,Do not reuse unless cooldown override is explicitly approved.
GA,Marietta Zip Market,30062,ZIP used within cooldown window.,Do not reuse unless cooldown override is explicitly approved.
GA,Mableton Zip Market,30126,ZIP used within cooldown window.,Do not reuse unless cooldown override is explicitly approved.
GA,Atlanta Zip Market,30315,ZIP used within cooldown window.,Do not reuse unless cooldown override is explicitly approved.
GA,Augusta Zip Market,30906,ZIP used within cooldown window.,Do not reuse unless cooldown override is explicitly approved.
GA,Lilburn Zip Market,30047,ZIP used within cooldown window.,Do not reuse unless cooldown override is explicitly approved.
GA,Conyers Zip Market,30094,ZIP used within cooldown window.,Do not reuse unless cooldown override is explicitly approved.
GA,Duluth Zip Market,30097,ZIP used within cooldown window.,Do not reuse unless cooldown override is explicitly approved.
GA,Kennesaw Zip Market,30144,ZIP used within cooldown window.,Do not reuse unless cooldown override is explicitly approved.
GA,Roswell Zip Market,30075,ZIP used within cooldown window.,Do not reuse unless cooldown override is explicitly approved.
GA,Augusta Zip Market,30907,ZIP used within cooldown window.,Do not reuse unless cooldown override is explicitly approved.
GA,Rome Zip Market,30161,ZIP used within cooldown window.,Do not reuse unless cooldown override is explicitly approved.
GA,Fayetteville Zip Market,30215,ZIP used within cooldown window.,Do not reuse unless cooldown override is explicitly approved.
GA,Newnan Zip Market,30265,ZIP used within cooldown window.,Do not reuse unless cooldown override is explicitly approved.
GA,Augusta Zip Market,30909,ZIP used within cooldown window.,Do not reuse unless cooldown override is explicitly approved.
GA,Guyton Zip Market,31312,ZIP used within cooldown window.,Do not reuse unless cooldown override is explicitly approved.
GA,Alpharetta Zip Market,30009,ZIP used within cooldown window.,Do not reuse unless cooldown override is explicitly approved.
GA,Snellville Zip Market,30039,ZIP used within cooldown window.,Do not reuse unless cooldown override is explicitly approved.
GA,Atlanta Zip Market,30311,ZIP used within cooldown window.,Do not reuse unless cooldown override is explicitly approved.
GA,Savannah Zip Market,31405,ZIP used within cooldown window.,Do not reuse unless cooldown override is explicitly approved.
GA,Macon Zip Market,31204,ZIP used within cooldown window.,Do not reuse unless cooldown override is explicitly approved.
GA,Peachtree City Zip Market,30269,ZIP used within cooldown window.,Do not reuse unless cooldown override is explicitly approved.
GA,Duluth Zip Market,30096,ZIP used within cooldown window.,Do not reuse unless cooldown override is explicitly approved.
GA,Lithonia Zip Market,30038,ZIP used within cooldown window.,Do not reuse unless cooldown override is explicitly approved.
GA,Douglasville Zip Market,30134,ZIP used within cooldown window.,Do not reuse unless cooldown override is explicitly approved.
GA,Atlanta Zip Market,30314,ZIP used within cooldown window.,Do not reuse unless cooldown override is explicitly approved.
GA,Atlanta Zip Market,30344,ZIP used within cooldown window.,Do not reuse unless cooldown override is explicitly approved.
GA,Atlanta Zip Market,30339,ZIP used within cooldown window.,Do not reuse unless cooldown override is explicitly approved.
GA,Kennesaw Zip Market,30152,ZIP used within cooldown window.,Do not reuse unless cooldown override is explicitly approved.
GA,Jonesboro Zip Market,30238,ZIP used within cooldown window.,Do not reuse unless cooldown override is explicitly approved.
GA,Auburn Zip Market,30011,ZIP used within cooldown window.,Do not reuse unless cooldown override is explicitly approved.
GA,Marietta Zip Market,30067,ZIP used within cooldown window.,Do not reuse unless cooldown override is explicitly approved.
GA,Savannah Zip Market,31404,ZIP used within cooldown window.,Do not reuse unless cooldown override is explicitly approved.
GA,Roswell Zip Market,30076,ZIP used within cooldown window.,Do not reuse unless cooldown override is explicitly approved.
GA,Conyers Zip Market,30013,ZIP used within cooldown window.,Do not reuse unless cooldown override is explicitly approved.
GA,Snellville Zip Market,30078,ZIP used within cooldown window.,Do not reuse unless cooldown override is explicitly approved.
GA,Rome Zip Market,30165,ZIP used within cooldown window.,Do not reuse unless cooldown override is explicitly approved.
GA,Ball Ground Zip Market,30107,ZIP used within cooldown window.,Do not reuse unless cooldown override is explicitly approved.
GA,Conyers Zip Market,30012,ZIP used within cooldown window.,Do not reuse unless cooldown override is explicitly approved.
GA,Jonesboro Zip Market,30236,ZIP used within cooldown window.,Do not reuse unless cooldown override is explicitly approved.
GA,Savannah Zip Market,31410,ZIP used within cooldown window.,Do not reuse unless cooldown override is explicitly approved.
GA,Acworth Zip Market,30102,ZIP used within cooldown window.,Do not reuse unless cooldown override is explicitly approved.
GA,Decatur Zip Market,30033,ZIP used within cooldown window.,Do not reuse unless cooldown override is explicitly approved.
GA,Stone Mountain Zip Market,30087,ZIP used within cooldown window.,Do not reuse unless cooldown override is explicitly approved.
GA,Macon Zip Market,31210,ZIP used within cooldown window.,Do not reuse unless cooldown override is explicitly approved.
GA,Columbus Zip Market,31907,ZIP used within cooldown window.,Do not reuse unless cooldown override is explicitly approved.
GA,Warner Robins Zip Market,31088,ZIP used within cooldown window.,Do not reuse unless cooldown override is explicitly approved.
GA,Atlanta Zip Market,30327,ZIP used within cooldown window.,Do not reuse unless cooldown override is explicitly approved.
GA,Perry Zip Market,31069,ZIP used within cooldown window.,Do not reuse unless cooldown override is explicitly approved.
GA,Rincon Zip Market,31326,ZIP used within cooldown window.,Do not reuse unless cooldown override is explicitly approved.
GA,Carrollton Zip Market,30117,ZIP used within cooldown window.,Do not reuse unless cooldown override is explicitly approved.
GA,Ellenwood Zip Market,30294,ZIP used within cooldown window.,Do not reuse unless cooldown override is explicitly approved.
GA,Columbus Zip Market,31904,ZIP used within cooldown window.,Do not reuse unless cooldown override is explicitly approved.
GA,Stone Mountain Zip Market,30083,ZIP used within cooldown window.,Do not reuse unless cooldown override is explicitly approved.
GA,Woodstock Zip Market,30189,ZIP used within cooldown window.,Do not reuse unless cooldown override is explicitly approved.
GA,Smyrna Zip Market,30082,ZIP used within cooldown window.,Do not reuse unless cooldown override is explicitly approved.
GA,Tucker Zip Market,30084,ZIP used within cooldown window.,Do not reuse unless cooldown override is explicitly approved.
GA,Hephzibah Zip Market,30815,ZIP used within cooldown window.,Do not reuse unless cooldown override is explicitly approved.
GA,Atlanta Zip Market,30312,ZIP used within cooldown window.,Do not reuse unless cooldown override is explicitly approved.
GA,Atlanta Zip Market,30342,ZIP used within cooldown window.,Do not reuse unless cooldown override is explicitly approved.
GA,Jackson Zip Market,30233,ZIP used within cooldown window.,Do not reuse unless cooldown override is explicitly approved.
GA,Senoia Zip Market,30276,ZIP used within cooldown window.,Do not reuse unless cooldown override is explicitly approved.
GA,Tybee Island Zip Market,31328,ZIP used within cooldown window.,Do not reuse unless cooldown override is explicitly approved.
GA,Augusta Zip Market,30904,ZIP used within cooldown window.,Do not reuse unless cooldown override is explicitly approved.
GA,Macon Zip Market,31206,ZIP used within cooldown window.,Do not reuse unless cooldown override is explicitly approved.
GA,Port Wentworth Zip Market,31407,ZIP used within cooldown window.,Do not reuse unless cooldown override is explicitly approved.
GA,Marietta Zip Market,30068,ZIP used within cooldown window.,Do not reuse unless cooldown override is explicitly approved.
GA,Lawrenceville Zip Market,30046,ZIP used within cooldown window.,Do not reuse unless cooldown override is explicitly approved.
GA,Decatur Zip Market,30030,ZIP used within cooldown window.,Do not reuse unless cooldown override is explicitly approved.
GA,Savannah Zip Market,31406,ZIP used within cooldown window.,Do not reuse unless cooldown override is explicitly approved.
GA,Lagrange Zip Market,30240,ZIP used within cooldown window.,Do not reuse unless cooldown override is explicitly approved.
GA,Grayson Zip Market,30017,ZIP used within cooldown window.,Do not reuse unless cooldown override is explicitly approved.
GA,Carrollton Zip Market,30116,ZIP used within cooldown window.,Do not reuse unless cooldown override is explicitly approved.
GA,Thomaston Zip Market,30286,ZIP used within cooldown window.,Do not reuse unless cooldown override is explicitly approved.
GA,Decatur Zip Market,30035,ZIP used within cooldown window.,Do not reuse unless cooldown override is explicitly approved.
GA,Griffin Zip Market,30224,ZIP used within cooldown window.,Do not reuse unless cooldown override is explicitly approved.
GA,Atlanta Zip Market,30306,ZIP used within cooldown window.,Do not reuse unless cooldown override is explicitly approved.
GA,Cartersville Zip Market,30121,ZIP used within cooldown window.,Do not reuse unless cooldown override is explicitly approved.
GA,Marietta Zip Market,30060,ZIP used within cooldown window.,Do not reuse unless cooldown override is explicitly approved.
GA,Alpharetta Zip Market,30005,ZIP used within cooldown window.,Do not reuse unless cooldown override is explicitly approved.
GA,Stone Mountain Zip Market,30088,ZIP used within cooldown window.,Do not reuse unless cooldown override is explicitly approved.
GA,Riverdale Zip Market,30274,ZIP used within cooldown window.,Do not reuse unless cooldown override is explicitly approved.
GA,Atlanta Zip Market,30354,ZIP used within cooldown window.,Do not reuse unless cooldown override is explicitly approved.
GA,Dublin Zip Market,31021,ZIP used within cooldown window.,Do not reuse unless cooldown override is explicitly approved.
GA,Atlanta Zip Market,30341,ZIP used within cooldown window.,Do not reuse unless cooldown override is explicitly approved.
GA,Waleska Zip Market,30183,ZIP used within cooldown window.,Do not reuse unless cooldown override is explicitly approved.
GA,Atlanta Zip Market,30326,ZIP used within cooldown window.,Do not reuse unless cooldown override is explicitly approved.
GA,Midway Zip Market,31320,ZIP used within cooldown window.,Do not reuse unless cooldown override is explicitly approved.
GA,Hiram Zip Market,30141,ZIP used within cooldown window.,Do not reuse unless cooldown override is explicitly approved.
GA,Norcross Zip Market,30093,ZIP used within cooldown window.,Do not reuse unless cooldown override is explicitly approved.
GA,Atlanta Zip Market,30350,ZIP used within cooldown window.,Do not reuse unless cooldown override is explicitly approved.
GA,Bonaire Zip Market,31005,ZIP used within cooldown window.,Do not reuse unless cooldown override is explicitly approved.
GA,Atlanta Zip Market,30317,ZIP used within cooldown window.,Do not reuse unless cooldown override is explicitly approved.
GA,Morrow Zip Market,30260,ZIP used within cooldown window.,Do not reuse unless cooldown override is explicitly approved.
GA,Palmetto Zip Market,30268,ZIP used within cooldown window.,Do not reuse unless cooldown override is explicitly approved.
GA,Atlanta Zip Market,30338,ZIP used within cooldown window.,Do not reuse unless cooldown override is explicitly approved.
GA,Atlanta Zip Market,30363,ZIP used within cooldown window.,Do not reuse unless cooldown override is explicitly approved.
GA,Byron Zip Market,31008,ZIP used within cooldown window.,Do not reuse unless cooldown override is explicitly approved.
GA,Kathleen Zip Market,31047,ZIP used within cooldown window.,Do not reuse unless cooldown override is explicitly approved.
GA,Rockmart Zip Market,30153,ZIP used within cooldown window.,Do not reuse unless cooldown override is explicitly approved.
GA,Lagrange Zip Market,30241,ZIP used within cooldown window.,Do not reuse unless cooldown override is explicitly approved.
GA,Atlanta Zip Market,30307,ZIP used within cooldown window.,Do not reuse unless cooldown override is explicitly approved.
GA,Cordele Zip Market,31015,ZIP used within cooldown window.,Do not reuse unless cooldown override is explicitly approved.
GA,Forsyth Zip Market,31029,ZIP used within cooldown window.,Do not reuse unless cooldown override is explicitly approved.
GA,Atlanta Zip Market,30345,ZIP used within cooldown window.,Do not reuse unless cooldown override is explicitly approved.
GA,Monticello Zip Market,31064,ZIP used within cooldown window.,Do not reuse unless cooldown override is explicitly approved.
GA,Union City Zip Market,30291,ZIP used within cooldown window.,Do not reuse unless cooldown override is explicitly approved.
GA,Peachtree Corners Zip Market,30092,ZIP used within cooldown window.,Do not reuse unless cooldown override is explicitly approved.
GA,Austell Zip Market,30106,ZIP used within cooldown window.,Do not reuse unless cooldown override is explicitly approved.
GA,Marietta Zip Market,30008,ZIP used within cooldown window.,Do not reuse unless cooldown override is explicitly approved.
GA,Sharpsburg Zip Market,30277,ZIP used within cooldown window.,Do not reuse unless cooldown override is explicitly approved.
GA,Townsend Zip Market,31331,ZIP used within cooldown window.,Do not reuse unless cooldown override is explicitly approved.
GA,Temple Zip Market,30179,ZIP used within cooldown window.,Do not reuse unless cooldown override is explicitly approved.
GA,Macon Zip Market,31216,ZIP used within cooldown window.,Do not reuse unless cooldown override is explicitly approved.
GA,Bremen Zip Market,30110,ZIP used within cooldown window.,Do not reuse unless cooldown override is explicitly approved.
GA,Riverdale Zip Market,30296,ZIP used within cooldown window.,Do not reuse unless cooldown override is explicitly approved.
GA,Macon Zip Market,31211,ZIP used within cooldown window.,Do not reuse unless cooldown override is explicitly approved.
GA,Cedartown Zip Market,30125,ZIP used within cooldown window.,Do not reuse unless cooldown override is explicitly approved.
GA,Forest Park Zip Market,30297,ZIP used within cooldown window.,Do not reuse unless cooldown override is explicitly approved.
GA,Thomson Zip Market,30824,ZIP used within cooldown window.,Do not reuse unless cooldown override is explicitly approved.
GA,Social Circle Zip Market,30025,ZIP used within cooldown window.,Do not reuse unless cooldown override is explicitly approved.
GA,Norcross Zip Market,30071,ZIP used within cooldown window.,Do not reuse unless cooldown override is explicitly approved.
GA,Adairsville Zip Market,30103,ZIP used within cooldown window.,Do not reuse unless cooldown override is explicitly approved.
GA,Macon Zip Market,31217,ZIP used within cooldown window.,Do not reuse unless cooldown override is explicitly approved.
GA,Winston Zip Market,30187,ZIP used within cooldown window.,Do not reuse unless cooldown override is explicitly approved.
GA,Warner Robins Zip Market,31093,ZIP used within cooldown window.,Do not reuse unless cooldown override is explicitly approved.
GA,Savannah Zip Market,31411,ZIP used within cooldown window.,Do not reuse unless cooldown override is explicitly approved.
GA,Talking Rock Zip Market,30175,ZIP used within cooldown window.,Do not reuse unless cooldown override is explicitly approved.
GA,Bloomingdale Zip Market,31302,ZIP used within cooldown window.,Do not reuse unless cooldown override is explicitly approved.
GA,Lithia Springs Zip Market,30122,ZIP used within cooldown window.,Do not reuse unless cooldown override is explicitly approved.
GA,Sparta Zip Market,31087,ZIP used within cooldown window.,Do not reuse unless cooldown override is explicitly approved.
GA,Columbus Zip Market,31909,ZIP used within cooldown window.,Do not reuse unless cooldown override is explicitly approved.
GA,Mansfield Zip Market,30055,ZIP used within cooldown window.,Do not reuse unless cooldown override is explicitly approved.
GA,Columbus Zip Market,31903,ZIP used within cooldown window.,Do not reuse unless cooldown override is explicitly approved.
GA,Macon Zip Market,31220,ZIP used within cooldown window.,Do not reuse unless cooldown override is explicitly approved.
GA,Atlanta Zip Market,30340,ZIP used within cooldown window.,Do not reuse unless cooldown override is explicitly approved.
GA,Austell Zip Market,30168,ZIP used within cooldown window.,Do not reuse unless cooldown override is explicitly approved.
GA,Oxford Zip Market,30054,ZIP used within cooldown window.,Do not reuse unless cooldown override is explicitly approved.
GA,Allenhurst Zip Market,31301,ZIP used within cooldown window.,Do not reuse unless cooldown override is explicitly approved.
GA,Atlanta Zip Market,30329,ZIP used within cooldown window.,Do not reuse unless cooldown override is explicitly approved.
GA,Rex Zip Market,30273,ZIP used within cooldown window.,Do not reuse unless cooldown override is explicitly approved.
GA,Atlanta Zip Market,30337,ZIP used within cooldown window.,Do not reuse unless cooldown override is explicitly approved.
GA,Columbus Zip Market,31906,ZIP used within cooldown window.,Do not reuse unless cooldown override is explicitly approved.
GA,Augusta Zip Market,30901,ZIP used within cooldown window.,Do not reuse unless cooldown override is explicitly approved.
GA,Tyrone Zip Market,30290,ZIP used within cooldown window.,Do not reuse unless cooldown override is explicitly approved.
GA,Fort Valley Zip Market,31030,ZIP used within cooldown window.,Do not reuse unless cooldown override is explicitly approved.
GA,Williamson Zip Market,30292,ZIP used within cooldown window.,Do not reuse unless cooldown override is explicitly approved.
GA,Hogansville Zip Market,30230,ZIP used within cooldown window.,Do not reuse unless cooldown override is explicitly approved.
GA,Springfield Zip Market,31329,ZIP used within cooldown window.,Do not reuse unless cooldown override is explicitly approved.
GA,Macon Zip Market,31201,ZIP used within cooldown window.,Do not reuse unless cooldown override is explicitly approved.
GA,Ellabell Zip Market,31308,ZIP used within cooldown window.,Do not reuse unless cooldown override is explicitly approved.
GA,Darien Zip Market,31305,ZIP used within cooldown window.,Do not reuse unless cooldown override is explicitly approved.
GA,Savannah Zip Market,31415,ZIP used within cooldown window.,Do not reuse unless cooldown override is explicitly approved.
GA,Hawkinsville Zip Market,31036,ZIP used within cooldown window.,Do not reuse unless cooldown override is explicitly approved.
GA,Barnesville Zip Market,30204,ZIP used within cooldown window.,Do not reuse unless cooldown override is explicitly approved.
GA,Bowdon Zip Market,30108,ZIP used within cooldown window.,Do not reuse unless cooldown override is explicitly approved.
GA,Lizella Zip Market,31052,ZIP used within cooldown window.,Do not reuse unless cooldown override is explicitly approved.
GA,Kingston Zip Market,30145,ZIP used within cooldown window.,Do not reuse unless cooldown override is explicitly approved.
GA,Lincolnton Zip Market,30817,ZIP used within cooldown window.,Do not reuse unless cooldown override is explicitly approved.
GA,Eastman Zip Market,31023,ZIP used within cooldown window.,Do not reuse unless cooldown override is explicitly approved.
GA,Gray Zip Market,31032,ZIP used within cooldown window.,Do not reuse unless cooldown override is explicitly approved.
GA,Atlanta Zip Market,30360,ZIP used within cooldown window.,Do not reuse unless cooldown override is explicitly approved.
GA,Appling Zip Market,30802,ZIP used within cooldown window.,Do not reuse unless cooldown override is explicitly approved.
GA,Conley Zip Market,30288,ZIP used within cooldown window.,Do not reuse unless cooldown override is explicitly approved.
GA,Atlanta Zip Market,30313,ZIP used within cooldown window.,Do not reuse unless cooldown override is explicitly approved.
GA,Columbus Zip Market,31901,ZIP used within cooldown window.,Do not reuse unless cooldown override is explicitly approved.
GA,Harlem Zip Market,30814,ZIP used within cooldown window.,Do not reuse unless cooldown override is explicitly approved.
GA,Waynesboro Zip Market,30830,ZIP used within cooldown window.,Do not reuse unless cooldown override is explicitly approved.
GA,White Zip Market,30184,ZIP used within cooldown window.,Do not reuse unless cooldown override is explicitly approved.
GA,Rydal Zip Market,30171,ZIP used within cooldown window.,Do not reuse unless cooldown override is explicitly approved.
GA,Tallapoosa Zip Market,30176,ZIP used within cooldown window.,Do not reuse unless cooldown override is explicitly approved.
GA,Clarkston Zip Market,30021,ZIP used within cooldown window.,Do not reuse unless cooldown override is explicitly approved.
GA,Pembroke Zip Market,31321,ZIP used within cooldown window.,Do not reuse unless cooldown override is explicitly approved.
GA,Savannah Zip Market,31408,ZIP used within cooldown window.,Do not reuse unless cooldown override is explicitly approved.
GA,Milner Zip Market,30257,ZIP used within cooldown window.,Do not reuse unless cooldown override is explicitly approved.
GA,Silver Creek Zip Market,30173,ZIP used within cooldown window.,Do not reuse unless cooldown override is explicitly approved.
GA,Scottdale Zip Market,30079,ZIP used within cooldown window.,Do not reuse unless cooldown override is explicitly approved.
GA,Franklin Zip Market,30217,ZIP used within cooldown window.,Do not reuse unless cooldown override is explicitly approved.
MI,Detroit Zip Market,48224,ZIP used within cooldown window.,Do not reuse unless cooldown override is explicitly approved.
MI,Detroit Zip Market,48205,ZIP used within cooldown window.,Do not reuse unless cooldown override is explicitly approved.
MI,Detroit Zip Market,48227,ZIP used within cooldown window.,Do not reuse unless cooldown override is explicitly approved.
MI,Detroit Zip Market,48228,ZIP used within cooldown window.,Do not reuse unless cooldown override is explicitly approved.
MI,Detroit Zip Market,48221,ZIP used within cooldown window.,Do not reuse unless cooldown override is explicitly approved.
MI,Detroit Zip Market,48238,ZIP used within cooldown window.,Do not reuse unless cooldown override is explicitly approved.
MI,Detroit Zip Market,48219,ZIP used within cooldown window.,Do not reuse unless cooldown override is explicitly approved.
MI,Detroit Zip Market,48235,ZIP used within cooldown window.,Do not reuse unless cooldown override is explicitly approved.
MI,Ann Arbor Zip Market,48103,ZIP used within cooldown window.,Do not reuse unless cooldown override is explicitly approved.
MI,Detroit Zip Market,48234,ZIP used within cooldown window.,Do not reuse unless cooldown override is explicitly approved.
MI,South Lyon Zip Market,48178,ZIP used within cooldown window.,Do not reuse unless cooldown override is explicitly approved.
MI,Birmingham Zip Market,48009,ZIP used within cooldown window.,Do not reuse unless cooldown override is explicitly approved.
MI,Grand Blanc Zip Market,48439,ZIP used within cooldown window.,Do not reuse unless cooldown override is explicitly approved.
MI,Macomb Zip Market,48042,ZIP used within cooldown window.,Do not reuse unless cooldown override is explicitly approved.
MI,Royal Oak Zip Market,48067,ZIP used within cooldown window.,Do not reuse unless cooldown override is explicitly approved.
MI,Warren Zip Market,48089,ZIP used within cooldown window.,Do not reuse unless cooldown override is explicitly approved.
MI,Royal Oak Zip Market,48073,ZIP used within cooldown window.,Do not reuse unless cooldown override is explicitly approved.
MI,Howell Zip Market,48843,ZIP used within cooldown window.,Do not reuse unless cooldown override is explicitly approved.
MI,Muskegon Zip Market,49441,ZIP used within cooldown window.,Do not reuse unless cooldown override is explicitly approved.
MI,Highland Park Zip Market,48203,ZIP used within cooldown window.,Do not reuse unless cooldown override is explicitly approved.
MI,Detroit Zip Market,48214,ZIP used within cooldown window.,Do not reuse unless cooldown override is explicitly approved.
MI,Ann Arbor Zip Market,48105,ZIP used within cooldown window.,Do not reuse unless cooldown override is explicitly approved.
MI,Roseville Zip Market,48066,ZIP used within cooldown window.,Do not reuse unless cooldown override is explicitly approved.
MI,East Lansing Zip Market,48823,ZIP used within cooldown window.,Do not reuse unless cooldown override is explicitly approved.
MI,Detroit Zip Market,48204,ZIP used within cooldown window.,Do not reuse unless cooldown override is explicitly approved.
MI,Kalamazoo Zip Market,49009,ZIP used within cooldown window.,Do not reuse unless cooldown override is explicitly approved.
MI,Fenton Zip Market,48430,ZIP used within cooldown window.,Do not reuse unless cooldown override is explicitly approved.
MI,Detroit Zip Market,48213,ZIP used within cooldown window.,Do not reuse unless cooldown override is explicitly approved.
MI,Spring Lake Zip Market,49456,ZIP used within cooldown window.,Do not reuse unless cooldown override is explicitly approved.
MI,Ferndale Zip Market,48220,ZIP used within cooldown window.,Do not reuse unless cooldown override is explicitly approved.
MI,Eastpointe Zip Market,48021,ZIP used within cooldown window.,Do not reuse unless cooldown override is explicitly approved.
MI,Canton Zip Market,48188,ZIP used within cooldown window.,Do not reuse unless cooldown override is explicitly approved.
MI,Holland Zip Market,49424,ZIP used within cooldown window.,Do not reuse unless cooldown override is explicitly approved.
MI,Detroit Zip Market,48223,ZIP used within cooldown window.,Do not reuse unless cooldown override is explicitly approved.
MI,Warren Zip Market,48091,ZIP used within cooldown window.,Do not reuse unless cooldown override is explicitly approved.
MI,Ann Arbor Zip Market,48104,ZIP used within cooldown window.,Do not reuse unless cooldown override is explicitly approved.
MI,Harper Woods Zip Market,48225,ZIP used within cooldown window.,Do not reuse unless cooldown override is explicitly approved.
MI,Harrison Township Zip Market,48045,ZIP used within cooldown window.,Do not reuse unless cooldown override is explicitly approved.
MI,Taylor Zip Market,48180,ZIP used within cooldown window.,Do not reuse unless cooldown override is explicitly approved.
MI,Rockford Zip Market,49341,ZIP used within cooldown window.,Do not reuse unless cooldown override is explicitly approved.
MI,Utica Zip Market,48315,ZIP used within cooldown window.,Do not reuse unless cooldown override is explicitly approved.
MI,Lansing Zip Market,48910,ZIP used within cooldown window.,Do not reuse unless cooldown override is explicitly approved.
MI,Mount Pleasant Zip Market,48858,ZIP used within cooldown window.,Do not reuse unless cooldown override is explicitly approved.
MI,New Baltimore Zip Market,48047,ZIP used within cooldown window.,Do not reuse unless cooldown override is explicitly approved.
MI,Northville Zip Market,48167,ZIP used within cooldown window.,Do not reuse unless cooldown override is explicitly approved.
MI,Port Huron Zip Market,48060,ZIP used within cooldown window.,Do not reuse unless cooldown override is explicitly approved.
MI,West Bloomfield Zip Market,48322,ZIP used within cooldown window.,Do not reuse unless cooldown override is explicitly approved.
MI,Plymouth Zip Market,48170,ZIP used within cooldown window.,Do not reuse unless cooldown override is explicitly approved.
MI,Grand Haven Zip Market,49417,ZIP used within cooldown window.,Do not reuse unless cooldown override is explicitly approved.
MI,Macomb Zip Market,48044,ZIP used within cooldown window.,Do not reuse unless cooldown override is explicitly approved.
MI,Detroit Zip Market,48202,ZIP used within cooldown window.,Do not reuse unless cooldown override is explicitly approved.
MI,Utica Zip Market,48316,ZIP used within cooldown window.,Do not reuse unless cooldown override is explicitly approved.
MI,Ypsilanti Zip Market,48197,ZIP used within cooldown window.,Do not reuse unless cooldown override is explicitly approved.
MI,Rochester Zip Market,48307,ZIP used within cooldown window.,Do not reuse unless cooldown override is explicitly approved.
MI,Detroit Zip Market,48207,ZIP used within cooldown window.,Do not reuse unless cooldown override is explicitly approved.
MI,Saint Clair Shores Zip Market,48080,ZIP used within cooldown window.,Do not reuse unless cooldown override is explicitly approved.
MI,Saline Zip Market,48176,ZIP used within cooldown window.,Do not reuse unless cooldown override is explicitly approved.
MI,Coldwater Zip Market,49036,ZIP used within cooldown window.,Do not reuse unless cooldown override is explicitly approved.
MI,Clinton Township Zip Market,48038,ZIP used within cooldown window.,Do not reuse unless cooldown override is explicitly approved.
MI,Muskegon Zip Market,49442,ZIP used within cooldown window.,Do not reuse unless cooldown override is explicitly approved.
MI,Sterling Heights Zip Market,48312,ZIP used within cooldown window.,Do not reuse unless cooldown override is explicitly approved.
MI,Walled Lake Zip Market,48390,ZIP used within cooldown window.,Do not reuse unless cooldown override is explicitly approved.
MI,Flint Zip Market,48503,ZIP used within cooldown window.,Do not reuse unless cooldown override is explicitly approved.
MI,Clinton Township Zip Market,48035,ZIP used within cooldown window.,Do not reuse unless cooldown override is explicitly approved.
MI,Canton Zip Market,48187,ZIP used within cooldown window.,Do not reuse unless cooldown override is explicitly approved.
MI,Rochester Zip Market,48306,ZIP used within cooldown window.,Do not reuse unless cooldown override is explicitly approved.
MI,West Bloomfield Zip Market,48323,ZIP used within cooldown window.,Do not reuse unless cooldown override is explicitly approved.
MI,Benton Harbor Zip Market,49022,ZIP used within cooldown window.,Do not reuse unless cooldown override is explicitly approved.
MI,Saint Joseph Zip Market,49085,ZIP used within cooldown window.,Do not reuse unless cooldown override is explicitly approved.
MI,Caledonia Zip Market,49316,ZIP used within cooldown window.,Do not reuse unless cooldown override is explicitly approved.
MI,South Haven Zip Market,49090,ZIP used within cooldown window.,Do not reuse unless cooldown override is explicitly approved.
MI,Muskegon Zip Market,49444,ZIP used within cooldown window.,Do not reuse unless cooldown override is explicitly approved.
MI,Detroit Zip Market,48206,ZIP used within cooldown window.,Do not reuse unless cooldown override is explicitly approved.
MI,Flint Zip Market,48504,ZIP used within cooldown window.,Do not reuse unless cooldown override is explicitly approved.
MI,Belleville Zip Market,48111,ZIP used within cooldown window.,Do not reuse unless cooldown override is explicitly approved.
MI,Holland Zip Market,49423,ZIP used within cooldown window.,Do not reuse unless cooldown override is explicitly approved.
MI,Davison Zip Market,48423,ZIP used within cooldown window.,Do not reuse unless cooldown override is explicitly approved.
MI,Flint Zip Market,48507,ZIP used within cooldown window.,Do not reuse unless cooldown override is explicitly approved.
MI,Grand Rapids Zip Market,49503,ZIP used within cooldown window.,Do not reuse unless cooldown override is explicitly approved.
MI,Bloomfield Hills Zip Market,48304,ZIP used within cooldown window.,Do not reuse unless cooldown override is explicitly approved.
MI,Grosse Pointe Zip Market,48236,ZIP used within cooldown window.,Do not reuse unless cooldown override is explicitly approved.
MI,Algonac Zip Market,48001,ZIP used within cooldown window.,Do not reuse unless cooldown override is explicitly approved.
MI,Bloomfield Hills Zip Market,48302,ZIP used within cooldown window.,Do not reuse unless cooldown override is explicitly approved.
MI,Lexington Zip Market,48450,ZIP used within cooldown window.,Do not reuse unless cooldown override is explicitly approved.
MI,Brighton Zip Market,48116,ZIP used within cooldown window.,Do not reuse unless cooldown override is explicitly approved.
MI,Hazel Park Zip Market,48030,ZIP used within cooldown window.,Do not reuse unless cooldown override is explicitly approved.
MI,Portage Zip Market,49024,ZIP used within cooldown window.,Do not reuse unless cooldown override is explicitly approved.
MI,Commerce Township Zip Market,48382,ZIP used within cooldown window.,Do not reuse unless cooldown override is explicitly approved.
MI,Three Rivers Zip Market,49093,ZIP used within cooldown window.,Do not reuse unless cooldown override is explicitly approved.
MI,Trenton Zip Market,48183,ZIP used within cooldown window.,Do not reuse unless cooldown override is explicitly approved.
MI,Dearborn Zip Market,48124,ZIP used within cooldown window.,Do not reuse unless cooldown override is explicitly approved.
MI,Lansing Zip Market,48912,ZIP used within cooldown window.,Do not reuse unless cooldown override is explicitly approved.
MI,Rochester Zip Market,48309,ZIP used within cooldown window.,Do not reuse unless cooldown override is explicitly approved.
MI,Ypsilanti Zip Market,48198,ZIP used within cooldown window.,Do not reuse unless cooldown override is explicitly approved.
MI,Grand Rapids Zip Market,49506,ZIP used within cooldown window.,Do not reuse unless cooldown override is explicitly approved.
MI,Madison Heights Zip Market,48071,ZIP used within cooldown window.,Do not reuse unless cooldown override is explicitly approved.
MI,Washington Zip Market,48094,ZIP used within cooldown window.,Do not reuse unless cooldown override is explicitly approved.
MI,Okemos Zip Market,48864,ZIP used within cooldown window.,Do not reuse unless cooldown override is explicitly approved.
MI,Inkster Zip Market,48141,ZIP used within cooldown window.,Do not reuse unless cooldown override is explicitly approved.
MI,Sterling Heights Zip Market,48310,ZIP used within cooldown window.,Do not reuse unless cooldown override is explicitly approved.
MI,Flint Zip Market,48506,ZIP used within cooldown window.,Do not reuse unless cooldown override is explicitly approved.
MI,Troy Zip Market,48085,ZIP used within cooldown window.,Do not reuse unless cooldown override is explicitly approved.
MI,Hamtramck Zip Market,48212,ZIP used within cooldown window.,Do not reuse unless cooldown override is explicitly approved.
MI,Pinckney Zip Market,48169,ZIP used within cooldown window.,Do not reuse unless cooldown override is explicitly approved.
MI,Westland Zip Market,48186,ZIP used within cooldown window.,Do not reuse unless cooldown override is explicitly approved.
MI,Clarkston Zip Market,48348,ZIP used within cooldown window.,Do not reuse unless cooldown override is explicitly approved.
MI,Redford Zip Market,48239,ZIP used within cooldown window.,Do not reuse unless cooldown override is explicitly approved.
MI,Farmington Zip Market,48336,ZIP used within cooldown window.,Do not reuse unless cooldown override is explicitly approved.
MI,Battle Creek Zip Market,49015,ZIP used within cooldown window.,Do not reuse unless cooldown override is explicitly approved.
MI,Linden Zip Market,48451,ZIP used within cooldown window.,Do not reuse unless cooldown override is explicitly approved.
MI,Hudsonville Zip Market,49426,ZIP used within cooldown window.,Do not reuse unless cooldown override is explicitly approved.
MI,Grand Rapids Zip Market,49507,ZIP used within cooldown window.,Do not reuse unless cooldown override is explicitly approved.
MI,Lapeer Zip Market,48446,ZIP used within cooldown window.,Do not reuse unless cooldown override is explicitly approved.
MI,Marshall Zip Market,49068,ZIP used within cooldown window.,Do not reuse unless cooldown override is explicitly approved.
MI,Ludington Zip Market,49431,ZIP used within cooldown window.,Do not reuse unless cooldown override is explicitly approved.
MI,White Lake Zip Market,48386,ZIP used within cooldown window.,Do not reuse unless cooldown override is explicitly approved.
MI,Westland Zip Market,48185,ZIP used within cooldown window.,Do not reuse unless cooldown override is explicitly approved.
MI,Owosso Zip Market,48867,ZIP used within cooldown window.,Do not reuse unless cooldown override is explicitly approved.
MI,Lincoln Park Zip Market,48146,ZIP used within cooldown window.,Do not reuse unless cooldown override is explicitly approved.
MI,Ann Arbor Zip Market,48108,ZIP used within cooldown window.,Do not reuse unless cooldown override is explicitly approved.
MI,West Bloomfield Zip Market,48324,ZIP used within cooldown window.,Do not reuse unless cooldown override is explicitly approved.
MI,Stanwood Zip Market,49346,ZIP used within cooldown window.,Do not reuse unless cooldown override is explicitly approved.
MI,Waterford Zip Market,48328,ZIP used within cooldown window.,Do not reuse unless cooldown override is explicitly approved.
MI,Flushing Zip Market,48433,ZIP used within cooldown window.,Do not reuse unless cooldown override is explicitly approved.
MI,Saint Clair Shores Zip Market,48082,ZIP used within cooldown window.,Do not reuse unless cooldown override is explicitly approved.
MI,Southfield Zip Market,48075,ZIP used within cooldown window.,Do not reuse unless cooldown override is explicitly approved.
MI,Lansing Zip Market,48906,ZIP used within cooldown window.,Do not reuse unless cooldown override is explicitly approved.
MI,Dowagiac Zip Market,49047,ZIP used within cooldown window.,Do not reuse unless cooldown override is explicitly approved.
MI,Byron Center Zip Market,49315,ZIP used within cooldown window.,Do not reuse unless cooldown override is explicitly approved.
MI,Milford Zip Market,48381,ZIP used within cooldown window.,Do not reuse unless cooldown override is explicitly approved.
MI,Muskegon Zip Market,49445,ZIP used within cooldown window.,Do not reuse unless cooldown override is explicitly approved.
MI,Monroe Zip Market,48161,ZIP used within cooldown window.,Do not reuse unless cooldown override is explicitly approved.
MI,Utica Zip Market,48317,ZIP used within cooldown window.,Do not reuse unless cooldown override is explicitly approved.
MI,Waterford Zip Market,48329,ZIP used within cooldown window.,Do not reuse unless cooldown override is explicitly approved.
MI,Clio Zip Market,48420,ZIP used within cooldown window.,Do not reuse unless cooldown override is explicitly approved.
MI,Warren Zip Market,48093,ZIP used within cooldown window.,Do not reuse unless cooldown override is explicitly approved.
MI,Warren Zip Market,48092,ZIP used within cooldown window.,Do not reuse unless cooldown override is explicitly approved.
MI,Northville Zip Market,48168,ZIP used within cooldown window.,Do not reuse unless cooldown override is explicitly approved.
MI,Bloomfield Hills Zip Market,48301,ZIP used within cooldown window.,Do not reuse unless cooldown override is explicitly approved.
MI,Kalamazoo Zip Market,49008,ZIP used within cooldown window.,Do not reuse unless cooldown override is explicitly approved.
MI,Dearborn Heights Zip Market,48127,ZIP used within cooldown window.,Do not reuse unless cooldown override is explicitly approved.
MI,Allegan Zip Market,49010,ZIP used within cooldown window.,Do not reuse unless cooldown override is explicitly approved.
MI,Big Rapids Zip Market,49307,ZIP used within cooldown window.,Do not reuse unless cooldown override is explicitly approved.
MI,New Baltimore Zip Market,48051,ZIP used within cooldown window.,Do not reuse unless cooldown override is explicitly approved.
MI,Lansing Zip Market,48911,ZIP used within cooldown window.,Do not reuse unless cooldown override is explicitly approved.
MI,Saint Clair Shores Zip Market,48081,ZIP used within cooldown window.,Do not reuse unless cooldown override is explicitly approved.
MI,Battle Creek Zip Market,49017,ZIP used within cooldown window.,Do not reuse unless cooldown override is explicitly approved.
MI,Grand Rapids Zip Market,49504,ZIP used within cooldown window.,Do not reuse unless cooldown override is explicitly approved.
MI,Franklin Zip Market,48025,ZIP used within cooldown window.,Do not reuse unless cooldown override is explicitly approved.
MI,Portage Zip Market,49002,ZIP used within cooldown window.,Do not reuse unless cooldown override is explicitly approved.
MI,Romulus Zip Market,48174,ZIP used within cooldown window.,Do not reuse unless cooldown override is explicitly approved.
MI,Wyandotte Zip Market,48192,ZIP used within cooldown window.,Do not reuse unless cooldown override is explicitly approved.
MI,Grand Rapids Zip Market,49508,ZIP used within cooldown window.,Do not reuse unless cooldown override is explicitly approved.
MI,Grand Rapids Zip Market,49525,ZIP used within cooldown window.,Do not reuse unless cooldown override is explicitly approved.
MI,Detroit Zip Market,48215,ZIP used within cooldown window.,Do not reuse unless cooldown override is explicitly approved.
MI,Dearborn Heights Zip Market,48125,ZIP used within cooldown window.,Do not reuse unless cooldown override is explicitly approved.
MI,Lansing Zip Market,48917,ZIP used within cooldown window.,Do not reuse unless cooldown override is explicitly approved.
MI,Grand Rapids Zip Market,49546,ZIP used within cooldown window.,Do not reuse unless cooldown override is explicitly approved.
MI,Zeeland Zip Market,49464,ZIP used within cooldown window.,Do not reuse unless cooldown override is explicitly approved.
MI,Battle Creek Zip Market,49037,ZIP used within cooldown window.,Do not reuse unless cooldown override is explicitly approved.
MI,Redford Zip Market,48240,ZIP used within cooldown window.,Do not reuse unless cooldown override is explicitly approved.
MI,Clarkston Zip Market,48346,ZIP used within cooldown window.,Do not reuse unless cooldown override is explicitly approved.
MI,Brighton Zip Market,48114,ZIP used within cooldown window.,Do not reuse unless cooldown override is explicitly approved.
MI,Clinton Township Zip Market,48036,ZIP used within cooldown window.,Do not reuse unless cooldown override is explicitly approved.
MI,Grandville Zip Market,49418,ZIP used within cooldown window.,Do not reuse unless cooldown override is explicitly approved.
MI,Flint Zip Market,48505,ZIP used within cooldown window.,Do not reuse unless cooldown override is explicitly approved.
MI,Warren Zip Market,48088,ZIP used within cooldown window.,Do not reuse unless cooldown override is explicitly approved.
MI,Southfield Zip Market,48076,ZIP used within cooldown window.,Do not reuse unless cooldown override is explicitly approved.
MI,Garden City Zip Market,48135,ZIP used within cooldown window.,Do not reuse unless cooldown override is explicitly approved.
MI,Livonia Zip Market,48152,ZIP used within cooldown window.,Do not reuse unless cooldown override is explicitly approved.
MI,Sterling Heights Zip Market,48313,ZIP used within cooldown window.,Do not reuse unless cooldown override is explicitly approved.
MI,Oak Park Zip Market,48237,ZIP used within cooldown window.,Do not reuse unless cooldown override is explicitly approved.
MI,Mount Morris Zip Market,48458,ZIP used within cooldown window.,Do not reuse unless cooldown override is explicitly approved.
MI,Allendale Zip Market,49401,ZIP used within cooldown window.,Do not reuse unless cooldown override is explicitly approved.
MI,Dearborn Zip Market,48126,ZIP used within cooldown window.,Do not reuse unless cooldown override is explicitly approved.
MI,Fort Gratiot Zip Market,48059,ZIP used within cooldown window.,Do not reuse unless cooldown override is explicitly approved.
MI,Troy Zip Market,48083,ZIP used within cooldown window.,Do not reuse unless cooldown override is explicitly approved.
MI,Farmington Zip Market,48331,ZIP used within cooldown window.,Do not reuse unless cooldown override is explicitly approved.
MI,Kalamazoo Zip Market,49048,ZIP used within cooldown window.,Do not reuse unless cooldown override is explicitly approved.
MI,Kalamazoo Zip Market,49006,ZIP used within cooldown window.,Do not reuse unless cooldown override is explicitly approved.
MI,Lansing Zip Market,48915,ZIP used within cooldown window.,Do not reuse unless cooldown override is explicitly approved.
MI,Sturgis Zip Market,49091,ZIP used within cooldown window.,Do not reuse unless cooldown override is explicitly approved.
MI,Troy Zip Market,48098,ZIP used within cooldown window.,Do not reuse unless cooldown override is explicitly approved.
MI,Baldwin Zip Market,49304,ZIP used within cooldown window.,Do not reuse unless cooldown override is explicitly approved.
MI,Howell Zip Market,48855,ZIP used within cooldown window.,Do not reuse unless cooldown override is explicitly approved.
MI,Grand Rapids Zip Market,49512,ZIP used within cooldown window.,Do not reuse unless cooldown override is explicitly approved.
MI,Detroit Zip Market,48201,ZIP used within cooldown window.,Do not reuse unless cooldown override is explicitly approved.
MI,Livonia Zip Market,48150,ZIP used within cooldown window.,Do not reuse unless cooldown override is explicitly approved.
MI,Holt Zip Market,48842,ZIP used within cooldown window.,Do not reuse unless cooldown override is explicitly approved.
MI,Marysville Zip Market,48040,ZIP used within cooldown window.,Do not reuse unless cooldown override is explicitly approved.
MI,Waterford Zip Market,48327,ZIP used within cooldown window.,Do not reuse unless cooldown override is explicitly approved.
MI,Novi Zip Market,48375,ZIP used within cooldown window.,Do not reuse unless cooldown override is explicitly approved.
MI,Oxford Zip Market,48371,ZIP used within cooldown window.,Do not reuse unless cooldown override is explicitly approved.
MI,Greenville Zip Market,48838,ZIP used within cooldown window.,Do not reuse unless cooldown override is explicitly approved.
MI,Farmington Zip Market,48334,ZIP used within cooldown window.,Do not reuse unless cooldown override is explicitly approved.
MI,Temperance Zip Market,48182,ZIP used within cooldown window.,Do not reuse unless cooldown override is explicitly approved.
MI,Pontiac Zip Market,48340,ZIP used within cooldown window.,Do not reuse unless cooldown override is explicitly approved.
MI,Pontiac Zip Market,48342,ZIP used within cooldown window.,Do not reuse unless cooldown override is explicitly approved.
MI,Monroe Zip Market,48162,ZIP used within cooldown window.,Do not reuse unless cooldown override is explicitly approved.
MI,Battle Creek Zip Market,49014,ZIP used within cooldown window.,Do not reuse unless cooldown override is explicitly approved.
MI,Pontiac Zip Market,48341,ZIP used within cooldown window.,Do not reuse unless cooldown override is explicitly approved.
MI,Newaygo Zip Market,49337,ZIP used within cooldown window.,Do not reuse unless cooldown override is explicitly approved.
MI,Hastings Zip Market,49058,ZIP used within cooldown window.,Do not reuse unless cooldown override is explicitly approved.
MI,Livonia Zip Market,48154,ZIP used within cooldown window.,Do not reuse unless cooldown override is explicitly approved.
MI,Fennville Zip Market,49408,ZIP used within cooldown window.,Do not reuse unless cooldown override is explicitly approved.
MI,Charlotte Zip Market,48813,ZIP used within cooldown window.,Do not reuse unless cooldown override is explicitly approved.
MI,Southfield Zip Market,48033,ZIP used within cooldown window.,Do not reuse unless cooldown override is explicitly approved.
MI,Dexter Zip Market,48130,ZIP used within cooldown window.,Do not reuse unless cooldown override is explicitly approved.
MI,Ada Zip Market,49301,ZIP used within cooldown window.,Do not reuse unless cooldown override is explicitly approved.
MI,Grand Rapids Zip Market,49505,ZIP used within cooldown window.,Do not reuse unless cooldown override is explicitly approved.
MI,Saint Clair Zip Market,48079,ZIP used within cooldown window.,Do not reuse unless cooldown override is explicitly approved.
MI,Lake Orion Zip Market,48362,ZIP used within cooldown window.,Do not reuse unless cooldown override is explicitly approved.
MI,Kalamazoo Zip Market,49004,ZIP used within cooldown window.,Do not reuse unless cooldown override is explicitly approved.
MI,Vicksburg Zip Market,49097,ZIP used within cooldown window.,Do not reuse unless cooldown override is explicitly approved.
MI,Novi Zip Market,48377,ZIP used within cooldown window.,Do not reuse unless cooldown override is explicitly approved.
MI,Troy Zip Market,48084,ZIP used within cooldown window.,Do not reuse unless cooldown override is explicitly approved.
MI,Detroit Zip Market,48208,ZIP used within cooldown window.,Do not reuse unless cooldown override is explicitly approved.
MI,Auburn Hills Zip Market,48326,ZIP used within cooldown window.,Do not reuse unless cooldown override is explicitly approved.
MI,Berkley Zip Market,48072,ZIP used within cooldown window.,Do not reuse unless cooldown override is explicitly approved.
MI,Grosse Pointe Zip Market,48230,ZIP used within cooldown window.,Do not reuse unless cooldown override is explicitly approved.
MI,Washington Zip Market,48095,ZIP used within cooldown window.,Do not reuse unless cooldown override is explicitly approved.
MI,Alma Zip Market,48801,ZIP used within cooldown window.,Do not reuse unless cooldown override is explicitly approved.
MI,Sterling Heights Zip Market,48314,ZIP used within cooldown window.,Do not reuse unless cooldown override is explicitly approved.
MI,Detroit Zip Market,48226,ZIP used within cooldown window.,Do not reuse unless cooldown override is explicitly approved.
MI,Romeo Zip Market,48065,ZIP used within cooldown window.,Do not reuse unless cooldown override is explicitly approved.
MI,Mears Zip Market,49436,ZIP used within cooldown window.,Do not reuse unless cooldown override is explicitly approved.
MI,Swartz Creek Zip Market,48473,ZIP used within cooldown window.,Do not reuse unless cooldown override is explicitly approved.
MI,Flint Zip Market,48532,ZIP used within cooldown window.,Do not reuse unless cooldown override is explicitly approved.
MI,Grand Rapids Zip Market,49534,ZIP used within cooldown window.,Do not reuse unless cooldown override is explicitly approved.
MI,Grosse Ile Zip Market,48138,ZIP used within cooldown window.,Do not reuse unless cooldown override is explicitly approved.
MI,Ortonville Zip Market,48462,ZIP used within cooldown window.,Do not reuse unless cooldown override is explicitly approved.
MI,River Rouge Zip Market,48218,ZIP used within cooldown window.,Do not reuse unless cooldown override is explicitly approved.
MI,Lake Orion Zip Market,48360,ZIP used within cooldown window.,Do not reuse unless cooldown override is explicitly approved.
MI,Allen Park Zip Market,48101,ZIP used within cooldown window.,Do not reuse unless cooldown override is explicitly approved.
MI,Milan Zip Market,48160,ZIP used within cooldown window.,Do not reuse unless cooldown override is explicitly approved.
MI,Holly Zip Market,48442,ZIP used within cooldown window.,Do not reuse unless cooldown override is explicitly approved.
MI,Cassopolis Zip Market,49031,ZIP used within cooldown window.,Do not reuse unless cooldown override is explicitly approved.
MI,Detroit Zip Market,48216,ZIP used within cooldown window.,Do not reuse unless cooldown override is explicitly approved.
MI,Kalamazoo Zip Market,49001,ZIP used within cooldown window.,Do not reuse unless cooldown override is explicitly approved.
MI,Grand Ledge Zip Market,48837,ZIP used within cooldown window.,Do not reuse unless cooldown override is explicitly approved.
MI,Paw Paw Zip Market,49079,ZIP used within cooldown window.,Do not reuse unless cooldown override is explicitly approved.
MI,Pentwater Zip Market,49449,ZIP used within cooldown window.,Do not reuse unless cooldown override is explicitly approved.
MI,Mason Zip Market,48854,ZIP used within cooldown window.,Do not reuse unless cooldown override is explicitly approved.
MI,Highland Zip Market,48356,ZIP used within cooldown window.,Do not reuse unless cooldown override is explicitly approved.
MI,White Lake Zip Market,48383,ZIP used within cooldown window.,Do not reuse unless cooldown override is explicitly approved.
MI,Newport Zip Market,48166,ZIP used within cooldown window.,Do not reuse unless cooldown override is explicitly approved.
MI,Howard City Zip Market,49329,ZIP used within cooldown window.,Do not reuse unless cooldown override is explicitly approved.
MI,Richland Zip Market,49083,ZIP used within cooldown window.,Do not reuse unless cooldown override is explicitly approved.
MI,Saugatuck Zip Market,49453,ZIP used within cooldown window.,Do not reuse unless cooldown override is explicitly approved.
,,,"Shortage: expected up to 800 eligible ZIPs, found 222.",Use eligible ZIPs first; review cooldown override only if outreach volume is insufficient.
