State,County,ZIP,ZIP Score,Pending Ratio,Active Listing Count,Pending Listing Count,Estimated Population,Estimated Lead Volume,Median Listing Price,Median Days on Market,Price Decrease Count,Recommended Home Value Range,Last Used Date,Eligible Based on Cooldown,Manual Review Flag
AL,Gulf Shores Zip Market,36542,49.37,0.1547911547911548,814,126.0,814.0,814.0,529000.0,108.0,178.0,$278k-$350k,,True,
AL,Orange Beach Zip Market,36561,49.36,0.17432646592709986,631,110.0,631.0,631.0,749950.0,112.0,110.0,$394k-$350k,,True,
AL,Athens Zip Market,35613,65.94,0.3738019169329074,313,117.0,313.0,313.0,462052.0,60.0,80.0,$243k-$350k,,True,
AL,Fairhope Zip Market,36532,64.29,0.3782051282051282,312,118.0,312.0,312.0,689725.0,72.0,106.0,$362k-$350k,,True,
AL,Foley Zip Market,36535,78.49,0.4772727272727273,308,147.0,308.0,308.0,340311.0,75.0,96.0,$179k-$350k,,True,
AL,Harvest Zip Market,35749,76.12,0.4980544747081712,257,128.0,257.0,257.0,326125.0,100.0,106.0,$171k-$350k,,True,
AL,Daphne Zip Market,36526,74.99,0.4308300395256917,253,109.0,253.0,253.0,349700.0,75.0,96.0,$184k-$350k,,True,
AL,Madison Zip Market,35756,73.48,0.6309523809523809,252,159.0,252.0,252.0,438575.0,75.0,82.0,$230k-$350k,,True,
AL,Athens Zip Market,35611,73.67,0.41975308641975306,243,102.0,243.0,243.0,313532.0,75.0,38.0,$165k-$350k,,True,
AL,Montgomery Zip Market,36117,70.89,0.3347457627118644,236,79.0,236.0,236.0,325000.0,73.0,72.0,$171k-$350k,,True,
AL,Huntsville Zip Market,35811,71.54,0.4291845493562232,233,100.0,233.0,233.0,365000.0,89.0,96.0,$192k-$350k,,True,
AL,Madison Zip Market,35758,57.19,0.2350230414746544,217,51.0,217.0,217.0,418413.0,74.0,92.0,$220k-$350k,,True,
AL,Birmingham Zip Market,35215,76.24,0.4046511627906977,215,87.0,215.0,215.0,146000.0,78.0,80.0,$77k-$200k,,True,
AL,Birmingham Zip Market,35242,68.21,0.5024630541871922,203,102.0,203.0,203.0,593343.0,53.0,64.0,$312k-$350k,,True,
AL,Birmingham Zip Market,35244,71.21,1.1557788944723617,199,230.0,199.0,199.0,570000.0,58.0,54.0,$299k-$350k,,True,
AL,Meridianville Zip Market,35759,64.7,0.3465909090909091,176,61.0,176.0,176.0,342952.0,96.0,64.0,$180k-$350k,,True,
AL,Mobile Zip Market,36695,80.72,0.6264367816091954,174,109.0,174.0,174.0,307500.0,63.0,68.0,$161k-$350k,,True,
AL,Decatur Zip Market,35603,73.53,0.47953216374269003,171,82.0,171.0,171.0,334900.0,71.0,58.0,$176k-$350k,,True,
AL,Huntsville Zip Market,35803,65.75,0.41975308641975306,162,68.0,162.0,162.0,398450.0,75.0,58.0,$209k-$350k,,True,
AL,Trussville Zip Market,35173,66.73,0.4230769230769231,156,66.0,156.0,156.0,442893.0,57.0,72.0,$233k-$350k,,True,
AL,Montgomery Zip Market,36109,65.32,0.26174496644295303,149,39.0,149.0,149.0,169050.0,62.0,56.0,$89k-$232k,,True,
AL,Mobile Zip Market,36608,74.56,0.45774647887323944,142,65.0,142.0,142.0,280000.0,65.0,50.0,$147k-$350k,,True,
AL,Florence Zip Market,35630,65.01,0.2605633802816901,142,37.0,142.0,142.0,214700.0,61.0,62.0,$113k-$294k,,True,
AL,Huntsville Zip Market,35810,75.82,0.5460992907801419,141,77.0,141.0,141.0,210475.0,74.0,56.0,$110k-$288k,,True,
AL,Cullman Zip Market,35055,64.04,0.3049645390070922,141,43.0,141.0,141.0,299000.0,69.0,42.0,$157k-$350k,,True,
AL,New Market Zip Market,35761,64.79,0.4028776978417266,139,56.0,139.0,139.0,325000.0,98.0,48.0,$171k-$350k,,True,
AL,Montgomery Zip Market,36116,76.12,0.5373134328358209,134,72.0,134.0,134.0,209400.0,65.0,46.0,$110k-$287k,,True,
AL,Bessemer Zip Market,35023,69.8,0.40601503759398494,133,54.0,133.0,133.0,179550.0,74.0,44.0,$94k-$246k,,True,
AL,Huntsville Zip Market,35806,57.85,0.3609022556390977,133,48.0,133.0,133.0,384900.0,86.0,32.0,$202k-$350k,,True,
AL,Bessemer Zip Market,35022,71.71,0.4961832061068702,131,65.0,131.0,131.0,313925.0,68.0,46.0,$165k-$350k,,True,
AL,Decatur Zip Market,35601,68.13,0.33858267716535434,127,43.0,127.0,127.0,237575.0,65.0,52.0,$125k-$325k,,True,
AL,Pelham Zip Market,35124,69.95,0.4959349593495935,123,61.0,123.0,123.0,373675.0,51.0,42.0,$196k-$350k,,True,
AL,Birmingham Zip Market,35226,62.83,0.5338983050847458,118,63.0,118.0,118.0,499695.0,47.0,50.0,$262k-$350k,,True,
AL,Muscle Shoals Zip Market,35661,61.76,0.2457627118644068,118,29.0,118.0,118.0,299225.0,53.0,58.0,$157k-$350k,,True,
AL,Owens Cross Roads Zip Market,35763,63.24,0.5555555555555556,117,65.0,117.0,117.0,425000.0,75.0,42.0,$223k-$350k,,True,
AL,Daphne Zip Market,36527,61.52,0.4700854700854701,117,55.0,117.0,117.0,442450.0,61.0,32.0,$232k-$350k,,True,
AL,Birmingham Zip Market,35206,60.54,0.2564102564102564,117,30.0,117.0,117.0,118950.0,67.0,46.0,$75k-$163k,,True,
AL,Madison Zip Market,35757,62.18,0.4144144144144144,111,46.0,111.0,111.0,388575.0,73.0,54.0,$204k-$350k,,True,
AL,Birmingham Zip Market,35211,58.39,0.26605504587155965,109,29.0,109.0,109.0,101000.0,67.0,26.0,$75k-$138k,,True,
AL,Tuscumbia Zip Market,35674,59.23,0.26851851851851855,108,29.0,108.0,108.0,237985.0,71.0,40.0,$125k-$326k,,True,
AL,Crane Hill Zip Market,35053,31.02,0.12962962962962962,108,14.0,108.0,108.0,783225.0,110.0,22.0,$411k-$350k,,True,
AL,Chelsea Zip Market,35043,67.81,0.49523809523809526,105,52.0,105.0,105.0,392975.0,46.0,46.0,$206k-$350k,,True,
AL,Calera Zip Market,35040,76.28,0.7115384615384616,104,74.0,104.0,104.0,270131.0,62.0,44.0,$142k-$350k,,True,
AL,Alabaster Zip Market,35007,71.78,0.5922330097087378,103,61.0,103.0,103.0,367500.0,44.0,44.0,$193k-$350k,,True,
AL,Huntsville Zip Market,35802,61.6,0.51,100,51.0,100.0,100.0,395250.0,79.0,40.0,$208k-$350k,,True,
AL,Alexander City Zip Market,35010,47.73,0.22,100,22.0,100.0,100.0,325000.0,88.0,24.0,$171k-$350k,,True,
AL,Huntsville Zip Market,35801,42.29,0.26262626262626265,99,26.0,99.0,99.0,592450.0,71.0,34.0,$311k-$350k,,True,
AL,Dauphin Island Zip Market,36528,29.0,0.1111111111111111,99,11.0,99.0,99.0,535000.0,115.0,18.0,$281k-$350k,,True,
AL,Birmingham Zip Market,35205,56.51,0.2604166666666667,96,25.0,96.0,96.0,299500.0,62.0,32.0,$157k-$350k,,True,
AL,Pike Road Zip Market,36064,57.84,0.5578947368421052,95,53.0,95.0,95.0,446021.0,72.0,22.0,$234k-$350k,,True,
AL,Birmingham Zip Market,35208,54.43,0.26595744680851063,94,25.0,94.0,94.0,100000.0,78.0,26.0,$75k-$137k,,True,
AL,Florence Zip Market,35633,57.41,0.27956989247311825,93,26.0,93.0,93.0,323425.0,62.0,42.0,$170k-$350k,,True,
AL,Odenville Zip Market,35120,76.16,0.7282608695652174,92,67.0,92.0,92.0,268044.0,55.0,44.0,$141k-$350k,,True,
AL,Mc Calla Zip Market,35111,65.64,0.5054945054945055,91,46.0,91.0,91.0,350988.0,65.0,38.0,$184k-$350k,,True,
AL,Arab Zip Market,35016,62.03,0.34065934065934067,91,31.0,91.0,91.0,320450.0,50.0,30.0,$168k-$350k,,True,
AL,Mobile Zip Market,36693,49.84,0.14285714285714285,91,13.0,91.0,91.0,279975.0,70.0,40.0,$147k-$350k,,True,
AL,Mobile Zip Market,36609,65.31,0.34444444444444444,90,31.0,90.0,90.0,244700.0,51.0,36.0,$128k-$335k,,True,
AL,Birmingham Zip Market,35216,66.66,0.42045454545454547,88,37.0,88.0,88.0,294950.0,55.0,30.0,$155k-$350k,,True,
AL,Pinson Zip Market,35126,57.94,0.26136363636363635,88,23.0,88.0,88.0,244925.0,60.0,38.0,$129k-$336k,,True,
AL,Birmingham Zip Market,35235,59.2,0.3218390804597701,87,28.0,87.0,87.0,195925.0,73.0,34.0,$103k-$268k,,True,
AL,Killen Zip Market,35645,51.94,0.3023255813953488,86,26.0,86.0,86.0,349900.0,80.0,32.0,$184k-$350k,,True,
AL,Toney Zip Market,35773,64.48,0.611764705882353,85,52.0,85.0,85.0,322475.0,86.0,34.0,$169k-$350k,,True,
AL,Mobile Zip Market,36606,61.67,0.4117647058823529,85,35.0,85.0,85.0,195000.0,81.0,28.0,$102k-$267k,,True,
AL,Talladega Zip Market,35160,51.95,0.25882352941176473,85,22.0,85.0,85.0,249900.0,77.0,22.0,$131k-$342k,,True,
AL,Eufaula Zip Market,36027,39.51,0.058823529411764705,85,5.0,85.0,85.0,299500.0,110.0,16.0,$157k-$350k,,True,
AL,Hartselle Zip Market,35640,65.06,0.4375,80,35.0,80.0,80.0,309300.0,61.0,40.0,$162k-$350k,,True,
AL,Hanceville Zip Market,35077,56.62,0.2692307692307692,78,21.0,78.0,78.0,239900.0,62.0,36.0,$126k-$329k,,True,
AL,Montgomery Zip Market,36106,56.38,0.34615384615384615,78,27.0,78.0,78.0,240375.0,91.0,28.0,$126k-$329k,,True,
AL,Helena Zip Market,35080,64.2,0.6756756756756757,74,50.0,74.0,74.0,411625.0,45.0,30.0,$216k-$350k,,True,
AL,Hazel Green Zip Market,35750,55.37,0.4189189189189189,74,31.0,74.0,74.0,326475.0,96.0,20.0,$171k-$350k,,True,
AL,Montevallo Zip Market,35115,53.42,0.33783783783783783,74,25.0,74.0,74.0,311828.0,84.0,24.0,$164k-$350k,,True,
AL,Sylacauga Zip Market,35150,58.6,0.3188405797101449,69,22.0,69.0,69.0,174750.0,56.0,24.0,$92k-$239k,,True,
AL,Montgomery Zip Market,36111,53.88,0.3188405797101449,69,22.0,69.0,69.0,238450.0,82.0,24.0,$125k-$327k,,True,
AL,Robertsdale Zip Market,36567,51.98,0.36231884057971014,69,25.0,69.0,69.0,337200.0,83.0,18.0,$177k-$350k,,True,
AL,Springville Zip Market,35146,53.31,0.38235294117647056,68,26.0,68.0,68.0,357450.0,76.0,24.0,$188k-$350k,,True,
AL,Loxley Zip Market,36551,49.92,0.2647058823529412,68,18.0,68.0,68.0,339694.0,59.0,22.0,$178k-$350k,,True,
AL,Saraland Zip Market,36571,64.04,0.417910447761194,67,28.0,67.0,67.0,266675.0,64.0,38.0,$140k-$350k,,True,
AL,Bessemer Zip Market,35020,58.62,0.3484848484848485,66,23.0,66.0,66.0,99999.0,58.0,16.0,$75k-$137k,,True,
AL,Huntsville Zip Market,35805,49.59,0.26153846153846155,65,17.0,65.0,65.0,220750.0,83.0,30.0,$116k-$302k,,True,
AL,Mobile Zip Market,36605,63.27,0.46875,64,30.0,64.0,64.0,127450.0,58.0,14.0,$75k-$175k,,True,
AL,Birmingham Zip Market,35209,50.93,0.3125,64,20.0,64.0,64.0,368700.0,59.0,22.0,$194k-$350k,,True,
AL,Wetumpka Zip Market,36093,43.82,0.3125,64,20.0,64.0,64.0,418175.0,75.0,18.0,$220k-$350k,,True,
AL,Theodore Zip Market,36582,68.51,0.6349206349206349,63,40.0,63.0,63.0,247225.0,57.0,26.0,$130k-$339k,,True,
AL,Gardendale Zip Market,35071,56.82,0.3548387096774194,62,22.0,62.0,62.0,318250.0,55.0,20.0,$167k-$350k,,True,
AL,Clanton Zip Market,35045,50.54,0.2903225806451613,62,18.0,62.0,62.0,296950.0,71.0,18.0,$156k-$350k,,True,
AL,Leeds Zip Market,35094,58.39,0.6065573770491803,61,37.0,61.0,61.0,318450.0,80.0,10.0,$167k-$350k,,True,
AL,Birmingham Zip Market,35228,54.78,0.38333333333333336,60,23.0,60.0,60.0,90000.0,77.0,22.0,$75k-$123k,,True,
AL,Sheffield Zip Market,35660,45.45,0.2,60,12.0,60.0,60.0,199900.0,78.0,32.0,$105k-$274k,,True,
AL,Huntsville Zip Market,35824,58.79,0.5423728813559322,59,32.0,59.0,59.0,368700.0,64.0,22.0,$194k-$350k,,True,
AL,Cullman Zip Market,35057,28.93,0.23728813559322035,59,14.0,59.0,59.0,461850.0,105.0,20.0,$242k-$350k,,True,
AL,Wetumpka Zip Market,36092,63.95,0.6551724137931034,58,38.0,58.0,58.0,328900.0,43.0,10.0,$173k-$350k,,True,
AL,Warrior Zip Market,35180,59.19,0.43103448275862066,58,25.0,58.0,58.0,293850.0,61.0,14.0,$154k-$350k,,True,
AL,Bay Minette Zip Market,36507,45.82,0.27586206896551724,58,16.0,58.0,58.0,349950.0,59.0,8.0,$184k-$350k,,True,
AL,Scottsboro Zip Market,35769,39.79,0.1896551724137931,58,11.0,58.0,58.0,362425.0,67.0,20.0,$190k-$350k,,True,
AL,Cullman Zip Market,35058,52.48,0.38596491228070173,57,22.0,57.0,57.0,307500.0,83.0,16.0,$161k-$350k,,True,
AL,Elberta Zip Market,36530,42.59,0.3333333333333333,57,19.0,57.0,57.0,417495.0,88.0,22.0,$219k-$350k,,True,
AL,Lincoln Zip Market,35096,66.97,0.8928571428571429,56,50.0,56.0,56.0,265637.0,61.0,18.0,$139k-$350k,,True,
AL,Birmingham Zip Market,35214,63.15,0.5357142857142857,56,30.0,56.0,56.0,155975.0,63.0,18.0,$82k-$214k,,True,
AL,Birmingham Zip Market,35212,49.02,0.26785714285714285,56,15.0,56.0,56.0,202425.0,68.0,16.0,$106k-$277k,,True,
AL,Pell City Zip Market,35128,37.07,0.21428571428571427,56,12.0,56.0,56.0,424144.0,67.0,24.0,$223k-$350k,,True,
AL,Birmingham Zip Market,35217,58.37,0.36363636363636365,55,20.0,55.0,55.0,96300.0,50.0,20.0,$75k-$132k,,True,
AL,Birmingham Zip Market,35210,55.46,0.36363636363636365,55,20.0,55.0,55.0,301950.0,62.0,20.0,$159k-$350k,,True,
AL,Florence Zip Market,35634,31.26,0.2727272727272727,55,15.0,55.0,55.0,468725.0,80.0,12.0,$246k-$350k,,True,
AL,Moulton Zip Market,35650,51.37,0.35185185185185186,54,19.0,54.0,54.0,297416.0,77.0,16.0,$156k-$350k,,True,
AL,Oneonta Zip Market,35121,50.85,0.33962264150943394,53,18.0,53.0,53.0,337475.0,65.0,20.0,$177k-$350k,,True,
AL,Eclectic Zip Market,36024,45.6,0.2692307692307692,52,14.0,52.0,52.0,332300.0,60.0,12.0,$174k-$350k,,True,
AL,Prattville Zip Market,36067,65.93,0.7254901960784313,51,37.0,51.0,51.0,287300.0,53.0,20.0,$151k-$350k,,True,
AL,Prattville Zip Market,36066,66.43,1.52,50,76.0,50.0,50.0,323725.0,47.0,28.0,$170k-$350k,,True,
AL,Semmes Zip Market,36575,65.71,0.72,50,36.0,50.0,50.0,269925.0,51.0,14.0,$142k-$350k,,True,
AL,Mobile Zip Market,36604,51.44,0.3469387755102041,49,17.0,49.0,49.0,257475.0,77.0,18.0,$135k-$350k,,True,
AL,Rogersville Zip Market,35652,33.62,0.22448979591836735,49,11.0,49.0,49.0,427700.0,76.0,20.0,$225k-$350k,,True,
AL,Montgomery Zip Market,36107,42.9,0.23404255319148937,47,11.0,47.0,47.0,99925.0,67.0,8.0,$75k-$137k,,True,
AL,Troy Zip Market,36081,34.91,0.06382978723404255,47,3.0,47.0,47.0,239450.0,83.0,10.0,$126k-$328k,,True,
AL,Columbiana Zip Market,35051,49.34,0.41304347826086957,46,19.0,46.0,46.0,370950.0,66.0,12.0,$195k-$350k,,True,
AL,Tallassee Zip Market,36078,51.55,0.3333333333333333,45,15.0,45.0,45.0,280500.0,67.0,20.0,$147k-$350k,,True,
AL,Montgomery Zip Market,36105,47.5,0.3333333333333333,45,15.0,45.0,45.0,75975.0,65.0,16.0,$75k-$104k,,True,
AL,Moody Zip Market,35004,61.78,0.8181818181818182,44,36.0,44.0,44.0,293450.0,61.0,12.0,$154k-$350k,,True,
AL,Lillian Zip Market,36549,47.72,0.36363636363636365,44,16.0,44.0,44.0,332388.0,81.0,20.0,$175k-$350k,,True,
AL,Montgomery Zip Market,36108,46.72,0.3409090909090909,44,15.0,44.0,44.0,75000.0,67.0,14.0,$75k-$103k,,True,
AL,Summerdale Zip Market,36580,26.7,0.1590909090909091,44,7.0,44.0,44.0,396050.0,96.0,8.0,$208k-$350k,,True,
AL,Mobile Zip Market,36618,61.52,0.5116279069767442,43,22.0,43.0,43.0,196155.0,46.0,14.0,$103k-$269k,,True,
AL,Gurley Zip Market,35748,39.91,0.4883720930232558,43,21.0,43.0,43.0,655000.0,81.0,14.0,$344k-$350k,,True,
AL,Troy Zip Market,36079,38.63,0.23255813953488372,43,10.0,43.0,43.0,299000.0,71.0,4.0,$157k-$350k,,True,
AL,Deatsville Zip Market,36022,56.62,0.7857142857142857,42,33.0,42.0,42.0,349975.0,59.0,6.0,$184k-$350k,,True,
AL,Pleasant Grove Zip Market,35127,46.35,0.2619047619047619,42,11.0,42.0,42.0,225000.0,61.0,14.0,$118k-$308k,,True,
AL,Birmingham Zip Market,35243,44.08,0.5238095238095238,42,22.0,42.0,42.0,697400.0,54.0,8.0,$366k-$350k,,True,
AL,Scottsboro Zip Market,35768,48.19,0.275,40,11.0,40.0,40.0,195975.0,58.0,18.0,$103k-$268k,,True,
AL,Fairfield Zip Market,35064,42.27,0.275,40,11.0,40.0,40.0,95500.0,76.0,10.0,$75k-$131k,,True,
AL,Birmingham Zip Market,35203,28.34,0.1,40,4.0,40.0,40.0,335000.0,83.0,4.0,$176k-$350k,,True,
AL,Russellville Zip Market,35653,43.86,0.23684210526315788,38,9.0,38.0,38.0,244900.0,58.0,12.0,$129k-$336k,,True,
AL,Grand Bay Zip Market,36541,56.55,0.6216216216216216,37,23.0,37.0,37.0,322950.0,63.0,12.0,$170k-$350k,,True,
AL,Silverhill Zip Market,36576,55.65,0.5405405405405406,37,20.0,37.0,37.0,302272.0,66.0,12.0,$159k-$350k,,True,
AL,Cropwell Zip Market,35054,25.96,0.24324324324324326,37,9.0,37.0,37.0,429850.0,105.0,4.0,$226k-$350k,,True,
AL,Birmingham Zip Market,35224,36.95,0.2222222222222222,36,8.0,36.0,36.0,86250.0,78.0,16.0,$75k-$118k,,True,
AL,Vinemont Zip Market,35179,49.51,0.34285714285714286,35,12.0,35.0,35.0,309900.0,54.0,14.0,$163k-$350k,,True,
AL,Birmingham Zip Market,35222,45.05,0.37142857142857144,35,13.0,35.0,35.0,399900.0,54.0,12.0,$210k-$350k,,True,
AL,Elkmont Zip Market,35620,42.72,0.3142857142857143,35,11.0,35.0,35.0,333650.0,71.0,12.0,$175k-$350k,,True,
AL,Mobile Zip Market,36619,59.77,0.8823529411764706,34,30.0,34.0,34.0,309329.0,62.0,20.0,$162k-$350k,,True,
AL,Greenville Zip Market,36037,47.94,0.35294117647058826,34,12.0,34.0,34.0,166725.0,68.0,8.0,$88k-$228k,,True,
AL,Sterrett Zip Market,35147,46.71,0.4411764705882353,34,15.0,34.0,34.0,429900.0,43.0,10.0,$226k-$350k,,True,
AL,Dora Zip Market,35062,40.01,0.2727272727272727,33,9.0,33.0,33.0,255325.0,84.0,10.0,$134k-$350k,,True,
AL,Fultondale Zip Market,35068,58.48,0.96875,32,31.0,32.0,32.0,273913.0,65.0,8.0,$144k-$350k,,True,
AL,Birmingham Zip Market,35204,45.7,0.4375,32,14.0,32.0,32.0,90500.0,112.0,10.0,$75k-$124k,,True,
AL,Adamsville Zip Market,35005,45.44,0.28125,32,9.0,32.0,32.0,143950.0,48.0,6.0,$76k-$197k,,True,
AL,Birmingham Zip Market,35234,39.19,0.15625,32,5.0,32.0,32.0,162500.0,47.0,12.0,$85k-$223k,,True,
AL,Citronelle Zip Market,36522,33.21,0.21875,32,7.0,32.0,32.0,203725.0,106.0,6.0,$107k-$279k,,True,
AL,Kimberly Zip Market,35091,54.31,1.3225806451612903,31,41.0,31.0,31.0,295675.0,77.0,6.0,$155k-$350k,,True,
AL,Jackson Zip Market,36545,32.14,0.1935483870967742,31,6.0,31.0,31.0,215000.0,92.0,6.0,$113k-$295k,,True,
AL,Jemison Zip Market,35085,57.68,0.7,30,21.0,30.0,30.0,244916.0,65.0,12.0,$129k-$336k,,True,
AL,Hayden Zip Market,35079,54.77,0.5333333333333333,30,16.0,30.0,30.0,299900.0,49.0,6.0,$157k-$350k,,True,
AL,Atmore Zip Market,36502,52.21,0.5333333333333333,30,16.0,30.0,30.0,199700.0,72.0,6.0,$105k-$274k,,True,
AL,Morris Zip Market,35116,37.57,0.6666666666666666,30,20.0,30.0,30.0,457000.0,84.0,6.0,$240k-$350k,,True,
AL,Clanton Zip Market,35046,28.44,0.26666666666666666,30,8.0,30.0,30.0,398650.0,91.0,4.0,$209k-$350k,,True,
AL,Cherokee Zip Market,35616,15.82,0.16666666666666666,30,5.0,30.0,30.0,453500.0,89.0,6.0,$238k-$350k,,True,
AL,Montgomery Zip Market,36110,44.57,0.5172413793103449,29,15.0,29.0,29.0,79975.0,87.0,2.0,$75k-$110k,,True,
AL,Grant Zip Market,35747,36.62,0.3448275862068966,29,10.0,29.0,29.0,398900.0,72.0,6.0,$209k-$350k,,True,
AL,Bremen Zip Market,35033,17.66,0.2413793103448276,29,7.0,29.0,29.0,794658.0,123.0,4.0,$417k-$350k,,True,
AL,Huntsville Zip Market,35816,42.19,0.32142857142857145,28,9.0,28.0,28.0,152450.0,85.0,12.0,$80k-$209k,,True,
AL,Pell City Zip Market,35125,59.03,0.6666666666666666,27,18.0,27.0,27.0,272975.0,45.0,10.0,$143k-$350k,,True,
AL,Mount Olive Zip Market,35117,53.75,0.5925925925925926,27,16.0,27.0,27.0,313700.0,59.0,10.0,$165k-$350k,,True,
AL,Athens Zip Market,35614,43.44,0.3333333333333333,27,9.0,27.0,27.0,295500.0,69.0,10.0,$155k-$350k,,True,
AL,Birmingham Zip Market,35218,39.26,0.3333333333333333,27,9.0,27.0,27.0,89750.0,85.0,6.0,$75k-$123k,,True,
AL,Mobile Zip Market,36611,46.34,0.3076923076923077,26,8.0,26.0,26.0,123725.0,49.0,10.0,$75k-$170k,,True,
AL,Russellville Zip Market,35654,46.06,0.34615384615384615,26,9.0,26.0,26.0,212900.0,65.0,10.0,$112k-$292k,,True,
AL,Montgomery Zip Market,36104,32.94,0.23076923076923078,26,6.0,26.0,26.0,204000.0,99.0,8.0,$107k-$279k,,True,
AL,Alabaster Zip Market,35114,47.52,0.5416666666666666,24,13.0,24.0,24.0,393750.0,42.0,4.0,$207k-$350k,,True,
AL,Trinity Zip Market,35673,52.03,0.4782608695652174,23,11.0,23.0,23.0,264400.0,57.0,8.0,$139k-$350k,,True,
AL,Eight Mile Zip Market,36613,49.89,0.4090909090909091,22,9.0,22.0,22.0,180925.0,52.0,8.0,$95k-$248k,,True,
AL,Satsuma Zip Market,36572,46.86,0.3181818181818182,22,7.0,22.0,22.0,254113.0,31.0,8.0,$133k-$348k,,True,
AL,Union Grove Zip Market,35175,40.37,0.5,22,11.0,22.0,22.0,403500.0,71.0,4.0,$212k-$350k,,True,
AL,Wilsonville Zip Market,35186,33.93,0.5909090909090909,22,13.0,22.0,22.0,667475.0,90.0,8.0,$350k-$350k,,True,
AL,Ardmore Zip Market,35739,44.2,0.38095238095238093,21,8.0,21.0,21.0,314200.0,62.0,8.0,$165k-$350k,,True,
AL,Mobile Zip Market,36617,40.56,0.2857142857142857,21,6.0,21.0,21.0,140086.0,60.0,6.0,$75k-$192k,,True,
AL,Mobile Zip Market,36607,34.12,0.14285714285714285,21,3.0,21.0,21.0,164700.0,50.0,8.0,$86k-$226k,,True,
AL,Mobile Zip Market,36610,17.58,0.23809523809523808,21,5.0,21.0,21.0,45250.0,80.0,4.0,$75k-$175k,,True,
AL,Birmingham Zip Market,35207,46.13,0.45,20,9.0,20.0,20.0,77425.0,44.0,2.0,$75k-$106k,,True,
AL,Birmingham Zip Market,35223,40.51,0.55,20,11.0,20.0,20.0,775000.0,37.0,8.0,$407k-$350k,,True,
AL,Millbrook Zip Market,36054,57.9,1.105263157894737,19,21.0,19.0,19.0,272400.0,42.0,8.0,$143k-$350k,,True,
AL,Wilmer Zip Market,36587,44.25,0.47368421052631576,19,9.0,19.0,19.0,331484.0,66.0,4.0,$174k-$350k,,True,
AL,Blountsville Zip Market,35031,32.77,0.21052631578947367,19,4.0,19.0,19.0,241250.0,73.0,10.0,$127k-$331k,,True,
AL,Childersburg Zip Market,35044,50.84,0.6111111111111112,18,11.0,18.0,18.0,198947.0,69.0,8.0,$104k-$273k,,True,
AL,Irvington Zip Market,36544,44.37,0.4444444444444444,18,8.0,18.0,18.0,306225.0,66.0,4.0,$161k-$350k,,True,
AL,Birmingham Zip Market,35213,42.66,0.8888888888888888,18,16.0,18.0,18.0,496000.0,16.0,6.0,$260k-$350k,,True,
AL,Luverne Zip Market,36049,31.92,0.16666666666666666,18,3.0,18.0,18.0,204900.0,51.0,2.0,$108k-$281k,,True,
AL,New Hope Zip Market,35760,49.23,0.47058823529411764,17,8.0,17.0,17.0,299900.0,48.0,8.0,$157k-$350k,,True,
AL,Birmingham Zip Market,35221,46.36,0.47058823529411764,17,8.0,17.0,17.0,86225.0,54.0,4.0,$75k-$118k,,True,
AL,Holly Pond Zip Market,35083,37.68,0.35294117647058826,17,6.0,17.0,17.0,209000.0,92.0,4.0,$110k-$286k,,True,
AL,Centreville Zip Market,35042,39.52,0.4375,16,7.0,16.0,16.0,299900.0,105.0,6.0,$157k-$350k,,True,
AL,Mulga Zip Market,35118,36.59,0.25,16,4.0,16.0,16.0,165000.0,57.0,8.0,$87k-$226k,,True,
AL,Mobile Zip Market,36603,34.03,0.3125,16,5.0,16.0,16.0,205000.0,93.0,2.0,$108k-$281k,,True,
AL,Remlap Zip Market,35133,30.22,0.25,16,4.0,16.0,16.0,353425.0,60.0,4.0,$186k-$350k,,True,
AL,Verbena Zip Market,36091,25.89,0.1875,16,3.0,16.0,16.0,273750.0,92.0,4.0,$144k-$350k,,True,
AL,Titus Zip Market,36080,17.47,0.1875,16,3.0,16.0,16.0,450000.0,74.0,6.0,$236k-$350k,,True,
AL,Sylacauga Zip Market,35151,40.23,0.4666666666666667,15,7.0,15.0,15.0,279250.0,123.0,4.0,$147k-$350k,,True,
AL,Leighton Zip Market,35646,16.62,0.21428571428571427,14,3.0,14.0,14.0,399999.0,145.0,0.0,$210k-$350k,,True,
AL,Falkville Zip Market,35622,48.27,0.5384615384615384,13,7.0,13.0,13.0,281225.0,55.0,4.0,$148k-$350k,,True,
AL,Danville Zip Market,35619,38.58,0.46153846153846156,13,6.0,13.0,13.0,337400.0,77.0,4.0,$177k-$350k,,True,
AL,Pisgah Zip Market,35765,32.46,0.46153846153846156,13,6.0,13.0,13.0,385000.0,136.0,4.0,$202k-$350k,,True,
AL,West Blocton Zip Market,35184,30.8,0.23076923076923078,13,3.0,13.0,13.0,245725.0,73.0,8.0,$129k-$337k,,True,
AL,Graysville Zip Market,35073,34.93,0.3333333333333333,12,4.0,12.0,12.0,103725.0,82.0,4.0,$75k-$142k,,True,
FL,North Miami Beach Zip Market,33160,56.61,0.11117788461538461,1664,185.0,1664.0,1664.0,599995.0,115.0,220.0,$321k-$550k,,True,
FL,Kissimmee Zip Market,34747,64.19,0.13667820069204153,1156,158.0,1156.0,1156.0,448450.0,106.0,268.0,$240k-$507k,,True,
FL,Hallandale Zip Market,33009,63.48,0.10185185185185185,1080,110.0,1080.0,1080.0,319500.0,104.0,170.0,$171k-$361k,,True,
FL,Miami Beach Zip Market,33139,61.6,0.13606911447084233,926,126.0,926.0,926.0,499450.0,102.0,114.0,$267k-$550k,,True,
FL,Miami Zip Market,33180,60.61,0.08105022831050228,876,71.0,876.0,876.0,495750.0,107.0,108.0,$265k-$550k,,True,
FL,Miami Zip Market,33131,47.6,0.07276995305164319,852,62.0,852.0,852.0,771250.0,107.0,108.0,$413k-$550k,,True,
FL,Kissimmee Zip Market,34746,66.44,0.19441069258809235,823,160.0,823.0,823.0,398800.0,102.0,210.0,$213k-$451k,,True,
FL,Miami Zip Market,33132,54.94,0.0583232077764277,823,48.0,823.0,823.0,627225.0,95.0,98.0,$336k-$550k,,True,
FL,Cape Coral Zip Market,33993,69.53,0.21768707482993196,735,160.0,735.0,735.0,399000.0,82.0,302.0,$213k-$451k,,True,
FL,Hollywood Zip Market,33019,57.38,0.06821705426356589,645,44.0,645.0,645.0,569999.0,101.0,122.0,$305k-$550k,,True,
FL,Winter Garden Zip Market,34787,79.48,0.5159744408945687,626,323.0,626.0,626.0,583975.0,80.0,232.0,$312k-$550k,,True,
FL,Fort Lauderdale Zip Market,33319,61.46,0.16962843295638125,619,105.0,619.0,619.0,148750.0,113.0,120.0,$130k-$168k,,True,
FL,Pompano Beach Zip Market,33062,59.4,0.1322314049586777,605,80.0,605.0,605.0,549447.0,96.0,120.0,$294k-$550k,,True,
FL,Miami Beach Zip Market,33141,58.73,0.11937716262975778,578,69.0,578.0,578.0,554500.0,92.0,94.0,$297k-$550k,,True,
FL,Miami Zip Market,33137,46.68,0.07105719237435008,577,41.0,577.0,577.0,777500.0,98.0,68.0,$416k-$550k,,True,
FL,Fort Myers Zip Market,33908,64.6,0.18101933216168717,569,103.0,569.0,569.0,368500.0,119.0,126.0,$197k-$416k,,True,
FL,Miami Zip Market,33130,54.47,0.09340659340659341,546,51.0,546.0,546.0,617250.0,102.0,78.0,$330k-$550k,,True,
FL,Cape Coral Zip Market,33914,67.97,0.2624521072796935,522,137.0,522.0,522.0,533750.0,86.0,144.0,$286k-$550k,,True,
FL,Fort Lauderdale Zip Market,33308,62.19,0.20463320463320464,518,106.0,518.0,518.0,549975.0,94.0,114.0,$294k-$550k,,True,
FL,Fort Lauderdale Zip Market,33313,59.4,0.1550695825049702,503,78.0,503.0,503.0,139000.0,103.0,76.0,$130k-$157k,,True,
FL,Miami Beach Zip Market,33140,45.39,0.12248995983935743,498,61.0,498.0,498.0,765000.0,110.0,46.0,$409k-$550k,,True,
FL,Fort Lauderdale Zip Market,33304,46.63,0.1206140350877193,456,55.0,456.0,456.0,796454.0,99.0,60.0,$426k-$550k,,True,
FL,Fernandina Beach Zip Market,32034,65.68,0.327313769751693,443,145.0,443.0,443.0,696500.0,81.0,146.0,$373k-$550k,,True,
FL,Pompano Beach Zip Market,33063,66.07,0.19679633867276888,437,86.0,437.0,437.0,168500.0,84.0,118.0,$130k-$190k,,True,
FL,Miami Zip Market,33179,63.74,0.17289719626168223,428,74.0,428.0,428.0,238650.0,90.0,62.0,$130k-$270k,,True,
FL,Fort Lauderdale Zip Market,33321,76.22,0.30679156908665106,427,131.0,427.0,427.0,219000.0,75.0,130.0,$130k-$247k,,True,
FL,Cape Coral Zip Market,33909,78.42,0.3419811320754717,424,145.0,424.0,424.0,339000.0,76.0,190.0,$181k-$383k,,True,
FL,Kissimmee Zip Market,34759,75.6,0.30424528301886794,424,129.0,424.0,424.0,284950.0,79.0,164.0,$152k-$322k,,True,
FL,Fort Lauderdale Zip Market,33322,65.83,0.2535885167464115,418,106.0,418.0,418.0,139998.0,94.0,96.0,$130k-$158k,,True,
FL,Lehigh Acres Zip Market,33974,70.81,0.25060240963855424,415,104.0,415.0,415.0,320000.0,83.0,126.0,$171k-$362k,,True,
FL,Homestead Zip Market,33033,71.17,0.22033898305084745,413,91.0,413.0,413.0,446836.0,67.0,116.0,$239k-$505k,,True,
FL,Hollywood Zip Market,33027,75.2,0.2951219512195122,410,121.0,410.0,410.0,270225.0,74.0,114.0,$145k-$305k,,True,
FL,Delray Beach Zip Market,33446,76.99,0.33080808080808083,396,131.0,396.0,396.0,214400.0,74.0,92.0,$130k-$242k,,True,
FL,Cape Coral Zip Market,33904,68.4,0.2430379746835443,395,96.0,395.0,395.0,399900.0,96.0,100.0,$214k-$452k,,True,
FL,Miami Beach Zip Market,33154,45.57,0.15897435897435896,390,62.0,390.0,390.0,1842450.0,116.0,44.0,$986k-$550k,,True,
FL,Fort Myers Zip Market,33913,73.47,0.28720626631853785,383,110.0,383.0,383.0,450000.0,80.0,100.0,$241k-$508k,,True,
FL,West Palm Beach Zip Market,33411,78.02,0.32020997375328086,381,122.0,381.0,381.0,409000.0,67.0,110.0,$219k-$462k,,True,
FL,New Port Richey Zip Market,34652,67.01,0.21052631578947367,380,80.0,380.0,380.0,240000.0,92.0,168.0,$130k-$271k,,True,
FL,Venice Zip Market,34293,84.36,0.5382585751978892,379,204.0,379.0,379.0,392425.0,82.0,104.0,$210k-$443k,,True,
FL,Saint Augustine Zip Market,32092,88.16,0.6914893617021277,376,260.0,376.0,376.0,500998.0,64.0,164.0,$268k-$550k,,True,
FL,Delray Beach Zip Market,33484,71.84,0.248,375,93.0,375.0,375.0,192500.0,71.0,110.0,$130k-$218k,,True,
FL,Hollywood Zip Market,33020,62.17,0.14133333333333334,375,53.0,375.0,375.0,394250.0,92.0,64.0,$211k-$446k,,True,
FL,Deerfield Beach Zip Market,33442,62.08,0.216,375,81.0,375.0,375.0,139725.0,99.0,76.0,$130k-$158k,,True,
FL,Lake Worth Zip Market,33467,80.19,0.38235294117647056,374,143.0,374.0,374.0,271700.0,74.0,114.0,$145k-$307k,,True,
FL,Pompano Beach Zip Market,33064,68.22,0.23056300268096513,373,86.0,373.0,373.0,355000.0,87.0,110.0,$190k-$401k,,True,
FL,Homestead Zip Market,33032,76.36,0.3279569892473118,372,122.0,372.0,372.0,456225.0,72.0,78.0,$244k-$516k,,True,
FL,Fort Myers Zip Market,33919,64.37,0.18528610354223432,367,68.0,367.0,367.0,239900.0,88.0,72.0,$130k-$271k,,True,
FL,Lehigh Acres Zip Market,33971,68.01,0.2219178082191781,365,81.0,365.0,365.0,323595.0,86.0,142.0,$173k-$366k,,True,
FL,Fort Lauderdale Zip Market,33311,71.52,0.2774725274725275,364,101.0,364.0,364.0,399900.0,86.0,94.0,$214k-$452k,,True,
FL,Hudson Zip Market,34667,67.96,0.21978021978021978,364,80.0,364.0,364.0,332250.0,85.0,142.0,$178k-$375k,,True,
FL,Fort Myers Beach Zip Market,33931,43.12,0.08033240997229917,361,29.0,361.0,361.0,736925.0,124.0,40.0,$394k-$550k,,True,
FL,Saint Petersburg Zip Market,33706,55.86,0.164804469273743,358,59.0,358.0,358.0,612250.0,104.0,108.0,$328k-$550k,,True,
FL,Leesburg Zip Market,34748,68.73,0.23529411764705882,357,84.0,357.0,357.0,309950.0,87.0,148.0,$166k-$350k,,True,
FL,Saint Augustine Zip Market,32080,59.24,0.19154929577464788,355,68.0,355.0,355.0,575000.0,91.0,92.0,$308k-$550k,,True,
FL,Port Charlotte Zip Market,33981,62.57,0.19318181818181818,352,68.0,352.0,352.0,489750.0,101.0,98.0,$262k-$550k,,True,
FL,Clermont Zip Market,34711,74.05,0.31805157593123207,349,111.0,349.0,349.0,495000.0,75.0,140.0,$265k-$550k,,True,
FL,Parrish Zip Market,34219,88.89,0.8017241379310345,348,279.0,348.0,348.0,423000.0,73.0,154.0,$226k-$478k,,True,
FL,West Palm Beach Zip Market,33417,59.81,0.20348837209302326,344,70.0,344.0,344.0,123825.0,87.0,70.0,$130k-$140k,,True,
FL,Wellington Zip Market,33414,53.46,0.2441860465116279,344,84.0,344.0,344.0,808750.0,85.0,84.0,$433k-$550k,,True,
FL,Boynton Beach Zip Market,33435,65.4,0.20116618075801748,343,69.0,343.0,343.0,277450.0,89.0,90.0,$148k-$314k,,True,
FL,Saint Augustine Zip Market,32084,70.87,0.25219941348973607,341,86.0,341.0,341.0,399900.0,77.0,130.0,$214k-$452k,,True,
FL,Hollywood Zip Market,33021,67.55,0.22941176470588234,340,78.0,340.0,340.0,306738.0,83.0,80.0,$164k-$347k,,True,
FL,Punta Gorda Zip Market,33950,66.32,0.23008849557522124,339,78.0,339.0,339.0,403700.0,104.0,96.0,$216k-$456k,,True,
FL,Saint Cloud Zip Market,34771,83.26,0.6023738872403561,337,203.0,337.0,337.0,469923.0,94.0,122.0,$251k-$531k,,True,
FL,Port Richey Zip Market,34668,75.72,0.29850746268656714,335,100.0,335.0,335.0,255470.0,70.0,176.0,$137k-$289k,,True,
FL,Sun City Center Zip Market,33573,74.87,0.3021148036253776,331,100.0,331.0,331.0,274950.0,75.0,138.0,$147k-$311k,,True,
FL,Hollywood Zip Market,33025,64.82,0.1903323262839879,331,63.0,331.0,331.0,293750.0,80.0,66.0,$157k-$332k,,True,
FL,Miami Zip Market,33178,65.92,0.25227963525835867,329,83.0,329.0,329.0,552500.0,72.0,72.0,$296k-$550k,,True,
FL,Bradenton Zip Market,34211,82.53,0.6951219512195121,328,228.0,328.0,328.0,564923.0,73.0,134.0,$302k-$550k,,True,
FL,Fort Lauderdale Zip Market,33301,47.85,0.2073170731707317,328,68.0,328.0,328.0,1487000.0,94.0,44.0,$796k-$550k,,True,
FL,Clearwater Beach Zip Market,33767,46.73,0.15853658536585366,328,52.0,328.0,328.0,823750.0,118.0,90.0,$441k-$550k,,True,
FL,Saint Petersburg Zip Market,33708,56.08,0.17737003058103976,327,58.0,327.0,327.0,597000.0,106.0,90.0,$319k-$550k,,True,
FL,Boca Raton Zip Market,33432,46.42,0.15479876160990713,323,50.0,323.0,323.0,1278500.0,89.0,54.0,$684k-$550k,,True,
FL,Kissimmee Zip Market,34744,71.13,0.25396825396825395,315,80.0,315.0,315.0,415000.0,73.0,120.0,$222k-$469k,,True,
FL,Pompano Beach Zip Market,33069,65.13,0.21337579617834396,314,67.0,314.0,314.0,255944.0,90.0,74.0,$137k-$289k,,True,
FL,Sarasota Zip Market,34236,60.61,0.46645367412140576,313,146.0,313.0,313.0,1859500.0,140.0,34.0,$995k-$550k,,True,
FL,Estero Zip Market,33928,71.47,0.35275080906148865,309,109.0,309.0,309.0,543500.0,81.0,74.0,$291k-$550k,,True,
FL,West Palm Beach Zip Market,33401,59.13,0.23127035830618892,307,71.0,307.0,307.0,520950.0,111.0,34.0,$279k-$550k,,True,
FL,Apollo Beach Zip Market,33572,67.27,0.25901639344262295,305,79.0,305.0,305.0,489475.0,88.0,126.0,$262k-$550k,,True,
FL,Saint Cloud Zip Market,34772,81.23,0.42244224422442245,303,128.0,303.0,303.0,430843.0,72.0,100.0,$231k-$487k,,True,
FL,Loxahatchee Zip Market,33470,58.58,0.28807947019867547,302,87.0,302.0,302.0,780000.0,71.0,98.0,$417k-$550k,,True,
FL,Saint Johns Zip Market,32259,80.98,0.59,300,177.0,300.0,300.0,595975.0,65.0,150.0,$319k-$550k,,True,
FL,Miami Zip Market,33133,48.09,0.2040133779264214,299,61.0,299.0,299.0,2050000.0,86.0,48.0,"$1,097k-$550k",,True,
FL,Palmetto Zip Market,34221,79.65,0.412751677852349,298,123.0,298.0,298.0,415925.0,80.0,138.0,$223k-$470k,,True,
FL,Miami Zip Market,33181,58.44,0.09797297297297297,296,29.0,296.0,296.0,332500.0,103.0,50.0,$178k-$376k,,True,
FL,West Palm Beach Zip Market,33404,55.83,0.21694915254237288,295,64.0,295.0,295.0,618750.0,110.0,66.0,$331k-$550k,,True,
FL,Lehigh Acres Zip Market,33972,69.26,0.2619047619047619,294,77.0,294.0,294.0,354487.0,82.0,90.0,$190k-$401k,,True,
FL,Cape Coral Zip Market,33991,71.28,0.30103806228373703,289,87.0,289.0,289.0,476950.0,81.0,96.0,$255k-$539k,,True,
FL,Bradenton Zip Market,34209,65.78,0.21875,288,63.0,288.0,288.0,399500.0,87.0,98.0,$214k-$451k,,True,
FL,Port Charlotte Zip Market,33952,73.64,0.32167832167832167,286,92.0,286.0,286.0,235575.0,80.0,86.0,$130k-$266k,,True,
FL,Palm Beach Zip Market,33480,43.74,0.1872791519434629,283,53.0,283.0,283.0,1500000.0,121.0,34.0,$802k-$550k,,True,
FL,Fort Lauderdale Zip Market,33316,43.06,0.09187279151943463,283,26.0,283.0,283.0,973500.0,112.0,54.0,$521k-$550k,,True,
FL,North Palm Beach Zip Market,33408,62.9,0.4804270462633452,281,135.0,281.0,281.0,745000.0,96.0,52.0,$399k-$550k,,True,
FL,Lehigh Acres Zip Market,33976,70.29,0.26785714285714285,280,75.0,280.0,280.0,329900.0,79.0,118.0,$176k-$373k,,True,
FL,Jacksonville Zip Market,32218,88.52,0.5971223021582733,278,166.0,278.0,278.0,321000.0,58.0,164.0,$172k-$363k,,True,
FL,Palm Beach Gardens Zip Market,33418,61.7,0.38489208633093525,278,107.0,278.0,278.0,725139.0,85.0,94.0,$388k-$550k,,True,
FL,Homestead Zip Market,33034,79.09,0.358695652173913,276,99.0,276.0,276.0,394248.0,60.0,72.0,$211k-$446k,,True,
FL,Saint Petersburg Zip Market,33707,64.66,0.21454545454545454,275,59.0,275.0,275.0,372175.0,93.0,98.0,$199k-$421k,,True,
FL,Punta Gorda Zip Market,33955,69.97,0.2956204379562044,274,81.0,274.0,274.0,357975.0,90.0,70.0,$192k-$405k,,True,
FL,Spring Hill Zip Market,34609,81.64,0.4411764705882353,272,120.0,272.0,272.0,341450.0,71.0,124.0,$183k-$386k,,True,
FL,North Fort Myers Zip Market,33917,76.21,0.4007352941176471,272,109.0,272.0,272.0,315250.0,88.0,66.0,$169k-$356k,,True,
FL,Riverview Zip Market,33578,70.95,0.2610294117647059,272,71.0,272.0,272.0,327450.0,71.0,120.0,$175k-$370k,,True,
FL,Tampa Zip Market,33647,68.68,0.2536764705882353,272,69.0,272.0,272.0,473700.0,75.0,132.0,$253k-$535k,,True,
FL,Riverview Zip Market,33579,71.66,0.2767527675276753,271,75.0,271.0,271.0,413000.0,74.0,124.0,$221k-$467k,,True,
FL,Fort Myers Zip Market,33905,68.45,0.26765799256505574,269,72.0,269.0,269.0,360000.0,84.0,76.0,$193k-$407k,,True,
FL,Sanford Zip Market,32771,76.05,0.3295880149812734,267,88.0,267.0,267.0,382475.0,69.0,128.0,$205k-$432k,,True,
FL,Lehigh Acres Zip Market,33936,68.3,0.24060150375939848,266,64.0,266.0,266.0,239750.0,73.0,86.0,$130k-$271k,,True,
FL,Sarasota Zip Market,34242,43.52,0.19172932330827067,266,51.0,266.0,266.0,1149750.0,123.0,34.0,$615k-$550k,,True,
FL,Boynton Beach Zip Market,33437,78.71,0.4490566037735849,265,119.0,265.0,265.0,367000.0,85.0,84.0,$196k-$415k,,True,
FL,Boca Raton Zip Market,33433,70.92,0.2943396226415094,265,78.0,265.0,265.0,399250.0,74.0,56.0,$214k-$451k,,True,
FL,Deland Zip Market,32724,71.3,0.2537878787878788,264,67.0,264.0,264.0,388625.0,65.0,110.0,$208k-$439k,,True,
FL,Key West Zip Market,33040,44.59,0.18631178707224336,263,49.0,263.0,263.0,1167000.0,115.0,50.0,$624k-$550k,,True,
FL,Fort Lauderdale Zip Market,33324,73.15,0.3,260,78.0,260.0,260.0,299900.0,70.0,84.0,$160k-$339k,,True,
FL,Delray Beach Zip Market,33445,65.52,0.2230769230769231,260,58.0,260.0,260.0,288725.0,82.0,82.0,$154k-$326k,,True,
FL,Green Cove Springs Zip Market,32043,81.5,0.515625,256,132.0,256.0,256.0,362400.0,81.0,106.0,$194k-$410k,,True,
FL,Boca Raton Zip Market,33487,46.95,0.21875,256,56.0,256.0,256.0,804750.0,86.0,36.0,$431k-$550k,,True,
FL,Labelle Zip Market,33935,61.69,0.17254901960784313,255,44.0,255.0,255.0,329900.0,91.0,90.0,$176k-$373k,,True,
FL,Miami Zip Market,33156,46.67,0.21568627450980393,255,55.0,255.0,255.0,2837500.0,95.0,44.0,"$1,518k-$550k",,True,
FL,Kissimmee Zip Market,34758,80.28,0.4505928853754941,253,114.0,253.0,253.0,320000.0,76.0,118.0,$171k-$362k,,True,
FL,New Port Richey Zip Market,34655,77.08,0.3493975903614458,249,87.0,249.0,249.0,374475.0,69.0,136.0,$200k-$423k,,True,
FL,Titusville Zip Market,32780,74.03,0.3185483870967742,248,79.0,248.0,248.0,299925.0,71.0,92.0,$160k-$339k,,True,
FL,Homestead Zip Market,33035,68.23,0.28225806451612906,248,70.0,248.0,248.0,334500.0,88.0,66.0,$179k-$378k,,True,
FL,Pompano Beach Zip Market,33068,67.68,0.2540322580645161,248,63.0,248.0,248.0,339000.0,78.0,76.0,$181k-$383k,,True,
FL,Wesley Chapel Zip Market,33543,76.62,0.3983739837398374,246,98.0,246.0,246.0,427500.0,87.0,120.0,$229k-$483k,,True,
FL,Coral Springs Zip Market,33065,68.55,0.26422764227642276,246,65.0,246.0,246.0,228950.0,76.0,72.0,$130k-$259k,,True,
FL,Mount Dora Zip Market,32757,79.14,0.4122448979591837,245,101.0,245.0,245.0,448000.0,73.0,116.0,$240k-$506k,,True,
FL,Dunedin Zip Market,34698,70.14,0.2827868852459016,244,69.0,244.0,244.0,410500.0,80.0,104.0,$220k-$464k,,True,
FL,Jacksonville Zip Market,32256,83.16,0.43209876543209874,243,105.0,243.0,243.0,285000.0,55.0,100.0,$152k-$322k,,True,
FL,Marathon Zip Market,33050,41.29,0.15767634854771784,241,38.0,241.0,241.0,1222000.0,106.0,30.0,$654k-$550k,,True,
FL,Lake Worth Zip Market,33463,78.62,0.36666666666666664,240,88.0,240.0,240.0,324450.0,59.0,72.0,$174k-$367k,,True,
FL,West Palm Beach Zip Market,33415,71.72,0.3,240,72.0,240.0,240.0,209000.0,73.0,74.0,$130k-$236k,,True,
FL,Ruskin Zip Market,33570,71.61,0.3125,240,75.0,240.0,240.0,349200.0,80.0,78.0,$187k-$395k,,True,
FL,Fort Lauderdale Zip Market,33312,59.47,0.275,240,66.0,240.0,240.0,679000.0,72.0,66.0,$363k-$550k,,True,
FL,Key Largo Zip Market,33037,45.19,0.20920502092050208,239,50.0,239.0,239.0,1272500.0,113.0,48.0,$681k-$550k,,True,
FL,Middleburg Zip Market,32068,82.17,0.47478991596638653,238,113.0,238.0,238.0,369900.0,68.0,118.0,$198k-$418k,,True,
FL,Jacksonville Zip Market,32244,81.34,0.39574468085106385,235,93.0,235.0,235.0,279924.0,55.0,100.0,$150k-$316k,,True,
FL,Pompano Beach Zip Market,33066,69.15,0.31063829787234043,235,73.0,235.0,235.0,207170.0,88.0,52.0,$130k-$234k,,True,
FL,Saint Petersburg Zip Market,33703,74.57,0.34913793103448276,232,81.0,232.0,232.0,448500.0,76.0,92.0,$240k-$507k,,True,
FL,Jacksonville Zip Market,32210,86.3,0.5714285714285714,231,132.0,231.0,231.0,231500.0,58.0,104.0,$130k-$262k,,True,
FL,Boynton Beach Zip Market,33436,78.12,0.39826839826839827,231,92.0,231.0,231.0,393450.0,67.0,68.0,$210k-$445k,,True,
FL,Tampa Zip Market,33611,69.05,0.3,230,69.0,230.0,230.0,542225.0,67.0,100.0,$290k-$550k,,True,
FL,Sanibel Zip Market,33957,37.38,0.10434782608695652,230,24.0,230.0,230.0,969375.0,158.0,16.0,$519k-$550k,,True,
FL,Windermere Zip Market,34786,57.23,0.3333333333333333,228,76.0,228.0,228.0,1071250.0,83.0,86.0,$573k-$550k,,True,
FL,Wimauma Zip Market,33598,75.44,0.3788546255506608,227,86.0,227.0,227.0,360950.0,78.0,80.0,$193k-$408k,,True,
FL,Kissimmee Zip Market,34741,62.43,0.19383259911894274,227,44.0,227.0,227.0,310000.0,82.0,74.0,$166k-$350k,,True,
FL,Lake Worth Zip Market,33461,57.21,0.20704845814977973,227,47.0,227.0,227.0,121000.0,81.0,66.0,$130k-$137k,,True,
FL,Jacksonville Zip Market,32209,65.07,0.2610619469026549,226,59.0,226.0,226.0,133750.0,70.0,88.0,$130k-$151k,,True,
FL,Bradenton Zip Market,34210,63.1,0.2345132743362832,226,53.0,226.0,226.0,295500.0,97.0,64.0,$158k-$334k,,True,
FL,Miami Zip Market,33157,60.53,0.39823008849557523,226,90.0,226.0,226.0,736250.0,74.0,50.0,$394k-$550k,,True,
FL,Hollywood Zip Market,33024,73.7,0.3377777777777778,225,76.0,225.0,225.0,487500.0,63.0,68.0,$261k-$550k,,True,
FL,Clearwater Zip Market,33756,61.44,0.19111111111111112,225,43.0,225.0,225.0,415600.0,93.0,90.0,$222k-$470k,,True,
FL,Sarasota Zip Market,34231,81.08,0.7366071428571429,224,165.0,224.0,224.0,411950.0,88.0,52.0,$220k-$466k,,True,
FL,Apopka Zip Market,32712,82.56,0.5112107623318386,223,114.0,223.0,223.0,456200.0,66.0,96.0,$244k-$516k,,True,
FL,Fort Lauderdale Zip Market,33309,75.04,0.33183856502242154,223,74.0,223.0,223.0,248000.0,61.0,66.0,$133k-$280k,,True,
FL,Wesley Chapel Zip Market,33545,79.16,0.4099099099099099,222,91.0,222.0,222.0,438325.0,68.0,112.0,$235k-$495k,,True,
FL,Miami Zip Market,33138,42.18,0.17117117117117117,222,38.0,222.0,222.0,792000.0,100.0,38.0,$424k-$550k,,True,
FL,Clermont Zip Market,34714,84.79,0.6153846153846154,221,136.0,221.0,221.0,444500.0,65.0,80.0,$238k-$502k,,True,
FL,Miami Zip Market,33129,40.22,0.1141552511415525,219,25.0,219.0,219.0,1198500.0,87.0,26.0,$641k-$550k,,True,
FL,Tampa Zip Market,33615,63.33,0.19724770642201836,218,43.0,218.0,218.0,439000.0,79.0,100.0,$235k-$496k,,True,
FL,Orlando Zip Market,32832,65.73,0.2916666666666667,216,63.0,216.0,216.0,533625.0,77.0,72.0,$285k-$550k,,True,
FL,Saint Augustine Zip Market,32086,75.69,0.330188679245283,212,70.0,212.0,212.0,416000.0,60.0,96.0,$223k-$470k,,True,
FL,Boca Raton Zip Market,33434,73.06,0.47641509433962265,212,101.0,212.0,212.0,149000.0,86.0,44.0,$130k-$168k,,True,
FL,Palm Harbor Zip Market,34684,66.14,0.24528301886792453,212,52.0,212.0,212.0,297450.0,76.0,80.0,$159k-$336k,,True,
FL,Ponte Vedra Beach Zip Market,32082,57.2,0.3113207547169811,212,66.0,212.0,212.0,958975.0,68.0,68.0,$513k-$550k,,True,
FL,Fort Lauderdale Zip Market,33326,62.46,0.20853080568720378,211,44.0,211.0,211.0,500000.0,66.0,60.0,$268k-$550k,,True,
FL,Fort Lauderdale Zip Market,33334,59.57,0.21800947867298578,211,46.0,211.0,211.0,552198.0,75.0,72.0,$295k-$550k,,True,
FL,Longboat Key Zip Market,34228,41.3,0.1848341232227488,211,39.0,211.0,211.0,1048500.0,141.0,36.0,$561k-$550k,,True,
FL,North Port Zip Market,34287,69.34,0.29523809523809524,210,62.0,210.0,210.0,299450.0,75.0,64.0,$160k-$338k,,True,
FL,Land O Lakes Zip Market,34638,79.63,0.41346153846153844,208,86.0,208.0,208.0,417475.0,64.0,110.0,$223k-$472k,,True,
FL,Orlando Zip Market,32835,63.83,0.25120772946859904,207,52.0,207.0,207.0,240875.0,85.0,50.0,$130k-$272k,,True,
FL,Deltona Zip Market,32725,77.11,0.35436893203883496,206,73.0,206.0,206.0,321250.0,59.0,88.0,$172k-$363k,,True,
FL,Sarasota Zip Market,34238,71.03,0.3592233009708738,206,74.0,206.0,206.0,419725.0,96.0,64.0,$225k-$474k,,True,
FL,Miami Zip Market,33161,54.31,0.1941747572815534,206,40.0,206.0,206.0,568500.0,85.0,46.0,$304k-$550k,,True,
FL,Saint Petersburg Zip Market,33701,43.12,0.1951219512195122,205,40.0,205.0,205.0,1250000.0,95.0,40.0,$669k-$550k,,True,
FL,North Port Zip Market,34286,72.08,0.3582089552238806,201,72.0,201.0,201.0,372450.0,80.0,58.0,$199k-$421k,,True,
FL,Deerfield Beach Zip Market,33441,58.23,0.1791044776119403,201,36.0,201.0,201.0,417450.0,94.0,52.0,$223k-$472k,,True,
FL,Saint Petersburg Zip Market,33715,52.92,0.14925373134328357,201,30.0,201.0,201.0,513750.0,123.0,48.0,$275k-$550k,,True,
FL,Orlando Zip Market,32824,70.31,0.27638190954773867,199,55.0,199.0,199.0,410000.0,64.0,74.0,$219k-$463k,,True,
FL,Pompano Beach Zip Market,33060,61.94,0.21608040201005024,199,43.0,199.0,199.0,450000.0,79.0,52.0,$241k-$508k,,True,
FL,Orlando Zip Market,32819,55.82,0.18592964824120603,199,37.0,199.0,199.0,525000.0,87.0,54.0,$281k-$550k,,True,
FL,Orlando Zip Market,32821,54.88,0.13131313131313133,198,26.0,198.0,198.0,245000.0,102.0,38.0,$131k-$277k,,True,
FL,Punta Gorda Zip Market,33982,77.82,0.4153846153846154,195,81.0,195.0,195.0,436818.0,65.0,66.0,$234k-$494k,,True,
FL,North Port Zip Market,34288,68.37,0.3384615384615385,195,66.0,195.0,195.0,365925.0,92.0,46.0,$196k-$413k,,True,
FL,Fort Lauderdale Zip Market,33305,42.84,0.17435897435897435,195,34.0,195.0,195.0,1172500.0,88.0,46.0,$627k-$550k,,True,
FL,Tampa Zip Market,33602,42.43,0.11794871794871795,195,23.0,195.0,195.0,842000.0,82.0,54.0,$450k-$550k,,True,
FL,Groveland Zip Market,34736,81.6,0.5677083333333334,192,109.0,192.0,192.0,397550.0,69.0,70.0,$213k-$449k,,True,
FL,Tarpon Springs Zip Market,34689,69.96,0.296875,192,57.0,192.0,192.0,429974.0,73.0,86.0,$230k-$486k,,True,
FL,Fort Myers Zip Market,33907,58.27,0.20833333333333334,192,40.0,192.0,192.0,179725.0,109.0,46.0,$130k-$203k,,True,
FL,Orlando Zip Market,32822,65.89,0.2617801047120419,191,50.0,191.0,191.0,199225.0,75.0,62.0,$130k-$225k,,True,
FL,Clearwater Zip Market,33763,61.29,0.19895287958115182,191,38.0,191.0,191.0,188625.0,81.0,74.0,$130k-$213k,,True,
FL,Port Charlotte Zip Market,33948,62.37,0.24210526315789474,190,46.0,190.0,190.0,314248.0,90.0,60.0,$168k-$355k,,True,
FL,Apopka Zip Market,32703,83.09,0.5396825396825397,189,102.0,189.0,189.0,399235.0,60.0,86.0,$214k-$451k,,True,
FL,Jupiter Zip Market,33458,71.37,0.4627659574468085,188,87.0,188.0,188.0,668500.0,54.0,64.0,$358k-$550k,,True,
FL,Bradenton Zip Market,34202,61.36,0.42780748663101603,187,80.0,187.0,187.0,734725.0,71.0,58.0,$393k-$550k,,True,
FL,Boca Raton Zip Market,33428,70.31,0.2956989247311828,186,55.0,186.0,186.0,346125.0,64.0,56.0,$185k-$391k,,True,
FL,Tampa Zip Market,33610,66.79,0.26344086021505375,186,49.0,186.0,186.0,325000.0,77.0,100.0,$174k-$367k,,True,
FL,North Fort Myers Zip Market,33903,57.68,0.1881720430107527,186,35.0,186.0,186.0,290000.0,114.0,60.0,$155k-$328k,,True,
FL,Englewood Zip Market,34223,67.49,0.3621621621621622,185,67.0,185.0,185.0,484650.0,104.0,50.0,$259k-$548k,,True,
FL,Orlando Zip Market,32839,54.92,0.15675675675675677,185,29.0,185.0,185.0,160000.0,87.0,44.0,$130k-$181k,,True,
FL,Coral Springs Zip Market,33071,64.4,0.27717391304347827,184,51.0,184.0,184.0,355625.0,81.0,40.0,$190k-$402k,,True,
FL,Orlando Zip Market,32827,48.52,0.2608695652173913,184,48.0,184.0,184.0,763500.0,87.0,56.0,$408k-$550k,,True,
FL,Tampa Zip Market,33604,73.61,0.33516483516483514,182,61.0,182.0,182.0,412028.0,65.0,82.0,$220k-$466k,,True,
FL,Holiday Zip Market,34691,69.6,0.3021978021978022,182,55.0,182.0,182.0,242450.0,75.0,88.0,$130k-$274k,,True,
FL,Lake Worth Zip Market,33462,65.22,0.2802197802197802,182,51.0,182.0,182.0,389442.0,78.0,42.0,$208k-$440k,,True,
FL,Miami Zip Market,33162,59.67,0.21428571428571427,182,39.0,182.0,182.0,457450.0,78.0,38.0,$245k-$517k,,True,
FL,Palm Beach Gardens Zip Market,33410,65.53,0.39226519337016574,181,71.0,181.0,181.0,671975.0,59.0,40.0,$360k-$550k,,True,
FL,Winter Park Zip Market,32789,55.33,0.30939226519337015,181,56.0,181.0,181.0,1249500.0,69.0,64.0,$668k-$550k,,True,
FL,Sarasota Zip Market,34243,70.13,0.35555555555555557,180,64.0,180.0,180.0,415725.0,89.0,62.0,$222k-$470k,,True,
FL,Rotonda West Zip Market,33947,66.48,0.32222222222222224,180,58.0,180.0,180.0,399250.0,91.0,42.0,$214k-$451k,,True,
FL,Nokomis Zip Market,34275,76.84,0.659217877094972,179,118.0,179.0,179.0,539940.0,74.0,62.0,$289k-$550k,,True,
FL,Saint Augustine Zip Market,32095,73.35,0.4581005586592179,179,82.0,179.0,179.0,512245.0,81.0,76.0,$274k-$550k,,True,
FL,Miami Zip Market,33186,70.16,0.3743016759776536,179,67.0,179.0,179.0,530000.0,65.0,44.0,$284k-$550k,,True,
FL,Hialeah Zip Market,33015,67.49,0.30726256983240224,179,55.0,179.0,179.0,303525.0,78.0,48.0,$162k-$343k,,True,
FL,Tavares Zip Market,32778,64.38,0.25280898876404495,178,45.0,178.0,178.0,342500.0,76.0,60.0,$183k-$387k,,True,
FL,Spring Hill Zip Market,34608,76.83,0.3785310734463277,177,67.0,177.0,177.0,332250.0,58.0,72.0,$178k-$375k,,True,
FL,Spring Hill Zip Market,34606,75.76,0.3559322033898305,177,63.0,177.0,177.0,292450.0,60.0,88.0,$156k-$330k,,True,
FL,Saint Petersburg Zip Market,33702,62.88,0.24293785310734464,177,43.0,177.0,177.0,309750.0,82.0,64.0,$166k-$350k,,True,
FL,Hollywood Zip Market,33023,79.42,0.4943181818181818,176,87.0,176.0,176.0,501225.0,51.0,64.0,$268k-$550k,,True,
FL,Fort Myers Zip Market,33916,71.38,0.375,176,66.0,176.0,176.0,275750.0,81.0,54.0,$148k-$312k,,True,
FL,Altamonte Springs Zip Market,32714,63.54,0.21022727272727273,176,37.0,176.0,176.0,207000.0,67.0,70.0,$130k-$234k,,True,
FL,Venice Zip Market,34285,56.07,0.19318181818181818,176,34.0,176.0,176.0,390000.0,103.0,38.0,$209k-$441k,,True,
FL,Ponte Vedra Zip Market,32081,71.83,0.6685714285714286,175,117.0,175.0,175.0,676175.0,68.0,64.0,$362k-$550k,,True,
FL,Cape Coral Zip Market,33990,70.31,0.32,175,56.0,175.0,175.0,396000.0,72.0,70.0,$212k-$447k,,True,
FL,Orlando Zip Market,32837,64.91,0.22857142857142856,175,40.0,175.0,175.0,408000.0,68.0,84.0,$218k-$461k,,True,
FL,Miami Zip Market,33169,56.91,0.18285714285714286,175,32.0,175.0,175.0,327375.0,87.0,42.0,$175k-$370k,,True,
FL,Saint Petersburg Zip Market,33705,62.53,0.20689655172413793,174,36.0,174.0,174.0,379750.0,71.0,74.0,$203k-$429k,,True,
FL,Fort Myers Zip Market,33901,61.68,0.2658959537572254,173,46.0,173.0,173.0,288613.0,87.0,36.0,$154k-$326k,,True,
FL,Jacksonville Beach Zip Market,32250,58.08,0.3236994219653179,173,56.0,173.0,173.0,699950.0,78.0,70.0,$374k-$550k,,True,
FL,Boca Raton Zip Market,33496,56.05,0.37572254335260113,173,65.0,173.0,173.0,924225.0,81.0,52.0,$494k-$550k,,True,
FL,Miami Zip Market,33134,55.58,0.37572254335260113,173,65.0,173.0,173.0,1039500.0,76.0,38.0,$556k-$550k,,True,
FL,Orlando Zip Market,32828,72.56,0.3488372093023256,172,60.0,172.0,172.0,477450.0,65.0,82.0,$255k-$540k,,True,
FL,Lake Mary Zip Market,32746,73.65,0.3567251461988304,171,61.0,171.0,171.0,489000.0,56.0,68.0,$262k-$550k,,True,
FL,Saint Petersburg Zip Market,33709,60.81,0.21052631578947367,171,36.0,171.0,171.0,207450.0,80.0,68.0,$130k-$234k,,True,
FL,Odessa Zip Market,33556,56.44,0.3333333333333333,171,57.0,171.0,171.0,728225.0,73.0,102.0,$390k-$550k,,True,
FL,Boynton Beach Zip Market,33426,65.01,0.25882352941176473,170,44.0,170.0,170.0,312500.0,70.0,56.0,$167k-$353k,,True,
FL,West Palm Beach Zip Market,33407,78.08,0.5502958579881657,169,93.0,169.0,169.0,422500.0,72.0,48.0,$226k-$477k,,True,
FL,Brandon Zip Market,33511,73.8,0.35502958579881655,169,60.0,169.0,169.0,379000.0,65.0,76.0,$203k-$428k,,True,
FL,Jacksonville Zip Market,32219,83.53,0.6071428571428571,168,102.0,168.0,168.0,322445.0,56.0,76.0,$173k-$364k,,True,
FL,Jacksonville Zip Market,32246,71.54,0.2857142857142857,168,48.0,168.0,168.0,314350.0,52.0,84.0,$168k-$355k,,True,
FL,Hollywood Zip Market,33026,65.7,0.31137724550898205,167,52.0,167.0,167.0,326250.0,86.0,46.0,$175k-$369k,,True,
FL,Punta Gorda Zip Market,33983,61.43,0.23952095808383234,167,40.0,167.0,167.0,341700.0,78.0,48.0,$183k-$386k,,True,
FL,Saint Petersburg Zip Market,33711,60.48,0.23952095808383234,167,40.0,167.0,167.0,325000.0,96.0,64.0,$174k-$367k,,True,
FL,Jacksonville Zip Market,32205,70.89,0.3493975903614458,166,58.0,166.0,166.0,282000.0,78.0,86.0,$151k-$319k,,True,
FL,Tampa Zip Market,33629,54.47,0.3674698795180723,166,61.0,166.0,166.0,1916250.0,86.0,52.0,"$1,025k-$550k",,True,
FL,Jupiter Zip Market,33477,47.05,0.30120481927710846,166,50.0,166.0,166.0,749500.0,103.0,30.0,$401k-$550k,,True,
FL,Orlando Zip Market,32808,72.12,0.37575757575757573,165,62.0,165.0,165.0,273675.0,72.0,56.0,$146k-$309k,,True,
FL,Bradenton Zip Market,34205,61.49,0.2545454545454545,165,42.0,165.0,165.0,289250.0,92.0,60.0,$155k-$327k,,True,
FL,Miami Zip Market,33196,54.6,0.24848484848484848,165,41.0,165.0,165.0,634275.0,62.0,28.0,$339k-$550k,,True,
FL,Homestead Zip Market,33030,49.15,0.2621951219512195,164,43.0,164.0,164.0,744200.0,68.0,42.0,$398k-$550k,,True,
FL,West Palm Beach Zip Market,33412,49.04,0.2926829268292683,164,48.0,164.0,164.0,1105000.0,81.0,40.0,$591k-$550k,,True,
FL,Winter Park Zip Market,32792,63.76,0.24539877300613497,163,40.0,163.0,163.0,425000.0,69.0,58.0,$227k-$480k,,True,
FL,Oviedo Zip Market,32765,74.83,0.41358024691358025,162,67.0,162.0,162.0,487500.0,64.0,86.0,$261k-$550k,,True,
FL,Pompano Beach Zip Market,33076,64.55,0.5061728395061729,162,82.0,162.0,162.0,1062500.0,55.0,48.0,$568k-$550k,,True,
FL,Delray Beach Zip Market,33483,45.72,0.2839506172839506,162,46.0,162.0,162.0,1311250.0,93.0,28.0,$702k-$550k,,True,
FL,Jacksonville Zip Market,32208,77.47,0.4161490683229814,161,67.0,161.0,161.0,176000.0,56.0,80.0,$130k-$199k,,True,
FL,Bradenton Zip Market,34212,68.25,0.422360248447205,161,68.0,161.0,161.0,558875.0,81.0,68.0,$299k-$550k,,True,
FL,Zephyrhills Zip Market,33541,80.39,0.60625,160,97.0,160.0,160.0,351000.0,68.0,74.0,$188k-$397k,,True,
FL,New Port Richey Zip Market,34653,64.13,0.2625,160,42.0,160.0,160.0,267400.0,73.0,60.0,$143k-$302k,,True,
FL,Bradenton Beach Zip Market,34217,37.23,0.15723270440251572,159,25.0,159.0,159.0,1283225.0,143.0,36.0,$687k-$550k,,True,
FL,Bradenton Zip Market,34203,68.0,0.2911392405063291,158,46.0,158.0,158.0,376750.0,66.0,66.0,$202k-$426k,,True,
FL,Orlando Zip Market,32811,60.28,0.22151898734177214,158,35.0,158.0,158.0,204500.0,71.0,42.0,$130k-$231k,,True,
FL,Saint Petersburg Zip Market,33710,74.49,0.35668789808917195,157,56.0,157.0,157.0,449225.0,60.0,104.0,$240k-$508k,,True,
FL,Miami Zip Market,33143,49.63,0.3375796178343949,157,53.0,157.0,157.0,1262500.0,78.0,20.0,$675k-$550k,,True,
FL,Hollywood Zip Market,33029,57.57,0.34615384615384615,156,54.0,156.0,156.0,793000.0,53.0,46.0,$424k-$550k,,True,
FL,Jacksonville Zip Market,32216,70.55,0.32903225806451614,155,51.0,155.0,155.0,261250.0,67.0,84.0,$140k-$295k,,True,
FL,Palm Harbor Zip Market,34683,69.05,0.34838709677419355,155,54.0,155.0,155.0,499250.0,69.0,74.0,$267k-$550k,,True,
FL,Tampa Zip Market,33619,65.94,0.23870967741935484,155,37.0,155.0,155.0,326950.0,59.0,90.0,$175k-$369k,,True,
FL,Miami Zip Market,33127,36.31,0.11612903225806452,155,18.0,155.0,155.0,855450.0,86.0,22.0,$458k-$550k,,True,
FL,Orlando Zip Market,32836,41.94,0.16233766233766234,154,25.0,154.0,154.0,1090000.0,74.0,50.0,$583k-$550k,,True,
FL,Tampa Zip Market,33617,65.33,0.2679738562091503,153,41.0,153.0,153.0,313498.0,71.0,78.0,$168k-$354k,,True,
FL,Miami Zip Market,33166,54.21,0.21052631578947367,152,32.0,152.0,152.0,570750.0,66.0,36.0,$305k-$550k,,True,
FL,Key Biscayne Zip Market,33149,35.85,0.16,150,24.0,150.0,150.0,2397500.0,99.0,20.0,"$1,283k-$550k",,True,
FL,Deland Zip Market,32720,73.85,0.4161073825503356,149,62.0,149.0,149.0,367750.0,68.0,60.0,$197k-$416k,,True,
FL,Jacksonville Zip Market,32225,72.53,0.3221476510067114,149,48.0,149.0,149.0,399100.0,54.0,94.0,$214k-$451k,,True,
FL,Port Charlotte Zip Market,33953,65.59,0.3288590604026846,149,49.0,149.0,149.0,361689.0,83.0,46.0,$194k-$409k,,True,
FL,Fort Lauderdale Zip Market,33317,62.54,0.2751677852348993,149,41.0,149.0,149.0,510000.0,67.0,52.0,$273k-$550k,,True,
FL,Englewood Zip Market,34224,67.63,0.36486486486486486,148,54.0,148.0,148.0,322475.0,75.0,32.0,$173k-$364k,,True,
FL,Bradenton Zip Market,34208,67.16,0.34459459459459457,148,51.0,148.0,148.0,432200.0,85.0,60.0,$231k-$488k,,True,
FL,Miami Zip Market,33176,62.19,0.36486486486486486,148,54.0,148.0,148.0,527500.0,91.0,32.0,$282k-$550k,,True,
FL,Yulee Zip Market,32097,78.67,0.5918367346938775,147,87.0,147.0,147.0,434950.0,65.0,52.0,$233k-$491k,,True,
FL,Jacksonville Zip Market,32207,75.44,0.3877551020408163,147,57.0,147.0,147.0,327748.0,53.0,68.0,$175k-$370k,,True,
FL,Miami Zip Market,33193,64.48,0.2789115646258503,147,41.0,147.0,147.0,353250.0,66.0,40.0,$189k-$399k,,True,
FL,Hialeah Zip Market,33012,62.87,0.2789115646258503,147,41.0,147.0,147.0,284500.0,74.0,40.0,$152k-$321k,,True,
FL,Fort Myers Zip Market,33912,57.13,0.2585034013605442,147,38.0,147.0,147.0,461975.0,100.0,34.0,$247k-$522k,,True,
FL,Placida Zip Market,33946,40.1,0.08904109589041095,146,13.0,146.0,146.0,623750.0,167.0,20.0,$334k-$550k,,True,
FL,Indian Rocks Beach Zip Market,33785,37.89,0.1597222222222222,144,23.0,144.0,144.0,798450.0,119.0,52.0,$427k-$550k,,True,
FL,Sarasota Zip Market,34232,68.34,0.34965034965034963,143,50.0,143.0,143.0,376975.0,80.0,68.0,$202k-$426k,,True,
FL,Oldsmar Zip Market,34677,60.46,0.2517482517482518,143,36.0,143.0,143.0,350900.0,78.0,46.0,$188k-$397k,,True,
FL,Fort Lauderdale Zip Market,33315,49.83,0.22535211267605634,142,32.0,142.0,142.0,597975.0,86.0,36.0,$320k-$550k,,True,
FL,Sarasota Zip Market,34239,46.28,0.29577464788732394,142,42.0,142.0,142.0,1162000.0,98.0,42.0,$622k-$550k,,True,
FL,Deltona Zip Market,32738,76.13,0.4397163120567376,141,62.0,141.0,141.0,330450.0,55.0,52.0,$177k-$373k,,True,
FL,New Port Richey Zip Market,34654,60.52,0.2127659574468085,141,30.0,141.0,141.0,333750.0,70.0,74.0,$179k-$377k,,True,
FL,Miami Zip Market,33177,58.52,0.3191489361702128,141,45.0,141.0,141.0,659250.0,61.0,42.0,$353k-$550k,,True,
FL,Clearwater Zip Market,33764,66.64,0.29285714285714287,140,41.0,140.0,140.0,291225.0,66.0,66.0,$156k-$329k,,True,
FL,Jupiter Zip Market,33469,50.7,0.3357142857142857,140,47.0,140.0,140.0,791075.0,71.0,30.0,$423k-$550k,,True,
FL,Orange Park Zip Market,32065,73.95,0.39568345323741005,139,55.0,139.0,139.0,344975.0,61.0,72.0,$185k-$390k,,True,
FL,Delray Beach Zip Market,33444,44.07,0.2446043165467626,139,34.0,139.0,139.0,761944.0,75.0,38.0,$408k-$550k,,True,
FL,Altamonte Springs Zip Market,32701,57.47,0.21739130434782608,138,30.0,138.0,138.0,202500.0,85.0,60.0,$130k-$229k,,True,
FL,Miami Zip Market,33126,53.1,0.18115942028985507,138,25.0,138.0,138.0,305000.0,79.0,26.0,$163k-$345k,,True,
FL,Clermont Zip Market,34715,76.02,0.7299270072992701,137,100.0,137.0,137.0,526870.0,65.0,52.0,$282k-$550k,,True,
FL,Dade City Zip Market,33525,70.48,0.46715328467153283,137,64.0,137.0,137.0,407993.0,83.0,38.0,$218k-$461k,,True,
FL,Hialeah Zip Market,33018,63.17,0.3284671532846715,137,45.0,137.0,137.0,545000.0,59.0,32.0,$292k-$550k,,True,
FL,Punta Gorda Zip Market,33980,65.5,0.3602941176470588,136,49.0,136.0,136.0,279000.0,90.0,42.0,$149k-$315k,,True,
FL,Clearwater Zip Market,33755,63.13,0.2867647058823529,136,39.0,136.0,136.0,419750.0,82.0,66.0,$225k-$474k,,True,
FL,Lake Worth Beach Zip Market,33460,60.04,0.21323529411764705,136,29.0,136.0,136.0,449000.0,65.0,52.0,$240k-$507k,,True,
FL,Fort Lauderdale Zip Market,33323,46.73,0.16176470588235295,136,22.0,136.0,136.0,538000.0,91.0,24.0,$288k-$550k,,True,
FL,Saint Petersburg Zip Market,33713,75.65,0.45185185185185184,135,61.0,135.0,135.0,455975.0,59.0,64.0,$244k-$515k,,True,
FL,Lutz Zip Market,33558,58.06,0.17777777777777778,135,24.0,135.0,135.0,464325.0,65.0,66.0,$248k-$525k,,True,
FL,Tampa Zip Market,33612,66.22,0.2857142857142857,133,38.0,133.0,133.0,355000.0,64.0,68.0,$190k-$401k,,True,
FL,Tampa Zip Market,33614,65.78,0.29545454545454547,132,39.0,132.0,132.0,407500.0,67.0,62.0,$218k-$460k,,True,
FL,Orlando Zip Market,32825,73.63,0.3893129770992366,131,51.0,131.0,131.0,399245.0,52.0,52.0,$214k-$451k,,True,
FL,Brooksville Zip Market,34613,69.85,0.44274809160305345,131,58.0,131.0,131.0,377475.0,80.0,40.0,$202k-$427k,,True,
FL,Sarasota Zip Market,34240,57.34,0.46564885496183206,131,61.0,131.0,131.0,760000.0,66.0,32.0,$407k-$550k,,True,
FL,Jacksonville Zip Market,32224,79.51,0.8307692307692308,130,108.0,130.0,130.0,469225.0,62.0,58.0,$251k-$530k,,True,
FL,Orange Park Zip Market,32073,75.55,0.4,130,52.0,130.0,130.0,325875.0,49.0,74.0,$174k-$368k,,True,
FL,Brooksville Zip Market,34614,67.0,0.3923076923076923,130,51.0,130.0,130.0,379973.0,87.0,42.0,$203k-$429k,,True,
FL,Bradenton Zip Market,34207,50.05,0.19230769230769232,130,25.0,130.0,130.0,149700.0,95.0,38.0,$130k-$169k,,True,
FL,Miami Zip Market,33175,51.3,0.3671875,128,47.0,128.0,128.0,826498.0,73.0,30.0,$442k-$550k,,True,
FL,Ocoee Zip Market,34761,77.11,0.5905511811023622,127,75.0,127.0,127.0,443500.0,65.0,52.0,$237k-$501k,,True,
FL,Saint Cloud Zip Market,34769,65.35,0.2992125984251969,127,38.0,127.0,127.0,299999.0,67.0,58.0,$160k-$339k,,True,
FL,Orlando Zip Market,32801,53.21,0.11023622047244094,127,14.0,127.0,127.0,313125.0,73.0,44.0,$168k-$354k,,True,
FL,Lithia Zip Market,33547,58.89,0.2698412698412698,126,34.0,126.0,126.0,542475.0,67.0,56.0,$290k-$550k,,True,
FL,Tampa Zip Market,33609,51.27,0.3253968253968254,126,41.0,126.0,126.0,768750.0,69.0,52.0,$411k-$550k,,True,
FL,Hobe Sound Zip Market,33455,42.41,0.2222222222222222,126,28.0,126.0,126.0,679983.0,99.0,26.0,$364k-$550k,,True,
FL,Clearwater Zip Market,33761,65.62,0.32,125,40.0,125.0,125.0,260000.0,71.0,54.0,$139k-$294k,,True,
FL,Sarasota Zip Market,34235,56.13,0.232,125,29.0,125.0,125.0,298000.0,91.0,48.0,$159k-$337k,,True,
FL,Fort Lauderdale Zip Market,33351,67.33,0.37398373983739835,123,46.0,123.0,123.0,269500.0,67.0,30.0,$144k-$305k,,True,
FL,Miami Zip Market,33145,44.0,0.22764227642276422,123,28.0,123.0,123.0,893500.0,64.0,38.0,$478k-$550k,,True,
FL,Miami Zip Market,33172,61.85,0.28688524590163933,122,35.0,122.0,122.0,310000.0,66.0,28.0,$166k-$350k,,True,
FL,Alva Zip Market,33920,58.93,0.32231404958677684,121,39.0,121.0,121.0,484668.0,92.0,30.0,$259k-$548k,,True,
FL,Dania Zip Market,33004,55.94,0.2231404958677686,121,27.0,121.0,121.0,329500.0,79.0,40.0,$176k-$372k,,True,
FL,Riverview Zip Market,33569,62.45,0.25,120,30.0,120.0,120.0,401950.0,62.0,64.0,$215k-$454k,,True,
FL,Spring Hill Zip Market,34607,51.41,0.18333333333333332,120,22.0,120.0,120.0,497700.0,81.0,46.0,$266k-$550k,,True,
FL,Miami Zip Market,33155,50.97,0.3333333333333333,120,40.0,120.0,120.0,795000.0,63.0,34.0,$425k-$550k,,True,
FL,Sanford Zip Market,32773,73.25,0.4369747899159664,119,52.0,119.0,119.0,337395.0,62.0,58.0,$181k-$381k,,True,
FL,Orlando Zip Market,32806,64.56,0.35294117647058826,119,42.0,119.0,119.0,499000.0,71.0,46.0,$267k-$550k,,True,
FL,Fort Lauderdale Zip Market,33328,63.44,0.3559322033898305,118,42.0,118.0,118.0,544337.0,66.0,44.0,$291k-$550k,,True,
FL,Fort Lauderdale Zip Market,33325,49.68,0.2542372881355932,118,30.0,118.0,118.0,669500.0,67.0,36.0,$358k-$550k,,True,
FL,West Palm Beach Zip Market,33409,57.84,0.27350427350427353,117,32.0,117.0,117.0,235500.0,80.0,28.0,$130k-$266k,,True,
FL,Saint Petersburg Zip Market,33712,64.08,0.31896551724137934,116,37.0,116.0,116.0,382450.0,67.0,36.0,$205k-$432k,,True,
FL,Pompano Beach Zip Market,33067,44.39,0.27586206896551724,116,32.0,116.0,116.0,749950.0,76.0,36.0,$401k-$550k,,True,
FL,Winter Springs Zip Market,32708,74.56,0.4782608695652174,115,55.0,115.0,115.0,398200.0,59.0,52.0,$213k-$450k,,True,
FL,Venice Zip Market,34292,67.87,0.40869565217391307,115,47.0,115.0,115.0,438750.0,73.0,36.0,$235k-$496k,,True,
FL,Zephyrhills Zip Market,33542,58.44,0.24347826086956523,115,28.0,115.0,115.0,262595.0,73.0,48.0,$140k-$297k,,True,
FL,Jacksonville Zip Market,32226,66.76,0.3508771929824561,114,40.0,114.0,114.0,445000.0,68.0,46.0,$238k-$503k,,True,
FL,Orlando Zip Market,32812,72.47,0.415929203539823,113,47.0,113.0,113.0,348450.0,59.0,58.0,$186k-$394k,,True,
FL,Longwood Zip Market,32779,68.5,0.39823008849557523,113,45.0,113.0,113.0,485750.0,67.0,60.0,$260k-$549k,,True,
FL,Fort Myers Zip Market,33967,67.28,0.36283185840707965,113,41.0,113.0,113.0,395000.0,64.0,36.0,$211k-$446k,,True,
FL,Boynton Beach Zip Market,33472,62.65,0.3008849557522124,113,34.0,113.0,113.0,400750.0,69.0,40.0,$214k-$453k,,True,
FL,Captiva Zip Market,33924,28.59,0.061946902654867256,113,7.0,113.0,113.0,1509750.0,189.0,12.0,$808k-$550k,,True,
FL,Seminole Zip Market,33777,60.22,0.25892857142857145,112,29.0,112.0,112.0,292000.0,66.0,44.0,$156k-$330k,,True,
FL,Kissimmee Zip Market,34743,59.78,0.25892857142857145,112,29.0,112.0,112.0,349000.0,68.0,44.0,$187k-$394k,,True,
FL,Sarasota Zip Market,34241,59.42,0.9099099099099099,111,101.0,111.0,111.0,730500.0,83.0,46.0,$391k-$550k,,True,
FL,Land O Lakes Zip Market,34637,56.11,0.2072072072072072,111,23.0,111.0,111.0,423125.0,71.0,50.0,$226k-$478k,,True,
FL,Debary Zip Market,32713,74.99,0.4818181818181818,110,53.0,110.0,110.0,398750.0,53.0,50.0,$213k-$451k,,True,
FL,Tampa Zip Market,33605,60.82,0.24545454545454545,110,27.0,110.0,110.0,319950.0,63.0,60.0,$171k-$362k,,True,
FL,Tampa Zip Market,33603,57.14,0.23636363636363636,110,26.0,110.0,110.0,499900.0,65.0,52.0,$267k-$550k,,True,
FL,Miami Zip Market,33170,53.24,0.2727272727272727,110,30.0,110.0,110.0,567000.0,69.0,24.0,$303k-$550k,,True,
FL,Boca Raton Zip Market,33431,48.0,0.35454545454545455,110,39.0,110.0,110.0,795000.0,77.0,28.0,$425k-$550k,,True,
FL,Miami Zip Market,33125,47.46,0.20909090909090908,110,23.0,110.0,110.0,461500.0,106.0,12.0,$247k-$521k,,True,
FL,Valrico Zip Market,33594,66.14,0.3211009174311927,109,35.0,109.0,109.0,436150.0,62.0,56.0,$233k-$493k,,True,
FL,Port Charlotte Zip Market,33954,70.71,0.4166666666666667,108,45.0,108.0,108.0,331225.0,58.0,38.0,$177k-$374k,,True,
FL,San Antonio Zip Market,33576,67.84,0.4722222222222222,108,51.0,108.0,108.0,360860.0,87.0,40.0,$193k-$408k,,True,
FL,Miami Zip Market,33167,52.49,0.25,108,27.0,108.0,108.0,533750.0,76.0,34.0,$286k-$550k,,True,
FL,Brooksville Zip Market,34601,64.91,0.45794392523364486,107,49.0,107.0,107.0,499750.0,86.0,38.0,$267k-$550k,,True,
FL,Jacksonville Zip Market,32257,77.22,0.5754716981132075,106,61.0,106.0,106.0,360000.0,54.0,58.0,$193k-$407k,,True,
FL,Saint Cloud Zip Market,34773,68.01,0.5,106,53.0,106.0,106.0,394475.0,80.0,28.0,$211k-$446k,,True,
FL,Largo Zip Market,33770,60.01,0.2830188679245283,106,30.0,106.0,106.0,399924.0,79.0,56.0,$214k-$452k,,True,
FL,Titusville Zip Market,32796,70.88,0.4666666666666667,105,49.0,105.0,105.0,305000.0,68.0,46.0,$163k-$345k,,True,
FL,Casselberry Zip Market,32707,63.53,0.26666666666666666,105,28.0,105.0,105.0,330925.0,47.0,48.0,$177k-$374k,,True,
FL,West Palm Beach Zip Market,33405,49.5,0.4380952380952381,105,46.0,105.0,105.0,2378750.0,87.0,22.0,"$1,273k-$550k",,True,
FL,Jacksonville Zip Market,32206,58.06,0.2692307692307692,104,28.0,104.0,104.0,195675.0,80.0,48.0,$130k-$221k,,True,
FL,Tampa Zip Market,33624,74.87,0.47572815533980584,103,49.0,103.0,103.0,439950.0,52.0,62.0,$235k-$497k,,True,
FL,Brandon Zip Market,33510,65.31,0.30392156862745096,102,31.0,102.0,102.0,359000.0,54.0,48.0,$192k-$406k,,True,
FL,Tampa Zip Market,33606,44.91,0.3235294117647059,102,33.0,102.0,102.0,1199472.0,95.0,44.0,$642k-$550k,,True,
FL,Orlando Zip Market,32818,69.93,0.5346534653465347,101,54.0,101.0,101.0,349500.0,76.0,36.0,$187k-$395k,,True,
FL,Seminole Zip Market,33772,67.7,0.3564356435643564,101,36.0,101.0,101.0,371200.0,64.0,62.0,$199k-$419k,,True,
FL,Tampa Zip Market,33618,61.95,0.297029702970297,101,30.0,101.0,101.0,349725.0,66.0,42.0,$187k-$395k,,True,
FL,Boca Raton Zip Market,33486,48.0,0.34,100,34.0,100.0,100.0,766500.0,71.0,36.0,$410k-$550k,,True,
FL,Fort Myers Zip Market,33966,62.63,0.36363636363636365,99,36.0,99.0,99.0,276900.0,74.0,26.0,$148k-$313k,,True,
FL,Largo Zip Market,33771,59.89,0.2828282828282828,99,28.0,99.0,99.0,293500.0,65.0,32.0,$157k-$332k,,True,
FL,Saint Petersburg Zip Market,33704,45.58,0.3333333333333333,99,33.0,99.0,99.0,961225.0,89.0,44.0,$514k-$550k,,True,
FL,Miami Zip Market,33165,53.85,0.37755102040816324,98,37.0,98.0,98.0,765500.0,53.0,42.0,$410k-$550k,,True,
FL,Miami Zip Market,33189,50.52,0.22448979591836735,98,22.0,98.0,98.0,610000.0,50.0,30.0,$326k-$550k,,True,
FL,Tavernier Zip Market,33070,30.4,0.17346938775510204,98,17.0,98.0,98.0,967625.0,129.0,18.0,$518k-$550k,,True,
FL,Jacksonville Zip Market,32221,72.76,0.5670103092783505,97,55.0,97.0,97.0,318475.0,65.0,40.0,$170k-$360k,,True,
FL,Miami Zip Market,33183,69.98,0.5154639175257731,97,50.0,97.0,97.0,396250.0,64.0,24.0,$212k-$448k,,True,
FL,Land O Lakes Zip Market,34639,66.44,0.32989690721649484,97,32.0,97.0,97.0,404950.0,59.0,68.0,$217k-$458k,,True,
FL,Largo Zip Market,33774,63.56,0.4329896907216495,97,42.0,97.0,97.0,380225.0,98.0,32.0,$203k-$430k,,True,
FL,Tampa Zip Market,33607,54.78,0.23711340206185566,97,23.0,97.0,97.0,457500.0,72.0,36.0,$245k-$517k,,True,
FL,Islamorada Zip Market,33036,30.16,0.18556701030927836,97,18.0,97.0,97.0,2423750.0,121.0,14.0,"$1,297k-$550k",,True,
FL,Fleming Island Zip Market,32003,70.71,0.4791666666666667,96,46.0,96.0,96.0,489225.0,52.0,40.0,$262k-$550k,,True,
FL,Orlando Zip Market,32810,62.43,0.3333333333333333,96,32.0,96.0,96.0,315749.0,69.0,38.0,$169k-$357k,,True,
FL,Sarasota Zip Market,34234,56.05,0.3020833333333333,96,29.0,96.0,96.0,417475.0,98.0,30.0,$223k-$472k,,True,
FL,Fort Lauderdale Zip Market,33314,53.03,0.1875,96,18.0,96.0,96.0,400000.0,64.0,32.0,$214k-$452k,,True,
FL,Fort Lauderdale Zip Market,33331,40.13,0.2708333333333333,96,26.0,96.0,96.0,1100000.0,82.0,30.0,$588k-$550k,,True,
FL,Montverde Zip Market,34756,31.01,0.14583333333333334,96,14.0,96.0,96.0,1476775.0,91.0,22.0,$790k-$550k,,True,
FL,Wesley Chapel Zip Market,33544,60.81,0.3263157894736842,95,31.0,95.0,95.0,440000.0,82.0,52.0,$235k-$497k,,True,
FL,Eustis Zip Market,32726,70.43,0.5319148936170213,94,50.0,94.0,94.0,334863.0,69.0,40.0,$179k-$378k,,True,
FL,Miami Zip Market,33173,64.96,0.43617021276595747,94,41.0,94.0,94.0,501749.0,61.0,22.0,$268k-$550k,,True,
FL,Pinellas Park Zip Market,33782,64.4,0.3723404255319149,94,35.0,94.0,94.0,326675.0,72.0,42.0,$175k-$369k,,True,
FL,Jacksonville Zip Market,32258,73.05,0.5268817204301075,93,49.0,93.0,93.0,377880.0,59.0,50.0,$202k-$427k,,True,
FL,Summerland Key Zip Market,33042,34.74,0.26881720430107525,93,25.0,93.0,93.0,1272000.0,118.0,12.0,$681k-$550k,,True,
FL,Maitland Zip Market,32751,71.02,0.5108695652173914,92,47.0,92.0,92.0,466500.0,62.0,46.0,$250k-$527k,,True,
FL,Tampa Zip Market,33626,65.66,0.43478260869565216,92,40.0,92.0,92.0,484450.0,71.0,42.0,$259k-$547k,,True,
FL,Leesburg Zip Market,34788,61.13,0.2717391304347826,92,25.0,92.0,92.0,322495.0,51.0,40.0,$173k-$364k,,True,
FL,Miami Zip Market,33142,60.0,0.37362637362637363,91,34.0,91.0,91.0,520000.0,70.0,30.0,$278k-$550k,,True,
FL,Valrico Zip Market,33596,68.73,0.5444444444444444,90,49.0,90.0,90.0,499350.0,64.0,36.0,$267k-$550k,,True,
FL,Orlando Zip Market,32803,62.75,0.4,90,36.0,90.0,90.0,567250.0,55.0,38.0,$303k-$550k,,True,
FL,Sarasota Zip Market,34237,54.17,0.24444444444444444,90,22.0,90.0,90.0,371450.0,70.0,30.0,$199k-$420k,,True,
FL,Miami Zip Market,33150,41.47,0.17777777777777778,90,16.0,90.0,90.0,536944.0,91.0,16.0,$287k-$550k,,True,
FL,Hudson Zip Market,34669,67.78,0.42696629213483145,89,38.0,89.0,89.0,335750.0,67.0,50.0,$180k-$379k,,True,
FL,Jacksonville Zip Market,32277,67.13,0.34831460674157305,89,31.0,89.0,89.0,318050.0,53.0,62.0,$170k-$359k,,True,
FL,Tampa Zip Market,33616,52.43,0.24719101123595505,89,22.0,89.0,89.0,504500.0,74.0,44.0,$270k-$550k,,True,
FL,Pinellas Park Zip Market,33781,65.81,0.42045454545454547,88,37.0,88.0,88.0,306200.0,67.0,32.0,$164k-$346k,,True,
FL,Miami Zip Market,33147,63.85,0.5568181818181818,88,49.0,88.0,88.0,492250.0,71.0,10.0,$263k-$550k,,True,
FL,Miami Gardens Zip Market,33056,61.72,0.38636363636363635,88,34.0,88.0,88.0,550000.0,45.0,20.0,$294k-$550k,,True,
FL,Jacksonville Zip Market,32211,70.1,0.4482758620689655,87,39.0,87.0,87.0,260200.0,55.0,46.0,$139k-$294k,,True,
FL,Dade City Zip Market,33523,65.87,0.4942528735632184,87,43.0,87.0,87.0,295725.0,90.0,48.0,$158k-$334k,,True,
FL,Sarasota Zip Market,34233,64.26,0.41379310344827586,87,36.0,87.0,87.0,319250.0,66.0,22.0,$171k-$361k,,True,
FL,Orlando Zip Market,32829,56.79,0.2988505747126437,87,26.0,87.0,87.0,457498.0,86.0,50.0,$245k-$517k,,True,
FL,Orlando Zip Market,32804,55.04,0.3448275862068966,87,30.0,87.0,87.0,643475.0,52.0,28.0,$344k-$550k,,True,
FL,Pompano Beach Zip Market,33073,65.66,0.45348837209302323,86,39.0,86.0,86.0,499000.0,56.0,26.0,$267k-$550k,,True,
FL,Orlando Zip Market,32809,46.93,0.1744186046511628,86,15.0,86.0,86.0,315975.0,74.0,18.0,$169k-$357k,,True,
FL,Hialeah Zip Market,33016,64.97,0.5058823529411764,85,43.0,85.0,85.0,325000.0,83.0,30.0,$174k-$367k,,True,
FL,Plant City Zip Market,33565,58.29,0.3411764705882353,85,29.0,85.0,85.0,432000.0,84.0,34.0,$231k-$488k,,True,
FL,North Port Zip Market,34291,51.22,0.27058823529411763,85,23.0,85.0,85.0,375650.0,93.0,22.0,$201k-$424k,,True,
FL,Fort Lauderdale Zip Market,33327,44.13,0.32941176470588235,85,28.0,85.0,85.0,899000.0,66.0,22.0,$481k-$550k,,True,
FL,Jacksonville Zip Market,32217,66.86,0.4166666666666667,84,35.0,84.0,84.0,349500.0,61.0,40.0,$187k-$395k,,True,
FL,Palm Harbor Zip Market,34685,54.62,0.30952380952380953,84,26.0,84.0,84.0,413750.0,88.0,24.0,$221k-$468k,,True,
FL,Wildwood Zip Market,34785,67.52,0.7228915662650602,83,60.0,83.0,83.0,316637.0,78.0,20.0,$169k-$358k,,True,
FL,Miami Zip Market,33190,49.77,0.24096385542168675,83,20.0,83.0,83.0,410000.0,80.0,20.0,$219k-$463k,,True,
FL,Jacksonville Zip Market,32223,68.72,0.4878048780487805,82,40.0,82.0,82.0,485750.0,53.0,40.0,$260k-$549k,,True,
FL,Seffner Zip Market,33584,60.49,0.35365853658536583,82,29.0,82.0,82.0,400000.0,76.0,40.0,$214k-$452k,,True,
FL,Saint Petersburg Zip Market,33714,49.86,0.24691358024691357,81,20.0,81.0,81.0,198750.0,92.0,30.0,$130k-$225k,,True,
FL,Osprey Zip Market,34229,41.26,0.3950617283950617,81,32.0,81.0,81.0,749000.0,117.0,14.0,$401k-$550k,,True,
FL,Hialeah Zip Market,33014,57.03,0.275,80,22.0,80.0,80.0,437500.0,61.0,32.0,$234k-$494k,,True,
FL,Lake City Zip Market,32025,49.83,0.2625,80,21.0,80.0,80.0,277000.0,85.0,16.0,$148k-$313k,,True,
FL,Lake City Zip Market,32024,47.86,0.1875,80,15.0,80.0,80.0,399000.0,79.0,34.0,$213k-$451k,,True,
FL,Lake Worth Zip Market,33449,48.35,0.4358974358974359,78,34.0,78.0,78.0,971248.0,66.0,18.0,$520k-$550k,,True,
FL,Miami Zip Market,33187,39.14,0.2948717948717949,78,23.0,78.0,78.0,897000.0,78.0,24.0,$480k-$550k,,True,
FL,Big Pine Key Zip Market,33043,27.11,0.1794871794871795,78,14.0,78.0,78.0,937250.0,118.0,14.0,$501k-$550k,,True,
FL,Atlantic Beach Zip Market,32233,63.71,0.38961038961038963,77,30.0,77.0,77.0,435000.0,60.0,28.0,$233k-$492k,,True,
FL,Brooksville Zip Market,34604,53.7,0.2894736842105263,76,22.0,76.0,76.0,359497.0,84.0,32.0,$192k-$406k,,True,
FL,West Palm Beach Zip Market,33413,50.95,0.25,76,19.0,76.0,76.0,499975.0,67.0,30.0,$267k-$550k,,True,
FL,Orange City Zip Market,32763,64.83,0.48,75,36.0,75.0,75.0,327500.0,79.0,42.0,$175k-$370k,,True,
FL,Safety Harbor Zip Market,34695,48.49,0.29333333333333333,75,22.0,75.0,75.0,632499.0,72.0,42.0,$338k-$550k,,True,
FL,West Palm Beach Zip Market,33403,37.17,0.30666666666666664,75,23.0,75.0,75.0,1187500.0,90.0,16.0,$635k-$550k,,True,
FL,Saint James City Zip Market,33956,35.51,0.10666666666666667,75,8.0,75.0,75.0,549000.0,108.0,14.0,$294k-$550k,,True,
FL,Jacksonville Zip Market,32254,68.51,0.5753424657534246,73,42.0,73.0,73.0,162000.0,61.0,40.0,$130k-$183k,,True,
FL,Arcadia Zip Market,34266,57.93,0.3698630136986301,73,27.0,73.0,73.0,298000.0,82.0,26.0,$159k-$337k,,True,
FL,Tampa Zip Market,33613,48.55,0.1780821917808219,73,13.0,73.0,73.0,219950.0,66.0,30.0,$130k-$249k,,True,
FL,Orlando Zip Market,32805,48.14,0.2054794520547945,73,15.0,73.0,73.0,291500.0,81.0,38.0,$156k-$329k,,True,
FL,Orlando Zip Market,32807,67.0,0.5,72,36.0,72.0,72.0,346500.0,66.0,38.0,$185k-$392k,,True,
FL,Miami Zip Market,33185,32.39,0.19444444444444445,72,14.0,72.0,72.0,750475.0,71.0,22.0,$402k-$550k,,True,
FL,Tampa Zip Market,33625,68.85,0.4647887323943662,71,33.0,71.0,71.0,450675.0,49.0,40.0,$241k-$509k,,True,
FL,Clearwater Zip Market,33760,48.12,0.2112676056338028,71,15.0,71.0,71.0,217250.0,80.0,34.0,$130k-$245k,,True,
FL,Bokeelia Zip Market,33922,37.09,0.1267605633802817,71,9.0,71.0,71.0,499000.0,109.0,12.0,$267k-$550k,,True,
FL,Seminole Zip Market,33776,55.3,0.37142857142857144,70,26.0,70.0,70.0,542425.0,72.0,28.0,$290k-$550k,,True,
FL,Clewiston Zip Market,33440,41.56,0.18571428571428572,70,13.0,70.0,70.0,396000.0,97.0,12.0,$212k-$447k,,True,
FL,Miami Zip Market,33146,29.16,0.24285714285714285,70,17.0,70.0,70.0,2300000.0,98.0,8.0,"$1,230k-$550k",,True,
FL,Miami Zip Market,33168,54.09,0.391304347826087,69,27.0,69.0,69.0,575500.0,68.0,18.0,$308k-$550k,,True,
FL,Opa Locka Zip Market,33054,67.49,0.5588235294117647,68,38.0,68.0,68.0,484975.0,50.0,24.0,$259k-$548k,,True,
FL,Jacksonville Zip Market,32222,61.23,0.4117647058823529,68,28.0,68.0,68.0,323500.0,75.0,36.0,$173k-$366k,,True,
FL,Fruitland Park Zip Market,34731,48.86,0.22727272727272727,66,15.0,66.0,66.0,384945.0,72.0,28.0,$206k-$435k,,True,
FL,Umatilla Zip Market,32784,59.05,0.38461538461538464,65,25.0,65.0,65.0,374950.0,79.0,38.0,$201k-$424k,,True,
FL,Sorrento Zip Market,32776,55.32,0.36923076923076925,65,24.0,65.0,65.0,487000.0,76.0,22.0,$261k-$550k,,True,
FL,Miami Zip Market,33128,36.09,0.07692307692307693,65,5.0,65.0,65.0,520750.0,88.0,14.0,$279k-$550k,,True,
FL,Clearwater Zip Market,33759,61.17,0.375,64,24.0,64.0,64.0,205500.0,61.0,32.0,$130k-$232k,,True,
FL,Jupiter Zip Market,33478,39.97,0.375,64,24.0,64.0,64.0,1311750.0,91.0,20.0,$702k-$550k,,True,
FL,Longwood Zip Market,32750,61.86,0.3968253968253968,63,25.0,63.0,63.0,449225.0,62.0,32.0,$240k-$508k,,True,
FL,Jacksonville Zip Market,32234,69.69,0.8064516129032258,62,50.0,62.0,62.0,319970.0,41.0,12.0,$171k-$362k,,True,
FL,Miami Zip Market,33174,55.55,0.3064516129032258,62,19.0,62.0,62.0,403500.0,58.0,18.0,$216k-$456k,,True,
FL,Miami Zip Market,33135,27.0,0.1774193548387097,62,11.0,62.0,62.0,850500.0,80.0,14.0,$455k-$550k,,True,
FL,Zephyrhills Zip Market,33540,61.83,0.4426229508196721,61,27.0,61.0,61.0,337500.0,65.0,22.0,$181k-$381k,,True,
FL,Brooksville Zip Market,34602,61.42,0.4098360655737705,61,25.0,61.0,61.0,321675.0,61.0,24.0,$172k-$363k,,True,
FL,Eustis Zip Market,32736,59.43,0.47540983606557374,61,29.0,61.0,61.0,532250.0,69.0,32.0,$285k-$550k,,True,
FL,Spring Hill Zip Market,34610,57.1,0.4098360655737705,61,25.0,61.0,61.0,451000.0,88.0,26.0,$241k-$510k,,True,
FL,Holiday Zip Market,34690,54.38,0.2786885245901639,61,17.0,61.0,61.0,253250.0,66.0,40.0,$135k-$286k,,True,
FL,Lutz Zip Market,33549,53.68,0.3442622950819672,61,21.0,61.0,61.0,537500.0,64.0,26.0,$288k-$550k,,True,
FL,Tampa Zip Market,33634,46.17,0.2459016393442623,61,15.0,61.0,61.0,437400.0,84.0,18.0,$234k-$494k,,True,
FL,Tarpon Springs Zip Market,34688,45.94,0.22950819672131148,61,14.0,61.0,61.0,488750.0,79.0,34.0,$261k-$550k,,True,
FL,Homestead Zip Market,33031,29.49,0.19672131147540983,61,12.0,61.0,61.0,1271125.0,75.0,20.0,$680k-$550k,,True,
FL,Hialeah Zip Market,33013,43.78,0.35,60,21.0,60.0,60.0,676400.0,75.0,14.0,$362k-$550k,,True,
FL,Lake City Zip Market,32055,43.7,0.23333333333333334,60,14.0,60.0,60.0,339500.0,92.0,14.0,$182k-$384k,,True,
FL,Opa Locka Zip Market,33055,64.36,0.6101694915254238,59,36.0,59.0,59.0,565950.0,47.0,32.0,$303k-$550k,,True,
FL,West Palm Beach Zip Market,33406,60.98,0.4406779661016949,59,26.0,59.0,59.0,358472.0,58.0,12.0,$192k-$405k,,True,
FL,Tampa Zip Market,33637,46.8,0.2033898305084746,59,12.0,59.0,59.0,310575.0,66.0,24.0,$166k-$351k,,True,
FL,Fort Lauderdale Zip Market,33330,31.96,0.25862068965517243,58,15.0,58.0,58.0,2496000.0,73.0,12.0,"$1,335k-$550k",,True,
FL,Plant City Zip Market,33563,57.53,0.3684210526315789,57,21.0,57.0,57.0,320000.0,71.0,32.0,$171k-$362k,,True,
FL,The Villages Zip Market,34762,48.34,0.2807017543859649,57,16.0,57.0,57.0,366723.0,84.0,20.0,$196k-$414k,,True,
FL,Orlando Zip Market,32833,42.3,0.38596491228070173,57,22.0,57.0,57.0,719500.0,74.0,28.0,$385k-$550k,,True,
FL,Plant City Zip Market,33566,64.87,0.48214285714285715,56,27.0,56.0,56.0,399450.0,52.0,28.0,$214k-$451k,,True,
FL,Anna Maria Zip Market,34216,21.49,0.19642857142857142,56,11.0,56.0,56.0,3250000.0,155.0,4.0,"$1,739k-$550k",,True,
FL,Fort Lauderdale Zip Market,33332,37.21,0.3090909090909091,55,17.0,55.0,55.0,1567500.0,65.0,14.0,$839k-$550k,,True,
FL,Fort Lauderdale Zip Market,33306,26.77,0.12727272727272726,55,7.0,55.0,55.0,691000.0,91.0,14.0,$370k-$550k,,True,
FL,Macclenny Zip Market,32063,47.1,0.2222222222222222,54,12.0,54.0,54.0,326250.0,68.0,30.0,$175k-$369k,,True,
FL,Orlando Zip Market,32817,53.15,0.3269230769230769,52,17.0,52.0,52.0,419974.0,69.0,24.0,$225k-$475k,,True,
FL,Boca Raton Zip Market,33498,51.86,0.6538461538461539,52,34.0,52.0,52.0,852450.0,41.0,14.0,$456k-$550k,,True,
FL,Thonotosassa Zip Market,33592,38.78,0.15384615384615385,52,8.0,52.0,52.0,449975.0,77.0,12.0,$241k-$508k,,True,
FL,Live Oak Zip Market,32060,43.82,0.27450980392156865,51,14.0,51.0,51.0,392225.0,91.0,10.0,$210k-$443k,,True,
FL,Starke Zip Market,32091,40.26,0.11764705882352941,51,6.0,51.0,51.0,333700.0,66.0,14.0,$179k-$377k,,True,
FL,Key Colony Beach Zip Market,33051,21.18,0.13725490196078433,51,7.0,51.0,51.0,995000.0,95.0,12.0,$532k-$550k,,True,
FL,Boynton Beach Zip Market,33473,46.49,0.46,50,23.0,50.0,50.0,1174900.0,54.0,20.0,$629k-$550k,,True,
FL,Miami Zip Market,33184,26.09,0.22,50,11.0,50.0,50.0,717475.0,78.0,10.0,$384k-$550k,,True,
FL,Orlando Zip Market,32826,48.49,0.22448979591836735,49,11.0,49.0,49.0,223500.0,44.0,18.0,$130k-$253k,,True,
FL,Pembroke Pines Zip Market,33028,47.88,0.5306122448979592,49,26.0,49.0,49.0,759750.0,50.0,14.0,$406k-$550k,,True,
FL,Howey In The Hills Zip Market,34737,54.71,0.3958333333333333,48,19.0,48.0,48.0,412748.0,69.0,14.0,$221k-$466k,,True,
FL,Tampa Zip Market,33635,47.12,0.25,48,12.0,48.0,48.0,448700.0,66.0,22.0,$240k-$507k,,True,
FL,Ellenton Zip Market,34222,45.53,0.25,48,12.0,48.0,48.0,456750.0,71.0,20.0,$244k-$516k,,True,
FL,Arcadia Zip Market,34269,34.15,0.14583333333333334,48,7.0,48.0,48.0,432175.0,153.0,10.0,$231k-$488k,,True,
FL,Gibsonton Zip Market,33534,59.01,0.425531914893617,47,20.0,47.0,47.0,313875.0,58.0,20.0,$168k-$355k,,True,
FL,Clearwater Zip Market,33762,51.45,0.3829787234042553,47,18.0,47.0,47.0,245000.0,87.0,16.0,$131k-$277k,,True,
FL,Hilliard Zip Market,32046,43.33,0.1956521739130435,46,9.0,46.0,46.0,359000.0,62.0,18.0,$192k-$406k,,True,
FL,Jacksonville Zip Market,32204,42.68,0.24444444444444444,45,11.0,45.0,45.0,364950.0,80.0,16.0,$195k-$412k,,True,
FL,Mims Zip Market,32754,56.68,0.5,44,22.0,44.0,44.0,407475.0,76.0,16.0,$218k-$460k,,True,
FL,Miami Beach Zip Market,33109,16.4,0.1590909090909091,44,7.0,44.0,44.0,10900000.0,160.0,0.0,"$5,832k-$550k",,True,
FL,Largo Zip Market,33773,50.88,0.32558139534883723,43,14.0,43.0,43.0,328950.0,71.0,26.0,$176k-$372k,,True,
FL,Miami Zip Market,33136,26.24,0.09302325581395349,43,4.0,43.0,43.0,548000.0,115.0,4.0,$293k-$550k,,True,
FL,Hialeah Zip Market,33010,50.75,0.4523809523809524,42,19.0,42.0,42.0,597750.0,65.0,20.0,$320k-$550k,,True,
FL,Clearwater Zip Market,33765,46.54,0.2857142857142857,42,12.0,42.0,42.0,340000.0,76.0,22.0,$182k-$384k,,True,
FL,Dover Zip Market,33527,45.68,0.3333333333333333,42,14.0,42.0,42.0,564175.0,56.0,8.0,$302k-$550k,,True,
FL,Saint Petersburg Zip Market,33716,32.5,0.16666666666666666,42,7.0,42.0,42.0,200000.0,129.0,6.0,$130k-$226k,,True,
FL,Largo Zip Market,33778,58.98,0.4878048780487805,41,20.0,41.0,41.0,353475.0,64.0,24.0,$189k-$399k,,True,
FL,Jacksonville Zip Market,32220,57.43,0.5609756097560976,41,23.0,41.0,41.0,284950.0,82.0,22.0,$152k-$322k,,True,
FL,North Port Zip Market,34289,45.84,0.2682926829268293,41,11.0,41.0,41.0,331200.0,54.0,6.0,$177k-$374k,,True,
FL,Lutz Zip Market,33559,49.49,0.3,40,12.0,40.0,40.0,413993.0,65.0,24.0,$221k-$468k,,True,
FL,Bushnell Zip Market,33513,35.26,0.175,40,7.0,40.0,40.0,371000.0,95.0,14.0,$198k-$419k,,True,
FL,Miami Zip Market,33144,37.69,0.3333333333333333,39,13.0,39.0,39.0,712000.0,44.0,12.0,$381k-$550k,,True,
FL,Mascotte Zip Market,34753,55.46,0.4594594594594595,37,17.0,37.0,37.0,331100.0,66.0,14.0,$177k-$374k,,True,
FL,Callahan Zip Market,32011,59.02,0.5555555555555556,36,20.0,36.0,36.0,462250.0,57.0,14.0,$247k-$522k,,True,
FL,Bradenton Zip Market,34201,42.97,0.4166666666666667,36,15.0,36.0,36.0,576000.0,126.0,14.0,$308k-$550k,,True,
FL,Oviedo Zip Market,32766,42.03,0.5277777777777778,36,19.0,36.0,36.0,761750.0,68.0,16.0,$408k-$550k,,True,
FL,Belleair Beach Zip Market,33786,19.03,0.2,35,7.0,35.0,35.0,1374750.0,95.0,8.0,$735k-$550k,,True,
FL,Live Oak Zip Market,32064,29.74,0.18181818181818182,33,6.0,33.0,33.0,265000.0,126.0,2.0,$142k-$299k,,True,
FL,Webster Zip Market,33597,43.46,0.34375,32,11.0,32.0,32.0,460667.0,89.0,10.0,$246k-$521k,,True,
FL,Orlando Zip Market,32820,35.18,0.4,30,12.0,30.0,30.0,813750.0,70.0,14.0,$435k-$550k,,True,
FL,Lutz Zip Market,33548,34.56,0.3793103448275862,29,11.0,29.0,29.0,821200.0,64.0,12.0,$439k-$550k,,True,
FL,Miami Zip Market,33182,27.41,0.27586206896551724,29,8.0,29.0,29.0,814250.0,59.0,6.0,$436k-$550k,,True,
FL,Neptune Beach Zip Market,32266,33.15,0.39285714285714285,28,11.0,28.0,28.0,1224950.0,73.0,12.0,$655k-$550k,,True,
FL,Miami Zip Market,33158,33.62,0.4444444444444444,27,12.0,27.0,27.0,1862250.0,75.0,8.0,$996k-$550k,,True,
FL,Plant City Zip Market,33567,33.02,0.23076923076923078,26,6.0,26.0,26.0,398750.0,109.0,10.0,$213k-$451k,,True,
FL,Boca Grande Zip Market,33921,10.14,0.11538461538461539,26,3.0,26.0,26.0,2622500.0,169.0,0.0,"$1,403k-$550k",,True,
FL,Myakka City Zip Market,34251,22.42,0.28,25,7.0,25.0,25.0,1325000.0,86.0,8.0,$709k-$550k,,True,
GA,Loganville Zip Market,30052,73.07,0.27293577981651373,436,119.0,436.0,436.0,434925.0,61.0,170.0,$261k-$450k,,True,
GA,Atlanta Zip Market,30318,69.53,0.1720183486238532,436,75.0,436.0,436.0,364975.0,59.0,112.0,$219k-$450k,,True,
GA,Cumming Zip Market,30041,57.5,0.20279720279720279,429,87.0,429.0,429.0,674984.0,57.0,188.0,$405k-$450k,,True,
GA,Hinesville Zip Market,31313,77.1,0.3569620253164557,395,141.0,395.0,395.0,264950.0,89.0,106.0,$159k-$344k,,True,
GA,Douglasville Zip Market,30135,77.07,0.28969359331476324,359,104.0,359.0,359.0,365000.0,58.0,134.0,$219k-$450k,,True,
GA,Grovetown Zip Market,30813,80.81,0.3813559322033898,354,135.0,354.0,354.0,339950.0,69.0,112.0,$204k-$442k,,True,
GA,Cumming Zip Market,30040,64.32,0.31339031339031337,351,110.0,351.0,351.0,639488.0,58.0,138.0,$384k-$450k,,True,
GA,Dacula Zip Market,30019,63.57,0.2309941520467836,342,79.0,342.0,342.0,531819.0,62.0,146.0,$319k-$450k,,True,
GA,Suwanee Zip Market,30024,56.83,0.2113095238095238,336,71.0,336.0,336.0,642450.0,58.0,146.0,$385k-$450k,,True,
GA,Villa Rica Zip Market,30180,75.36,0.3063063063063063,333,102.0,333.0,333.0,362225.0,71.0,124.0,$217k-$450k,,True,
GA,Lawrenceville Zip Market,30043,72.8,0.2702702702702703,333,90.0,333.0,333.0,435000.0,54.0,156.0,$261k-$450k,,True,
GA,Atlanta Zip Market,30349,79.48,0.32326283987915405,331,107.0,331.0,331.0,270500.0,56.0,104.0,$162k-$352k,,True,
GA,Decatur Zip Market,30032,69.72,0.18404907975460122,326,60.0,326.0,326.0,300000.0,58.0,130.0,$180k-$390k,,True,
GA,Mcdonough Zip Market,30252,68.47,0.26993865030674846,326,88.0,326.0,326.0,433367.0,75.0,130.0,$260k-$450k,,True,
GA,Jasper Zip Market,30143,59.67,0.2147239263803681,326,70.0,326.0,326.0,518425.0,77.0,118.0,$311k-$450k,,True,
GA,Mcdonough Zip Market,30253,81.04,0.3644859813084112,321,117.0,321.0,321.0,342475.0,62.0,122.0,$205k-$445k,,True,
GA,Atlanta Zip Market,30305,60.74,0.14375,320,46.0,320.0,320.0,416583.0,79.0,92.0,$250k-$450k,,True,
GA,Alpharetta Zip Market,30004,58.08,0.2445141065830721,319,78.0,319.0,319.0,1134500.0,59.0,110.0,$681k-$450k,,True,
GA,Newnan Zip Market,30263,66.6,0.23322683706070288,313,73.0,313.0,313.0,437175.0,68.0,118.0,$262k-$450k,,True,
GA,Acworth Zip Market,30101,74.53,0.33974358974358976,312,106.0,312.0,312.0,489250.0,52.0,160.0,$294k-$450k,,True,
GA,Dallas Zip Market,30132,72.62,0.29411764705882354,306,90.0,306.0,306.0,404497.0,68.0,144.0,$243k-$450k,,True,
GA,Covington Zip Market,30014,70.47,0.2222222222222222,306,68.0,306.0,306.0,375000.0,59.0,134.0,$225k-$450k,,True,
GA,Canton Zip Market,30114,68.01,0.2777777777777778,306,85.0,306.0,306.0,522450.0,55.0,144.0,$313k-$450k,,True,
GA,Dallas Zip Market,30157,79.52,0.34098360655737703,305,104.0,305.0,305.0,372150.0,55.0,134.0,$223k-$450k,,True,
GA,Powder Springs Zip Market,30127,74.29,0.2947019867549669,302,89.0,302.0,302.0,413250.0,56.0,118.0,$248k-$450k,,True,
GA,Woodstock Zip Market,30188,72.61,0.3443708609271523,302,104.0,302.0,302.0,520000.0,52.0,118.0,$312k-$450k,,True,
GA,Atlanta Zip Market,30316,67.89,0.2222222222222222,297,66.0,297.0,297.0,399984.0,63.0,94.0,$240k-$450k,,True,
GA,Eatonton Zip Market,31024,46.48,0.16666666666666666,294,49.0,294.0,294.0,583000.0,88.0,56.0,$350k-$450k,,True,
GA,Atlanta Zip Market,30331,71.6,0.2696245733788396,293,79.0,293.0,293.0,304500.0,72.0,92.0,$183k-$396k,,True,
GA,Atlanta Zip Market,30309,63.27,0.13651877133105803,293,40.0,293.0,293.0,374225.0,70.0,84.0,$225k-$450k,,True,
GA,Atlanta Zip Market,30310,67.57,0.1773049645390071,282,50.0,282.0,282.0,323500.0,63.0,122.0,$194k-$421k,,True,
GA,Canton Zip Market,30115,64.73,0.35815602836879434,282,101.0,282.0,282.0,689700.0,60.0,90.0,$414k-$450k,,True,
GA,Lithonia Zip Market,30058,75.08,0.3333333333333333,279,93.0,279.0,279.0,268300.0,73.0,78.0,$161k-$349k,,True,
GA,Stockbridge Zip Market,30281,82.04,0.3772893772893773,273,103.0,273.0,273.0,328200.0,49.0,86.0,$197k-$427k,,True,
GA,Hampton Zip Market,30228,71.61,0.2693726937269373,271,73.0,271.0,271.0,329473.0,67.0,78.0,$198k-$428k,,True,
GA,Evans Zip Market,30809,65.77,0.3173431734317343,271,86.0,271.0,271.0,487450.0,83.0,80.0,$292k-$450k,,True,
GA,Atlanta Zip Market,30308,64.71,0.10740740740740741,270,29.0,270.0,270.0,344900.0,59.0,66.0,$207k-$448k,,True,
GA,Cartersville Zip Market,30120,71.33,0.245136186770428,257,63.0,257.0,257.0,371575.0,54.0,98.0,$223k-$450k,,True,
GA,Savannah Zip Market,31401,43.44,0.12598425196850394,254,32.0,254.0,254.0,763500.0,102.0,60.0,$458k-$450k,,True,
GA,Covington Zip Market,30016,76.38,0.3293172690763052,249,82.0,249.0,249.0,315500.0,60.0,74.0,$189k-$410k,,True,
GA,Fayetteville Zip Market,30214,61.0,0.17073170731707318,246,42.0,246.0,246.0,447500.0,64.0,80.0,$268k-$450k,,True,
GA,Cumming Zip Market,30028,52.49,0.17886178861788618,246,44.0,246.0,246.0,584750.0,58.0,116.0,$351k-$450k,,True,
GA,Atlanta Zip Market,30328,70.16,0.25102880658436216,243,61.0,243.0,243.0,322450.0,63.0,72.0,$193k-$419k,,True,
GA,Lawrenceville Zip Market,30044,72.99,0.2833333333333333,240,68.0,240.0,240.0,384500.0,56.0,108.0,$231k-$450k,,True,
GA,Fairburn Zip Market,30213,78.71,0.3872340425531915,235,91.0,235.0,235.0,359950.0,62.0,78.0,$216k-$450k,,True,
GA,Savannah Zip Market,31419,77.59,0.4017094017094017,234,94.0,234.0,234.0,325000.0,75.0,90.0,$195k-$422k,,True,
GA,Smyrna Zip Market,30080,67.56,0.296137339055794,233,69.0,233.0,233.0,480000.0,64.0,96.0,$288k-$450k,,True,
GA,Locust Grove Zip Market,30248,70.42,0.2683982683982684,231,62.0,231.0,231.0,386200.0,61.0,98.0,$232k-$450k,,True,
GA,Marietta Zip Market,30064,67.34,0.30837004405286345,227,70.0,227.0,227.0,542450.0,50.0,106.0,$325k-$450k,,True,
GA,Lilburn Zip Market,30047,71.43,0.28888888888888886,225,65.0,225.0,225.0,432475.0,47.0,80.0,$259k-$450k,,True,
GA,Atlanta Zip Market,30315,64.7,0.18666666666666668,225,42.0,225.0,225.0,297500.0,65.0,68.0,$178k-$387k,,True,
GA,Atlanta Zip Market,30319,54.63,0.24444444444444444,225,55.0,225.0,225.0,685000.0,57.0,64.0,$411k-$450k,,True,
GA,Griffin Zip Market,30223,71.91,0.2681818181818182,220,59.0,220.0,220.0,313250.0,55.0,70.0,$188k-$407k,,True,
GA,Ludowici Zip Market,31316,68.35,0.3119266055045872,218,68.0,218.0,218.0,285000.0,102.0,66.0,$171k-$370k,,True,
GA,Augusta Zip Market,30906,78.32,0.3686635944700461,217,80.0,217.0,217.0,169950.0,60.0,92.0,$102k-$221k,,True,
GA,Richmond Hill Zip Market,31324,76.73,0.5622119815668203,217,122.0,217.0,217.0,464450.0,73.0,74.0,$279k-$450k,,True,
GA,Lawrenceville Zip Market,30045,70.57,0.32558139534883723,215,70.0,215.0,215.0,433345.0,66.0,92.0,$260k-$450k,,True,
GA,Atlanta Zip Market,30324,61.15,0.14553990610328638,213,31.0,213.0,213.0,344700.0,73.0,70.0,$207k-$448k,,True,
GA,Pooler Zip Market,31322,63.96,0.25471698113207547,212,54.0,212.0,212.0,369000.0,89.0,68.0,$221k-$450k,,True,
GA,Rome Zip Market,30161,63.04,0.1650943396226415,212,35.0,212.0,212.0,319950.0,66.0,68.0,$192k-$416k,,True,
GA,Milledgeville Zip Market,31061,70.4,0.33175355450236965,211,70.0,211.0,211.0,344375.0,81.0,58.0,$207k-$448k,,True,
GA,Mableton Zip Market,30126,72.53,0.30952380952380953,210,65.0,210.0,210.0,399970.0,56.0,82.0,$240k-$450k,,True,
GA,Alpharetta Zip Market,30022,58.66,0.28365384615384615,208,59.0,208.0,208.0,693500.0,51.0,86.0,$416k-$450k,,True,
GA,Kennesaw Zip Market,30144,72.77,0.3121951219512195,205,64.0,205.0,205.0,403750.0,56.0,104.0,$242k-$450k,,True,
GA,Marietta Zip Market,30066,66.83,0.2780487804878049,205,57.0,205.0,205.0,499000.0,46.0,96.0,$299k-$450k,,True,
GA,Newnan Zip Market,30265,68.6,0.3137254901960784,204,64.0,204.0,204.0,428525.0,66.0,62.0,$257k-$450k,,True,
GA,Roswell Zip Market,30075,61.37,0.33004926108374383,203,67.0,203.0,203.0,795625.0,48.0,70.0,$477k-$450k,,True,
GA,Conyers Zip Market,30094,75.2,0.35,200,70.0,200.0,200.0,345000.0,62.0,64.0,$207k-$448k,,True,
GA,Augusta Zip Market,30907,72.96,0.3065326633165829,199,61.0,199.0,199.0,282500.0,64.0,92.0,$170k-$367k,,True,
GA,Lithonia Zip Market,30038,70.06,0.25510204081632654,196,50.0,196.0,196.0,227450.0,55.0,74.0,$136k-$296k,,True,
GA,Fayetteville Zip Market,30215,54.17,0.20918367346938777,196,41.0,196.0,196.0,562500.0,64.0,62.0,$338k-$450k,,True,
GA,Snellville Zip Market,30039,68.99,0.26153846153846155,195,51.0,195.0,195.0,384855.0,55.0,78.0,$231k-$450k,,True,
GA,Guyton Zip Market,31312,66.58,0.291005291005291,189,55.0,189.0,189.0,391950.0,77.0,76.0,$235k-$450k,,True,
GA,Atlanta Zip Market,30344,64.58,0.20855614973262032,187,39.0,187.0,187.0,264975.0,65.0,70.0,$159k-$344k,,True,
GA,Decatur Zip Market,30034,73.89,0.3602150537634409,186,67.0,186.0,186.0,238500.0,67.0,58.0,$143k-$310k,,True,
GA,Marietta Zip Market,30062,60.26,0.34054054054054056,185,63.0,185.0,185.0,615000.0,54.0,64.0,$369k-$450k,,True,
GA,Jonesboro Zip Market,30238,75.38,0.34782608695652173,184,64.0,184.0,184.0,254950.0,54.0,58.0,$153k-$331k,,True,
GA,Savannah Zip Market,31405,65.09,0.281767955801105,181,51.0,181.0,181.0,399100.0,76.0,70.0,$239k-$450k,,True,
GA,Augusta Zip Market,30909,73.37,0.38202247191011235,178,68.0,178.0,178.0,312175.0,72.0,54.0,$187k-$406k,,True,
GA,Macon Zip Market,31204,61.26,0.21022727272727273,176,37.0,176.0,176.0,158475.0,73.0,50.0,$100k-$206k,,True,
GA,Atlanta Zip Market,30339,57.57,0.16666666666666666,174,29.0,174.0,174.0,457500.0,54.0,50.0,$274k-$450k,,True,
GA,Alpharetta Zip Market,30009,52.97,0.27586206896551724,174,48.0,174.0,174.0,885000.0,58.0,40.0,$531k-$450k,,True,
GA,Jonesboro Zip Market,30236,65.81,0.2222222222222222,171,38.0,171.0,171.0,279750.0,56.0,64.0,$168k-$364k,,True,
GA,Snellville Zip Market,30078,70.52,0.32941176470588235,170,56.0,170.0,170.0,409875.0,53.0,56.0,$246k-$450k,,True,
GA,Atlanta Zip Market,30311,61.06,0.22023809523809523,168,37.0,168.0,168.0,286450.0,74.0,50.0,$172k-$372k,,True,
GA,Kennesaw Zip Market,30152,60.47,0.2874251497005988,167,48.0,167.0,167.0,547250.0,60.0,78.0,$328k-$450k,,True,
GA,Conyers Zip Market,30013,67.33,0.2891566265060241,166,48.0,166.0,166.0,324500.0,68.0,52.0,$195k-$422k,,True,
GA,Douglasville Zip Market,30134,71.34,0.2909090909090909,165,48.0,165.0,165.0,317725.0,53.0,78.0,$191k-$413k,,True,
GA,Atlanta Zip Market,30314,58.33,0.15757575757575756,165,26.0,165.0,165.0,304750.0,70.0,50.0,$183k-$396k,,True,
GA,Rome Zip Market,30165,68.75,0.2822085889570552,163,46.0,163.0,163.0,322450.0,60.0,64.0,$193k-$419k,,True,
GA,Auburn Zip Market,30011,64.89,0.294478527607362,163,48.0,163.0,163.0,432200.0,59.0,44.0,$259k-$450k,,True,
GA,Savannah Zip Market,31404,60.96,0.2147239263803681,163,35.0,163.0,163.0,324850.0,76.0,68.0,$195k-$422k,,True,
GA,Duluth Zip Market,30096,62.92,0.22839506172839505,162,37.0,162.0,162.0,436750.0,43.0,60.0,$262k-$450k,,True,
GA,Macon Zip Market,31210,63.47,0.2546583850931677,161,41.0,161.0,161.0,356000.0,73.0,62.0,$214k-$450k,,True,
GA,Duluth Zip Market,30097,56.59,0.3416149068322981,161,55.0,161.0,161.0,692750.0,65.0,64.0,$416k-$450k,,True,
GA,Perry Zip Market,31069,82.24,0.7625,160,122.0,160.0,160.0,324321.0,53.0,36.0,$195k-$422k,,True,
GA,Tucker Zip Market,30084,62.89,0.2125,160,34.0,160.0,160.0,400975.0,43.0,52.0,$241k-$450k,,True,
GA,Columbus Zip Market,31907,77.78,0.44871794871794873,156,70.0,156.0,156.0,195925.0,57.0,62.0,$118k-$255k,,True,
GA,Savannah Zip Market,31410,54.98,0.23717948717948717,156,37.0,156.0,156.0,464900.0,85.0,60.0,$279k-$450k,,True,
GA,Peachtree City Zip Market,30269,56.92,0.3419354838709677,155,53.0,155.0,155.0,645000.0,59.0,56.0,$387k-$450k,,True,
GA,Columbus Zip Market,31904,72.07,0.42207792207792205,154,65.0,154.0,154.0,264700.0,69.0,32.0,$159k-$344k,,True,
GA,Ellenwood Zip Market,30294,69.34,0.34415584415584416,154,53.0,154.0,154.0,281950.0,71.0,52.0,$169k-$367k,,True,
GA,Stone Mountain Zip Market,30083,70.58,0.30718954248366015,153,47.0,153.0,153.0,258725.0,54.0,58.0,$155k-$336k,,True,
GA,Decatur Zip Market,30033,55.83,0.1513157894736842,152,23.0,152.0,152.0,475000.0,50.0,66.0,$285k-$450k,,True,
GA,Carrollton Zip Market,30117,69.76,0.31125827814569534,151,47.0,151.0,151.0,349824.0,53.0,42.0,$210k-$450k,,True,
GA,Ball Ground Zip Market,30107,47.73,0.2185430463576159,151,33.0,151.0,151.0,610000.0,58.0,48.0,$366k-$450k,,True,
GA,Hephzibah Zip Market,30815,71.87,0.41216216216216217,148,61.0,148.0,148.0,260000.0,67.0,36.0,$156k-$338k,,True,
GA,Marietta Zip Market,30067,63.17,0.24324324324324326,148,36.0,148.0,148.0,352450.0,65.0,56.0,$211k-$450k,,True,
GA,Rincon Zip Market,31326,58.4,0.23648648648648649,148,35.0,148.0,148.0,404900.0,74.0,54.0,$243k-$450k,,True,
GA,Acworth Zip Market,30102,71.45,0.3561643835616438,146,52.0,146.0,146.0,390000.0,55.0,64.0,$234k-$450k,,True,
GA,Senoia Zip Market,30276,58.29,0.3916083916083916,143,56.0,143.0,143.0,599675.0,60.0,50.0,$360k-$450k,,True,
GA,Atlanta Zip Market,30342,50.72,0.24475524475524477,143,35.0,143.0,143.0,736000.0,51.0,62.0,$442k-$450k,,True,
GA,Woodstock Zip Market,30189,66.07,0.31690140845070425,142,45.0,142.0,142.0,457213.0,52.0,66.0,$274k-$450k,,True,
GA,Macon Zip Market,31206,53.67,0.15492957746478872,142,22.0,142.0,142.0,104875.0,59.0,38.0,$100k-$136k,,True,
GA,Jackson Zip Market,30233,69.52,0.35714285714285715,140,50.0,140.0,140.0,350000.0,74.0,70.0,$210k-$450k,,True,
GA,Port Wentworth Zip Market,31407,75.29,0.49640287769784175,139,69.0,139.0,139.0,329975.0,69.0,60.0,$198k-$429k,,True,
GA,Atlanta Zip Market,30312,58.53,0.18705035971223022,139,26.0,139.0,139.0,387075.0,51.0,42.0,$232k-$450k,,True,
GA,Atlanta Zip Market,30327,46.23,0.23741007194244604,139,33.0,139.0,139.0,1775000.0,60.0,34.0,"$1,065k-$450k",,True,
GA,Warner Robins Zip Market,31088,78.82,0.5474452554744526,137,75.0,137.0,137.0,254725.0,50.0,42.0,$153k-$331k,,True,
GA,Roswell Zip Market,30076,56.8,0.35036496350364965,137,48.0,137.0,137.0,622500.0,45.0,40.0,$374k-$450k,,True,
GA,Conyers Zip Market,30012,67.43,0.37037037037037035,135,50.0,135.0,135.0,257000.0,80.0,46.0,$154k-$334k,,True,
GA,Stone Mountain Zip Market,30087,64.58,0.291044776119403,134,39.0,134.0,134.0,397475.0,58.0,50.0,$238k-$450k,,True,
GA,Smyrna Zip Market,30082,59.58,0.26717557251908397,131,35.0,131.0,131.0,468500.0,60.0,64.0,$281k-$450k,,True,
GA,Marietta Zip Market,30060,56.22,0.203125,128,26.0,128.0,128.0,430000.0,56.0,44.0,$258k-$450k,,True,
GA,Griffin Zip Market,30224,68.45,0.33858267716535434,127,43.0,127.0,127.0,318000.0,60.0,44.0,$191k-$413k,,True,
GA,Lawrenceville Zip Market,30046,63.47,0.3228346456692913,127,41.0,127.0,127.0,381750.0,70.0,38.0,$229k-$450k,,True,
GA,Tybee Island Zip Market,31328,34.08,0.15748031496062992,127,20.0,127.0,127.0,680000.0,108.0,26.0,$408k-$450k,,True,
GA,Stone Mountain Zip Market,30088,66.67,0.32,125,40.0,125.0,125.0,253050.0,64.0,48.0,$152k-$329k,,True,
GA,Decatur Zip Market,30035,57.7,0.20967741935483872,124,26.0,124.0,124.0,225000.0,68.0,46.0,$135k-$292k,,True,
GA,Grayson Zip Market,30017,56.63,0.23577235772357724,123,29.0,123.0,123.0,471225.0,62.0,76.0,$283k-$450k,,True,
GA,Atlanta Zip Market,30341,53.11,0.22131147540983606,122,27.0,122.0,122.0,512350.0,54.0,46.0,$307k-$450k,,True,
GA,Atlanta Zip Market,30326,50.83,0.08264462809917356,121,10.0,121.0,121.0,415375.0,60.0,32.0,$249k-$450k,,True,
GA,Savannah Zip Market,31406,62.77,0.3,120,36.0,120.0,120.0,359000.0,72.0,46.0,$215k-$450k,,True,
GA,Carrollton Zip Market,30116,58.47,0.2833333333333333,120,34.0,120.0,120.0,395925.0,78.0,42.0,$238k-$450k,,True,
GA,Waleska Zip Market,30183,44.79,0.10833333333333334,120,13.0,120.0,120.0,547400.0,61.0,40.0,$328k-$450k,,True,
GA,Riverdale Zip Market,30274,58.75,0.226890756302521,119,27.0,119.0,119.0,229700.0,65.0,42.0,$138k-$299k,,True,
GA,Lagrange Zip Market,30240,57.93,0.2457627118644068,118,29.0,118.0,118.0,299950.0,75.0,42.0,$180k-$390k,,True,
GA,Thomaston Zip Market,30286,60.83,0.2782608695652174,115,32.0,115.0,115.0,249975.0,66.0,30.0,$150k-$325k,,True,
GA,Decatur Zip Market,30030,49.15,0.26956521739130435,115,31.0,115.0,115.0,592000.0,51.0,44.0,$355k-$450k,,True,
GA,Lagrange Zip Market,30241,54.87,0.21052631578947367,114,24.0,114.0,114.0,291500.0,68.0,26.0,$175k-$379k,,True,
GA,Augusta Zip Market,30904,60.66,0.3008849557522124,113,34.0,113.0,113.0,207200.0,82.0,42.0,$124k-$269k,,True,
GA,Atlanta Zip Market,30306,54.12,0.3392857142857143,112,38.0,112.0,112.0,753675.0,46.0,44.0,$452k-$450k,,True,
GA,Alpharetta Zip Market,30005,44.65,0.22935779816513763,109,25.0,109.0,109.0,760000.0,58.0,46.0,$456k-$450k,,True,
GA,Midway Zip Market,31320,60.95,0.3333333333333333,108,36.0,108.0,108.0,359475.0,83.0,36.0,$216k-$450k,,True,
GA,Marietta Zip Market,30008,60.43,0.2222222222222222,108,24.0,108.0,108.0,349900.0,47.0,44.0,$210k-$450k,,True,
GA,Kathleen Zip Market,31047,68.48,0.6635514018691588,107,71.0,107.0,107.0,403675.0,80.0,26.0,$242k-$450k,,True,
GA,Atlanta Zip Market,30354,57.01,0.205607476635514,107,22.0,107.0,107.0,289950.0,58.0,38.0,$174k-$377k,,True,
GA,Marietta Zip Market,30068,51.07,0.34579439252336447,107,37.0,107.0,107.0,710500.0,64.0,42.0,$426k-$450k,,True,
GA,Palmetto Zip Market,30268,36.75,0.22641509433962265,106,24.0,106.0,106.0,663750.0,90.0,26.0,$398k-$450k,,True,
GA,Byron Zip Market,31008,69.2,0.4666666666666667,105,49.0,105.0,105.0,286079.0,71.0,34.0,$172k-$372k,,True,
GA,Hiram Zip Market,30141,67.98,0.3333333333333333,105,35.0,105.0,105.0,350000.0,53.0,56.0,$210k-$450k,,True,
GA,Norcross Zip Market,30093,57.1,0.2403846153846154,104,25.0,104.0,104.0,318000.0,59.0,22.0,$191k-$413k,,True,
GA,Bonaire Zip Market,31005,72.99,0.5728155339805825,103,59.0,103.0,103.0,367994.0,62.0,36.0,$221k-$450k,,True,
GA,Cartersville Zip Market,30121,60.33,0.2647058823529412,102,27.0,102.0,102.0,359250.0,63.0,48.0,$216k-$450k,,True,
GA,Union City Zip Market,30291,71.39,0.43564356435643564,101,44.0,101.0,101.0,231225.0,51.0,34.0,$139k-$301k,,True,
GA,Rockmart Zip Market,30153,67.74,0.33,100,33.0,100.0,100.0,307450.0,47.0,52.0,$184k-$400k,,True,
GA,Peachtree Corners Zip Market,30092,63.67,0.38,100,38.0,100.0,100.0,472825.0,45.0,34.0,$284k-$450k,,True,
GA,Dublin Zip Market,31021,62.92,0.43434343434343436,99,43.0,99.0,99.0,275000.0,104.0,26.0,$165k-$358k,,True,
GA,Atlanta Zip Market,30317,37.53,0.15463917525773196,97,15.0,97.0,97.0,599000.0,60.0,32.0,$359k-$450k,,True,
GA,Atlanta Zip Market,30307,45.58,0.2708333333333333,96,26.0,96.0,96.0,584950.0,47.0,26.0,$351k-$450k,,True,
GA,Cordele Zip Market,31015,45.14,0.14583333333333334,96,14.0,96.0,96.0,226000.0,99.0,20.0,$136k-$294k,,True,
GA,Sharpsburg Zip Market,30277,56.96,0.3473684210526316,95,33.0,95.0,95.0,506175.0,65.0,42.0,$304k-$450k,,True,
GA,Temple Zip Market,30179,69.44,0.3978494623655914,93,37.0,93.0,93.0,320200.0,50.0,42.0,$192k-$416k,,True,
GA,Cedartown Zip Market,30125,64.7,0.3516483516483517,91,32.0,91.0,91.0,252975.0,56.0,30.0,$152k-$329k,,True,
GA,Adairsville Zip Market,30103,60.22,0.27472527472527475,91,25.0,91.0,91.0,341368.0,45.0,24.0,$205k-$444k,,True,
GA,Morrow Zip Market,30260,58.36,0.35555555555555557,90,32.0,90.0,90.0,241850.0,86.0,20.0,$145k-$314k,,True,
GA,Atlanta Zip Market,30350,61.88,0.29213483146067415,89,26.0,89.0,89.0,346000.0,49.0,34.0,$208k-$450k,,True,
GA,Riverdale Zip Market,30296,66.47,0.3977272727272727,88,35.0,88.0,88.0,242500.0,60.0,36.0,$146k-$315k,,True,
GA,Townsend Zip Market,31331,40.08,0.20454545454545456,88,18.0,88.0,88.0,497225.0,93.0,22.0,$298k-$450k,,True,
GA,Forsyth Zip Market,31029,52.94,0.38372093023255816,86,33.0,86.0,86.0,521250.0,76.0,28.0,$313k-$450k,,True,
GA,Austell Zip Market,30106,62.86,0.3176470588235294,85,27.0,85.0,85.0,325350.0,56.0,46.0,$195k-$423k,,True,
GA,Macon Zip Market,31211,53.58,0.2976190476190476,84,25.0,84.0,84.0,241875.0,87.0,22.0,$145k-$314k,,True,
GA,Atlanta Zip Market,30338,50.03,0.38095238095238093,84,32.0,84.0,84.0,624950.0,59.0,36.0,$375k-$450k,,True,
GA,Atlanta Zip Market,30345,34.5,0.17857142857142858,84,15.0,84.0,84.0,668738.0,70.0,34.0,$401k-$450k,,True,
GA,Macon Zip Market,31216,64.36,0.5365853658536586,82,44.0,82.0,82.0,271200.0,81.0,20.0,$163k-$353k,,True,
GA,Thomson Zip Market,30824,53.22,0.32098765432098764,81,26.0,81.0,81.0,264450.0,107.0,20.0,$159k-$344k,,True,
GA,Norcross Zip Market,30071,51.18,0.2125,80,17.0,80.0,80.0,380450.0,62.0,34.0,$228k-$450k,,True,
GA,Bloomingdale Zip Market,31302,68.46,0.717948717948718,78,56.0,78.0,78.0,340215.0,68.0,18.0,$204k-$442k,,True,
GA,Talking Rock Zip Market,30175,32.49,0.2,75,15.0,75.0,75.0,599999.0,71.0,18.0,$360k-$450k,,True,
GA,Columbus Zip Market,31909,71.27,0.5833333333333334,72,42.0,72.0,72.0,260000.0,48.0,32.0,$156k-$338k,,True,
GA,Rex Zip Market,30273,62.78,0.3611111111111111,72,26.0,72.0,72.0,249925.0,53.0,28.0,$150k-$325k,,True,
GA,Monticello Zip Market,31064,48.95,0.3055555555555556,72,22.0,72.0,72.0,470750.0,70.0,16.0,$282k-$450k,,True,
GA,Forest Park Zip Market,30297,57.32,0.30985915492957744,71,22.0,71.0,71.0,203675.0,67.0,32.0,$122k-$265k,,True,
GA,Savannah Zip Market,31411,53.15,0.5211267605633803,71,37.0,71.0,71.0,827500.0,59.0,32.0,$496k-$450k,,True,
GA,Warner Robins Zip Market,31093,64.78,0.4714285714285714,70,33.0,70.0,70.0,220000.0,58.0,16.0,$132k-$286k,,True,
GA,Lithia Springs Zip Market,30122,64.95,0.4057971014492754,69,28.0,69.0,69.0,335500.0,47.0,26.0,$201k-$436k,,True,
GA,Social Circle Zip Market,30025,62.49,0.5970149253731343,67,40.0,67.0,67.0,464950.0,63.0,28.0,$279k-$450k,,True,
GA,Atlanta Zip Market,30329,36.79,0.05970149253731343,67,4.0,67.0,67.0,482000.0,69.0,18.0,$289k-$450k,,True,
GA,Austell Zip Market,30168,57.67,0.3181818181818182,66,21.0,66.0,66.0,335493.0,48.0,14.0,$201k-$436k,,True,
GA,Atlanta Zip Market,30340,46.65,0.21212121212121213,66,14.0,66.0,66.0,388675.0,74.0,36.0,$233k-$450k,,True,
GA,Oxford Zip Market,30054,43.3,0.21212121212121213,66,14.0,66.0,66.0,447500.0,72.0,26.0,$268k-$450k,,True,
GA,Bremen Zip Market,30110,60.83,0.3384615384615385,65,22.0,65.0,65.0,325000.0,49.0,30.0,$195k-$422k,,True,
GA,Winston Zip Market,30187,49.26,0.2923076923076923,65,19.0,65.0,65.0,446125.0,73.0,30.0,$268k-$450k,,True,
GA,Columbus Zip Market,31906,54.98,0.28125,64,18.0,64.0,64.0,197500.0,50.0,16.0,$118k-$257k,,True,
GA,Macon Zip Market,31217,52.22,0.3492063492063492,63,22.0,63.0,63.0,120000.0,70.0,10.0,$100k-$156k,,True,
GA,Mansfield Zip Market,30055,43.14,0.23333333333333334,60,14.0,60.0,60.0,458137.0,61.0,12.0,$275k-$450k,,True,
GA,Macon Zip Market,31220,63.97,0.4576271186440678,59,27.0,59.0,59.0,327950.0,53.0,22.0,$197k-$426k,,True,
GA,Atlanta Zip Market,30337,45.92,0.2413793103448276,58,14.0,58.0,58.0,438725.0,50.0,12.0,$263k-$450k,,True,
GA,Sparta Zip Market,31087,39.26,0.22807017543859648,57,13.0,57.0,57.0,427475.0,100.0,18.0,$256k-$450k,,True,
GA,Barnesville Zip Market,30204,45.55,0.21428571428571427,56,12.0,56.0,56.0,343917.0,68.0,18.0,$206k-$447k,,True,
GA,Fort Valley Zip Market,31030,51.18,0.34545454545454546,55,19.0,55.0,55.0,178975.0,83.0,14.0,$107k-$233k,,True,
GA,Allenhurst Zip Market,31301,51.91,0.4074074074074074,54,22.0,54.0,54.0,289850.0,82.0,4.0,$174k-$377k,,True,
GA,Darien Zip Market,31305,43.57,0.22641509433962265,53,12.0,53.0,53.0,340507.0,73.0,12.0,$204k-$443k,,True,
GA,Springfield Zip Market,31329,56.64,0.38461538461538464,52,20.0,52.0,52.0,345650.0,71.0,28.0,$207k-$449k,,True,
GA,Williamson Zip Market,30292,41.58,0.3137254901960784,51,16.0,51.0,51.0,512450.0,71.0,10.0,$307k-$450k,,True,
GA,Augusta Zip Market,30901,34.86,0.16,50,8.0,50.0,50.0,166223.0,92.0,4.0,$100k-$216k,,True,
GA,Hawkinsville Zip Market,31036,40.3,0.24489795918367346,49,12.0,49.0,49.0,255750.0,94.0,8.0,$153k-$332k,,True,
GA,Kingston Zip Market,30145,60.54,0.4375,48,21.0,48.0,48.0,327500.0,48.0,16.0,$196k-$426k,,True,
GA,Macon Zip Market,31201,33.02,0.10416666666666667,48,5.0,48.0,48.0,169450.0,100.0,6.0,$102k-$220k,,True,
GA,Columbus Zip Market,31903,53.69,0.46808510638297873,47,22.0,47.0,47.0,104500.0,63.0,10.0,$100k-$136k,,True,
GA,Savannah Zip Market,31415,45.31,0.2608695652173913,46,12.0,46.0,46.0,213000.0,75.0,20.0,$128k-$277k,,True,
GA,Tyrone Zip Market,30290,34.05,0.30434782608695654,46,14.0,46.0,46.0,579750.0,75.0,22.0,$348k-$450k,,True,
GA,Hogansville Zip Market,30230,59.76,0.8409090909090909,44,37.0,44.0,44.0,309900.0,78.0,12.0,$186k-$403k,,True,
GA,Eastman Zip Market,31023,38.33,0.20930232558139536,43,9.0,43.0,43.0,175000.0,90.0,14.0,$105k-$228k,,True,
GA,Ellabell Zip Market,31308,41.47,0.21428571428571427,42,9.0,42.0,42.0,316450.0,71.0,16.0,$190k-$411k,,True,
GA,Columbus Zip Market,31901,43.9,0.2682926829268293,41,11.0,41.0,41.0,263700.0,65.0,6.0,$158k-$343k,,True,
GA,Lincolnton Zip Market,30817,15.97,0.0975609756097561,41,4.0,41.0,41.0,602475.0,107.0,6.0,$361k-$450k,,True,
GA,Waynesboro Zip Market,30830,33.67,0.15384615384615385,39,6.0,39.0,39.0,296000.0,86.0,8.0,$178k-$385k,,True,
GA,Atlanta Zip Market,30303,31.56,0.07692307692307693,39,3.0,39.0,39.0,223675.0,119.0,12.0,$134k-$291k,,True,
GA,Lizella Zip Market,31052,55.37,0.5405405405405406,37,20.0,37.0,37.0,275345.0,68.0,6.0,$165k-$358k,,True,
GA,Bowdon Zip Market,30108,45.91,0.21621621621621623,37,8.0,37.0,37.0,343838.0,28.0,14.0,$206k-$447k,,True,
GA,White Zip Market,30184,27.73,0.1891891891891892,37,7.0,37.0,37.0,584892.0,50.0,16.0,$351k-$450k,,True,
GA,Harlem Zip Market,30814,56.13,0.5833333333333334,36,21.0,36.0,36.0,335025.0,67.0,6.0,$201k-$436k,,True,
GA,Cochran Zip Market,31014,50.8,0.3888888888888889,36,14.0,36.0,36.0,238675.0,61.0,4.0,$143k-$310k,,True,
GA,Atlanta Zip Market,30313,32.77,0.08333333333333333,36,3.0,36.0,36.0,299925.0,78.0,8.0,$180k-$390k,,True,
GA,Gray Zip Market,31032,53.43,0.5142857142857142,35,18.0,35.0,35.0,362339.0,74.0,10.0,$217k-$450k,,True,
GA,Scottdale Zip Market,30079,37.14,0.17142857142857143,35,6.0,35.0,35.0,452400.0,38.0,12.0,$271k-$450k,,True,
GA,Pembroke Zip Market,31321,39.0,0.21875,32,7.0,32.0,32.0,346738.0,57.0,4.0,$208k-$450k,,True,
GA,Appling Zip Market,30802,31.18,0.40625,32,13.0,32.0,32.0,622475.0,91.0,6.0,$373k-$450k,,True,
GA,Silver Creek Zip Market,30173,48.81,0.3225806451612903,31,10.0,31.0,31.0,294900.0,45.0,8.0,$177k-$383k,,True,
GA,Milner Zip Market,30257,35.71,0.1935483870967742,31,6.0,31.0,31.0,372425.0,74.0,16.0,$223k-$450k,,True,
GA,Roopville Zip Market,30170,19.92,0.2,30,6.0,30.0,30.0,642414.0,66.0,2.0,$385k-$450k,,True,
GA,Clarkston Zip Market,30021,42.94,0.3103448275862069,29,9.0,29.0,29.0,288749.0,74.0,10.0,$173k-$375k,,True,
GA,Atlanta Zip Market,30360,46.99,0.5357142857142857,28,15.0,28.0,28.0,533375.0,46.0,6.0,$320k-$450k,,True,
GA,Conley Zip Market,30288,46.83,0.39285714285714285,28,11.0,28.0,28.0,195500.0,81.0,12.0,$117k-$254k,,True,
GA,Rydal Zip Market,30171,28.94,0.2962962962962963,27,8.0,27.0,27.0,807471.0,61.0,10.0,$484k-$450k,,True,
GA,Tallapoosa Zip Market,30176,48.84,0.38461538461538464,26,10.0,26.0,26.0,283608.0,59.0,8.0,$170k-$369k,,True,
GA,Buchanan Zip Market,30113,42.23,0.2692307692307692,26,7.0,26.0,26.0,371750.0,57.0,14.0,$223k-$450k,,True,
GA,Centerville Zip Market,31028,44.0,0.36,25,9.0,25.0,25.0,285000.0,76.0,8.0,$171k-$370k,,True,
MI,Detroit Zip Market,48224,77.29,0.33579335793357934,271,91.0,271.0,271.0,91500.0,64.0,92.0,$70k-$122k,,True,
MI,Detroit Zip Market,48228,72.92,0.30357142857142855,224,68.0,224.0,224.0,82600.0,57.0,74.0,$70k-$110k,,True,
MI,Detroit Zip Market,48205,66.21,0.2962962962962963,216,64.0,216.0,216.0,69950.0,66.0,50.0,$70k-$93k,,True,
MI,Detroit Zip Market,48227,77.08,0.37055837563451777,197,73.0,197.0,197.0,89950.0,51.0,48.0,$70k-$120k,,True,
MI,Detroit Zip Market,48221,77.68,0.3817204301075269,186,71.0,186.0,186.0,172450.0,54.0,64.0,$86k-$230k,,True,
MI,Ann Arbor Zip Market,48103,57.7,0.2857142857142857,182,52.0,182.0,182.0,495975.0,51.0,84.0,$248k-$350k,,True,
MI,Detroit Zip Market,48235,77.36,0.4277456647398844,173,74.0,173.0,173.0,129400.0,62.0,60.0,$70k-$173k,,True,
MI,Detroit Zip Market,48219,77.54,0.4152046783625731,171,71.0,171.0,171.0,89950.0,57.0,58.0,$70k-$120k,,True,
MI,Detroit Zip Market,48238,58.21,0.1893491124260355,169,32.0,169.0,169.0,86000.0,75.0,50.0,$70k-$115k,,True,
MI,Grand Blanc Zip Market,48439,75.87,0.4397590361445783,166,73.0,166.0,166.0,363900.0,42.0,90.0,$182k-$350k,,True,
MI,Royal Oak Zip Market,48073,68.77,0.3096774193548387,155,48.0,155.0,155.0,360500.0,37.0,84.0,$180k-$350k,,True,
MI,Warren Zip Market,48089,73.77,0.34265734265734266,143,49.0,143.0,143.0,136125.0,44.0,68.0,$70k-$182k,,True,
MI,Roseville Zip Market,48066,80.13,0.4507042253521127,142,64.0,142.0,142.0,174825.0,37.0,84.0,$87k-$233k,,True,
MI,Muskegon Zip Market,49441,70.3,0.4,140,56.0,140.0,140.0,372500.0,43.0,60.0,$186k-$350k,,True,
MI,Macomb Zip Market,48042,64.16,0.5035971223021583,139,70.0,139.0,139.0,577000.0,47.0,54.0,$288k-$350k,,True,
MI,Birmingham Zip Market,48009,50.19,0.2608695652173913,138,36.0,138.0,138.0,1043112.0,38.0,30.0,$522k-$350k,,True,
MI,Royal Oak Zip Market,48067,62.22,0.30597014925373134,134,41.0,134.0,134.0,399450.0,42.0,52.0,$200k-$350k,,True,
MI,Detroit Zip Market,48234,64.03,0.3333333333333333,132,44.0,132.0,132.0,73750.0,61.0,38.0,$70k-$98k,,True,
MI,Howell Zip Market,48843,71.18,0.6046511627906976,129,78.0,129.0,129.0,434950.0,35.0,48.0,$217k-$350k,,True,
MI,Highland Park Zip Market,48203,49.83,0.2047244094488189,127,26.0,127.0,127.0,59925.0,70.0,52.0,$70k-$80k,,True,
MI,South Lyon Zip Market,48178,64.84,0.6,125,75.0,125.0,125.0,530105.0,45.0,48.0,$265k-$350k,,True,
MI,Detroit Zip Market,48214,60.02,0.275,120,33.0,120.0,120.0,235000.0,72.0,32.0,$118k-$313k,,True,
MI,Fenton Zip Market,48430,72.06,0.6956521739130435,115,80.0,115.0,115.0,427450.0,38.0,62.0,$214k-$350k,,True,
MI,Canton Zip Market,48188,70.69,0.5565217391304348,115,64.0,115.0,115.0,403600.0,36.0,42.0,$202k-$350k,,True,
MI,Harrison Township Zip Market,48045,60.06,0.3217391304347826,115,37.0,115.0,115.0,419225.0,42.0,48.0,$210k-$350k,,True,
MI,Lansing Zip Market,48910,77.45,0.5575221238938053,113,63.0,113.0,113.0,129900.0,53.0,52.0,$70k-$173k,,True,
MI,Kalamazoo Zip Market,49009,63.58,0.6036036036036037,111,67.0,111.0,111.0,507250.0,44.0,44.0,$254k-$350k,,True,
MI,Ann Arbor Zip Market,48105,44.59,0.2636363636363636,110,29.0,110.0,110.0,577475.0,65.0,32.0,$289k-$350k,,True,
MI,Muskegon Zip Market,49442,77.78,0.5555555555555556,108,60.0,108.0,108.0,209900.0,47.0,56.0,$105k-$280k,,True,
MI,Eastpointe Zip Market,48021,79.09,0.6336633663366337,101,64.0,101.0,101.0,158950.0,36.0,48.0,$79k-$212k,,True,
MI,West Bloomfield Zip Market,48322,63.99,0.38613861386138615,101,39.0,101.0,101.0,403587.0,37.0,48.0,$202k-$350k,,True,
MI,Ypsilanti Zip Market,48197,75.46,0.73,100,73.0,100.0,100.0,352500.0,37.0,52.0,$176k-$350k,,True,
MI,Detroit Zip Market,48204,51.0,0.23,100,23.0,100.0,100.0,74675.0,74.0,34.0,$70k-$100k,,True,
MI,Saline Zip Market,48176,58.44,0.494949494949495,99,49.0,99.0,99.0,556001.0,48.0,36.0,$278k-$350k,,True,
MI,Detroit Zip Market,48206,58.38,0.24242424242424243,99,24.0,99.0,99.0,202450.0,51.0,26.0,$101k-$270k,,True,
MI,East Lansing Zip Market,48823,65.61,0.3877551020408163,98,38.0,98.0,98.0,326175.0,55.0,38.0,$163k-$350k,,True,
MI,Detroit Zip Market,48202,53.09,0.08163265306122448,98,8.0,98.0,98.0,257450.0,49.0,32.0,$129k-$343k,,True,
MI,Flint Zip Market,48507,71.05,0.422680412371134,97,41.0,97.0,97.0,80950.0,46.0,62.0,$70k-$108k,,True,
MI,Flint Zip Market,48503,58.85,0.28865979381443296,97,28.0,97.0,97.0,65000.0,49.0,62.0,$70k-$87k,,True,
MI,Saint Joseph Zip Market,49085,55.88,0.44329896907216493,97,43.0,97.0,97.0,481700.0,49.0,30.0,$241k-$350k,,True,
MI,Macomb Zip Market,48044,63.7,0.6458333333333334,96,62.0,96.0,96.0,499923.0,40.0,58.0,$250k-$350k,,True,
MI,Harper Woods Zip Market,48225,62.53,0.2916666666666667,96,28.0,96.0,96.0,139500.0,57.0,42.0,$70k-$186k,,True,
MI,Warren Zip Market,48091,67.57,0.3473684210526316,95,33.0,95.0,95.0,149675.0,40.0,36.0,$75k-$200k,,True,
MI,Northville Zip Market,48167,60.48,0.6210526315789474,95,59.0,95.0,95.0,731500.0,43.0,30.0,$366k-$350k,,True,
MI,Grand Haven Zip Market,49417,55.19,0.4421052631578947,95,42.0,95.0,95.0,482825.0,51.0,30.0,$241k-$350k,,True,
MI,Taylor Zip Market,48180,78.71,1.1720430107526882,93,109.0,93.0,93.0,185725.0,34.0,34.0,$93k-$248k,,True,
MI,Holland Zip Market,49423,70.06,0.5591397849462365,93,52.0,93.0,93.0,379950.0,29.0,42.0,$190k-$350k,,True,
MI,Spring Lake Zip Market,49456,53.16,0.40860215053763443,93,38.0,93.0,93.0,478650.0,60.0,40.0,$239k-$350k,,True,
MI,Detroit Zip Market,48223,57.19,0.2608695652173913,92,24.0,92.0,92.0,101225.0,56.0,20.0,$70k-$135k,,True,
MI,Belleville Zip Market,48111,75.36,0.5934065934065934,91,54.0,91.0,91.0,281250.0,38.0,36.0,$141k-$350k,,True,
MI,Ferndale Zip Market,48220,71.88,0.43956043956043955,91,40.0,91.0,91.0,254950.0,37.0,36.0,$127k-$340k,,True,
MI,Ann Arbor Zip Market,48104,52.0,0.38461538461538464,91,35.0,91.0,91.0,550000.0,52.0,30.0,$275k-$350k,,True,
MI,Dearborn Heights Zip Market,48127,68.39,0.37777777777777777,90,34.0,90.0,90.0,289473.0,30.0,36.0,$145k-$350k,,True,
MI,Grand Rapids Zip Market,49503,65.09,0.35555555555555557,90,32.0,90.0,90.0,299975.0,47.0,36.0,$150k-$350k,,True,
MI,Rockford Zip Market,49341,60.54,0.5555555555555556,90,50.0,90.0,90.0,532175.0,42.0,48.0,$266k-$350k,,True,
MI,New Baltimore Zip Market,48047,66.42,0.5955056179775281,89,53.0,89.0,89.0,424925.0,46.0,54.0,$212k-$350k,,True,
MI,Flint Zip Market,48506,63.35,0.3707865168539326,89,33.0,89.0,89.0,67450.0,48.0,54.0,$70k-$90k,,True,
MI,Detroit Zip Market,48213,54.19,0.3258426966292135,89,29.0,89.0,89.0,69925.0,70.0,20.0,$70k-$93k,,True,
MI,Canton Zip Market,48187,68.31,0.5454545454545454,88,48.0,88.0,88.0,374925.0,32.0,34.0,$187k-$350k,,True,
MI,Mount Pleasant Zip Market,48858,62.15,0.3409090909090909,88,30.0,88.0,88.0,277450.0,67.0,40.0,$139k-$350k,,True,
MI,Plymouth Zip Market,48170,60.52,0.6704545454545454,88,59.0,88.0,88.0,534495.0,41.0,32.0,$267k-$350k,,True,
MI,Holland Zip Market,49424,59.64,0.7272727272727273,88,64.0,88.0,88.0,453675.0,46.0,26.0,$227k-$350k,,True,
MI,Utica Zip Market,48315,57.75,0.5340909090909091,88,47.0,88.0,88.0,621559.0,43.0,30.0,$311k-$350k,,True,
MI,Sterling Heights Zip Market,48312,68.43,0.40229885057471265,87,35.0,87.0,87.0,295950.0,38.0,38.0,$148k-$350k,,True,
MI,Grosse Pointe Zip Market,48236,61.9,0.41379310344827586,87,36.0,87.0,87.0,399900.0,38.0,34.0,$200k-$350k,,True,
MI,South Haven Zip Market,49090,46.83,0.3103448275862069,87,27.0,87.0,87.0,585000.0,47.0,24.0,$292k-$350k,,True,
MI,Flint Zip Market,48504,44.09,0.19540229885057472,87,17.0,87.0,87.0,58950.0,62.0,32.0,$70k-$79k,,True,
MI,Port Huron Zip Market,48060,72.26,0.5465116279069767,86,47.0,86.0,86.0,195975.0,51.0,34.0,$98k-$261k,,True,
MI,Rochester Zip Market,48307,62.44,0.4883720930232558,86,42.0,86.0,86.0,441175.0,36.0,42.0,$221k-$350k,,True,
MI,Lansing Zip Market,48912,58.47,0.2558139534883721,86,22.0,86.0,86.0,125000.0,49.0,34.0,$70k-$167k,,True,
MI,Rochester Zip Market,48306,46.76,0.313953488372093,86,27.0,86.0,86.0,891975.0,46.0,22.0,$446k-$350k,,True,
MI,Sterling Heights Zip Market,48310,65.64,0.43529411764705883,85,37.0,85.0,85.0,349900.0,39.0,34.0,$175k-$350k,,True,
MI,Bloomfield Hills Zip Market,48304,49.84,0.3411764705882353,85,29.0,85.0,85.0,665000.0,42.0,32.0,$332k-$350k,,True,
MI,Clinton Township Zip Market,48035,70.5,0.43373493975903615,83,36.0,83.0,83.0,247450.0,43.0,46.0,$124k-$330k,,True,
MI,Detroit Zip Market,48207,46.18,0.2073170731707317,82,17.0,82.0,82.0,194000.0,95.0,22.0,$97k-$259k,,True,
MI,Westland Zip Market,48185,73.77,0.6172839506172839,81,50.0,81.0,81.0,211950.0,31.0,26.0,$106k-$283k,,True,
MI,Ypsilanti Zip Market,48198,72.61,0.5679012345679012,81,46.0,81.0,81.0,234998.0,42.0,30.0,$117k-$313k,,True,
MI,Benton Harbor Zip Market,49022,69.21,0.4444444444444444,81,36.0,81.0,81.0,186745.0,52.0,42.0,$93k-$249k,,True,
MI,Commerce Township Zip Market,48382,56.72,0.48148148148148145,81,39.0,81.0,81.0,614429.0,44.0,46.0,$307k-$350k,,True,
MI,Trenton Zip Market,48183,75.26,0.7375,80,59.0,80.0,80.0,256225.0,37.0,32.0,$128k-$342k,,True,
MI,Saint Clair Shores Zip Market,48080,70.22,0.475,80,38.0,80.0,80.0,236925.0,49.0,40.0,$118k-$316k,,True,
MI,Grand Rapids Zip Market,49506,63.74,0.46835443037974683,79,37.0,79.0,79.0,382500.0,42.0,36.0,$191k-$350k,,True,
MI,Three Rivers Zip Market,49093,63.15,0.4155844155844156,77,32.0,77.0,77.0,312425.0,62.0,36.0,$156k-$350k,,True,
MI,Utica Zip Market,48316,63.03,0.6493506493506493,77,50.0,77.0,77.0,425813.0,44.0,26.0,$213k-$350k,,True,
MI,Oxford Zip Market,48371,53.96,0.4155844155844156,77,32.0,77.0,77.0,529693.0,31.0,34.0,$265k-$350k,,True,
MI,Muskegon Zip Market,49444,73.45,0.6973684210526315,76,53.0,76.0,76.0,172400.0,54.0,42.0,$86k-$230k,,True,
MI,Bloomfield Hills Zip Market,48302,45.52,0.3026315789473684,76,23.0,76.0,76.0,1250000.0,40.0,22.0,$625k-$350k,,True,
MI,Redford Zip Market,48239,74.7,0.64,75,48.0,75.0,75.0,187450.0,38.0,42.0,$94k-$250k,,True,
MI,Battle Creek Zip Market,49015,74.38,0.6266666666666667,75,47.0,75.0,75.0,284900.0,37.0,46.0,$142k-$350k,,True,
MI,Owosso Zip Market,48867,72.62,0.56,75,42.0,75.0,75.0,218725.0,39.0,34.0,$109k-$292k,,True,
MI,Grand Rapids Zip Market,49504,73.76,0.6486486486486487,74,48.0,74.0,74.0,309975.0,27.0,50.0,$155k-$350k,,True,
MI,Clinton Township Zip Market,48038,73.59,0.6621621621621622,74,49.0,74.0,74.0,257975.0,34.0,28.0,$129k-$344k,,True,
MI,Davison Zip Market,48423,72.77,0.6351351351351351,74,47.0,74.0,74.0,299675.0,42.0,44.0,$150k-$350k,,True,
MI,Warren Zip Market,48093,73.07,0.5616438356164384,73,41.0,73.0,73.0,229800.0,36.0,38.0,$115k-$306k,,True,
MI,Waterford Zip Market,48328,65.97,0.3698630136986301,73,27.0,73.0,73.0,264950.0,32.0,32.0,$132k-$350k,,True,
MI,West Bloomfield Zip Market,48323,50.61,0.3835616438356164,73,28.0,73.0,73.0,576175.0,37.0,26.0,$288k-$350k,,True,
MI,Grand Rapids Zip Market,49507,70.44,0.5416666666666666,72,39.0,72.0,72.0,252500.0,44.0,28.0,$126k-$337k,,True,
MI,Walled Lake Zip Market,48390,68.81,0.5416666666666666,72,39.0,72.0,72.0,317450.0,38.0,30.0,$159k-$350k,,True,
MI,Warren Zip Market,48092,69.45,0.4647887323943662,71,33.0,71.0,71.0,274950.0,24.0,28.0,$137k-$350k,,True,
MI,Inkster Zip Market,48141,67.09,0.49295774647887325,71,35.0,71.0,71.0,124950.0,51.0,20.0,$70k-$167k,,True,
MI,Southfield Zip Market,48075,61.11,0.352112676056338,71,25.0,71.0,71.0,247725.0,51.0,18.0,$124k-$330k,,True,
MI,Westland Zip Market,48186,73.1,0.7,70,49.0,70.0,70.0,209900.0,35.0,26.0,$105k-$280k,,True,
MI,Lapeer Zip Market,48446,67.5,0.6,70,42.0,70.0,70.0,333863.0,40.0,22.0,$167k-$350k,,True,
MI,Farmington Zip Market,48336,66.64,0.5,70,35.0,70.0,70.0,315000.0,48.0,32.0,$158k-$350k,,True,
MI,Brighton Zip Market,48116,55.38,0.5857142857142857,70,41.0,70.0,70.0,450448.0,41.0,20.0,$225k-$350k,,True,
MI,Lansing Zip Market,48911,71.31,0.5362318840579711,69,37.0,69.0,69.0,179900.0,40.0,38.0,$90k-$240k,,True,
MI,Lansing Zip Market,48906,68.96,0.5072463768115942,69,35.0,69.0,69.0,147500.0,45.0,28.0,$74k-$197k,,True,
MI,Ann Arbor Zip Market,48108,63.5,0.6376811594202898,69,44.0,69.0,69.0,424945.0,41.0,38.0,$212k-$350k,,True,
MI,Linden Zip Market,48451,61.9,0.7971014492753623,69,55.0,69.0,69.0,440729.0,49.0,30.0,$220k-$350k,,True,
MI,Lincoln Park Zip Market,48146,72.44,0.7164179104477612,67,48.0,67.0,67.0,169900.0,38.0,26.0,$85k-$227k,,True,
MI,Hazel Park Zip Market,48030,67.53,0.4626865671641791,67,31.0,67.0,67.0,172450.0,43.0,28.0,$86k-$230k,,True,
MI,Coldwater Zip Market,49036,60.72,0.40298507462686567,67,27.0,67.0,67.0,299900.0,60.0,22.0,$150k-$350k,,True,
MI,Okemos Zip Market,48864,47.91,0.3880597014925373,67,26.0,67.0,67.0,493725.0,54.0,26.0,$247k-$350k,,True,
MI,Flushing Zip Market,48433,69.87,0.5,66,33.0,66.0,66.0,249675.0,40.0,38.0,$125k-$333k,,True,
MI,Oak Park Zip Market,48237,62.02,0.36363636363636365,66,24.0,66.0,66.0,259925.0,34.0,14.0,$130k-$347k,,True,
MI,Muskegon Zip Market,49445,58.52,0.3939393939393939,66,26.0,66.0,66.0,349225.0,51.0,22.0,$175k-$350k,,True,
MI,Troy Zip Market,48085,53.34,0.5,66,33.0,66.0,66.0,499450.0,40.0,24.0,$250k-$350k,,True,
MI,Rochester Zip Market,48309,51.48,0.42424242424242425,66,28.0,66.0,66.0,529000.0,45.0,34.0,$264k-$350k,,True,
MI,Dearborn Zip Market,48124,72.84,0.828125,64,53.0,64.0,64.0,252200.0,30.0,24.0,$126k-$336k,,True,
MI,Portage Zip Market,49024,63.47,0.75,64,48.0,64.0,64.0,396750.0,44.0,22.0,$198k-$350k,,True,
MI,Sterling Heights Zip Market,48314,61.85,0.484375,64,31.0,64.0,64.0,389213.0,26.0,30.0,$195k-$350k,,True,
MI,Hamtramck Zip Market,48212,58.6,0.328125,64,21.0,64.0,64.0,172225.0,42.0,14.0,$86k-$230k,,True,
MI,Caledonia Zip Market,49316,54.84,0.703125,64,45.0,64.0,64.0,554950.0,53.0,24.0,$277k-$350k,,True,
MI,Lexington Zip Market,48450,43.21,0.15625,64,10.0,64.0,64.0,289900.0,73.0,24.0,$145k-$350k,,True,
MI,Madison Heights Zip Market,48071,70.76,0.5873015873015873,63,37.0,63.0,63.0,231450.0,37.0,30.0,$116k-$309k,,True,
MI,Byron Center Zip Market,49315,55.43,0.6031746031746031,63,38.0,63.0,63.0,623725.0,41.0,28.0,$312k-$350k,,True,
MI,Grand Rapids Zip Market,49525,53.74,0.5645161290322581,62,35.0,62.0,62.0,518250.0,45.0,24.0,$259k-$350k,,True,
MI,Algonac Zip Market,48001,50.51,0.3709677419354839,62,23.0,62.0,62.0,371199.0,77.0,22.0,$186k-$350k,,True,
MI,Saint Clair Shores Zip Market,48081,69.24,0.5081967213114754,61,31.0,61.0,61.0,262400.0,39.0,36.0,$131k-$350k,,True,
MI,Greenville Zip Market,48838,66.76,0.5573770491803278,61,34.0,61.0,61.0,329950.0,36.0,30.0,$165k-$350k,,True,
MI,Pinckney Zip Market,48169,52.83,0.5409836065573771,61,33.0,61.0,61.0,518722.0,48.0,26.0,$259k-$350k,,True,
MI,Big Rapids Zip Market,49307,62.65,0.4,60,24.0,60.0,60.0,249100.0,56.0,32.0,$125k-$332k,,True,
MI,Hudsonville Zip Market,49426,58.51,1.05,60,63.0,60.0,60.0,521150.0,35.0,34.0,$261k-$350k,,True,
MI,Detroit Zip Market,48215,56.98,0.35,60,21.0,60.0,60.0,139425.0,65.0,20.0,$70k-$186k,,True,
MI,Clarkston Zip Market,48348,49.03,0.4067796610169492,59,24.0,59.0,59.0,599900.0,36.0,22.0,$300k-$350k,,True,
MI,Livonia Zip Market,48150,69.51,0.6206896551724138,58,36.0,58.0,58.0,299675.0,31.0,32.0,$150k-$350k,,True,
MI,Grand Rapids Zip Market,49505,68.32,0.603448275862069,58,35.0,58.0,58.0,327450.0,33.0,40.0,$164k-$350k,,True,
MI,Clio Zip Market,48420,64.76,0.46551724137931033,58,27.0,58.0,58.0,249925.0,53.0,28.0,$125k-$333k,,True,
MI,Kalamazoo Zip Market,49008,63.96,0.4482758620689655,58,26.0,58.0,58.0,234975.0,44.0,18.0,$117k-$313k,,True,
MI,West Bloomfield Zip Market,48324,40.99,0.29310344827586204,58,17.0,58.0,58.0,507250.0,44.0,20.0,$254k-$350k,,True,
MI,Dearborn Heights Zip Market,48125,68.74,0.543859649122807,57,31.0,57.0,57.0,169975.0,33.0,28.0,$85k-$227k,,True,
MI,Grand Rapids Zip Market,49508,66.93,0.6842105263157895,57,39.0,57.0,57.0,349900.0,38.0,36.0,$175k-$350k,,True,
MI,Saint Clair Shores Zip Market,48082,66.14,0.49122807017543857,57,28.0,57.0,57.0,237400.0,45.0,28.0,$119k-$317k,,True,
MI,Monroe Zip Market,48161,65.4,0.5614035087719298,57,32.0,57.0,57.0,285950.0,57.0,24.0,$143k-$350k,,True,
MI,Kalamazoo Zip Market,49006,62.97,0.38596491228070173,57,22.0,57.0,57.0,265000.0,43.0,32.0,$132k-$350k,,True,
MI,Lansing Zip Market,48915,62.71,0.40350877192982454,57,23.0,57.0,57.0,140000.0,49.0,28.0,$70k-$187k,,True,
MI,Dowagiac Zip Market,49047,58.45,0.3684210526315789,57,21.0,57.0,57.0,289675.0,57.0,24.0,$145k-$350k,,True,
MI,Warren Zip Market,48088,68.93,0.5714285714285714,56,32.0,56.0,56.0,261950.0,43.0,34.0,$131k-$349k,,True,
MI,Clinton Township Zip Market,48036,67.09,0.5,56,28.0,56.0,56.0,222400.0,37.0,28.0,$111k-$297k,,True,
MI,Brighton Zip Market,48114,55.05,0.8571428571428571,56,48.0,56.0,56.0,563950.0,45.0,24.0,$282k-$350k,,True,
MI,Livonia Zip Market,48152,69.95,0.7818181818181819,55,43.0,55.0,55.0,298675.0,31.0,30.0,$149k-$350k,,True,
MI,Wyandotte Zip Market,48192,69.45,0.6909090909090909,55,38.0,55.0,55.0,221250.0,39.0,24.0,$111k-$295k,,True,
MI,Lansing Zip Market,48917,69.45,0.6181818181818182,55,34.0,55.0,55.0,267450.0,31.0,26.0,$134k-$350k,,True,
MI,Grandville Zip Market,49418,62.06,0.8545454545454545,55,47.0,55.0,55.0,419450.0,38.0,30.0,$210k-$350k,,True,
MI,White Lake Zip Market,48386,57.22,0.5454545454545454,55,30.0,55.0,55.0,426250.0,39.0,20.0,$213k-$350k,,True,
MI,Ludington Zip Market,49431,55.58,0.5185185185185185,54,28.0,54.0,54.0,409750.0,52.0,18.0,$205k-$350k,,True,
MI,Milford Zip Market,48381,53.91,0.8703703703703703,54,47.0,54.0,54.0,559950.0,42.0,16.0,$280k-$350k,,True,
MI,Dexter Zip Market,48130,50.17,0.5370370370370371,54,29.0,54.0,54.0,650950.0,28.0,10.0,$325k-$350k,,True,
MI,Southfield Zip Market,48076,65.81,0.5471698113207547,53,29.0,53.0,53.0,275675.0,45.0,20.0,$138k-$350k,,True,
MI,Kalamazoo Zip Market,49048,64.76,0.4528301886792453,53,24.0,53.0,53.0,252425.0,39.0,28.0,$126k-$337k,,True,
MI,Allegan Zip Market,49010,64.51,0.6792452830188679,53,36.0,53.0,53.0,347000.0,46.0,30.0,$174k-$350k,,True,
MI,Zeeland Zip Market,49464,52.21,0.5849056603773585,53,31.0,53.0,53.0,463725.0,39.0,20.0,$232k-$350k,,True,
MI,Grand Rapids Zip Market,49512,49.48,0.33962264150943394,53,18.0,53.0,53.0,356026.0,61.0,14.0,$178k-$350k,,True,
MI,Redford Zip Market,48240,66.85,0.5576923076923077,52,29.0,52.0,52.0,160000.0,39.0,22.0,$80k-$213k,,True,
MI,Waterford Zip Market,48329,65.27,0.6346153846153846,52,33.0,52.0,52.0,336200.0,41.0,32.0,$168k-$350k,,True,
MI,Marshall Zip Market,49068,60.74,0.5,52,26.0,52.0,52.0,284883.0,69.0,28.0,$142k-$350k,,True,
MI,Northville Zip Market,48168,51.88,0.5769230769230769,52,30.0,52.0,52.0,632000.0,36.0,18.0,$316k-$350k,,True,
MI,Washington Zip Market,48094,50.55,0.5576923076923077,52,29.0,52.0,52.0,729900.0,43.0,16.0,$365k-$350k,,True,
MI,Franklin Zip Market,48025,44.15,0.34615384615384615,52,18.0,52.0,52.0,781473.0,38.0,24.0,$391k-$350k,,True,
MI,Clarkston Zip Market,48346,60.57,0.7450980392156863,51,38.0,51.0,51.0,441200.0,29.0,38.0,$221k-$350k,,True,
MI,New Baltimore Zip Market,48051,57.81,0.49019607843137253,51,25.0,51.0,51.0,378225.0,41.0,20.0,$189k-$350k,,True,
MI,Troy Zip Market,48098,51.04,0.5686274509803921,51,29.0,51.0,51.0,461040.0,43.0,20.0,$231k-$350k,,True,
MI,Lake Orion Zip Market,48362,47.41,0.39215686274509803,51,20.0,51.0,51.0,574948.0,38.0,32.0,$287k-$350k,,True,
MI,Lake Orion Zip Market,48359,44.53,0.19607843137254902,51,10.0,51.0,51.0,313600.0,49.0,20.0,$157k-$350k,,True,
MI,Stanwood Zip Market,49346,43.46,0.37254901960784315,51,19.0,51.0,51.0,438450.0,74.0,18.0,$219k-$350k,,True,
MI,Utica Zip Market,48317,60.74,0.5,50,25.0,50.0,50.0,322750.0,39.0,14.0,$161k-$350k,,True,
MI,Farmington Zip Market,48331,46.31,0.4,50,20.0,50.0,50.0,475000.0,30.0,18.0,$238k-$350k,,True,
MI,Garden City Zip Market,48135,69.86,0.7755102040816326,49,38.0,49.0,49.0,214925.0,34.0,30.0,$107k-$287k,,True,
MI,Portage Zip Market,49002,68.45,0.6530612244897959,49,32.0,49.0,49.0,261175.0,37.0,28.0,$131k-$348k,,True,
MI,Waterford Zip Market,48327,67.93,0.7346938775510204,49,36.0,49.0,49.0,302425.0,30.0,28.0,$151k-$350k,,True,
MI,Dearborn Zip Market,48126,58.95,0.3877551020408163,49,19.0,49.0,49.0,305675.0,29.0,20.0,$153k-$350k,,True,
MI,Baldwin Zip Market,49304,55.92,0.3469387755102041,49,17.0,49.0,49.0,187450.0,55.0,20.0,$94k-$250k,,True,
MI,Detroit Zip Market,48201,33.95,0.12244897959183673,49,6.0,49.0,49.0,399900.0,63.0,22.0,$200k-$350k,,True,
MI,Sterling Heights Zip Market,48313,67.51,0.6666666666666666,48,32.0,48.0,48.0,299900.0,28.0,30.0,$150k-$350k,,True,
MI,Holt Zip Market,48842,67.46,0.625,48,30.0,48.0,48.0,287450.0,35.0,30.0,$144k-$350k,,True,
MI,Battle Creek Zip Market,49017,66.17,0.8125,48,39.0,48.0,48.0,196250.0,55.0,20.0,$98k-$262k,,True,
MI,Novi Zip Market,48375,56.78,0.5208333333333334,48,25.0,48.0,48.0,412200.0,35.0,24.0,$206k-$350k,,True,
MI,Romulus Zip Market,48174,65.92,0.6808510638297872,47,32.0,47.0,47.0,244225.0,49.0,20.0,$122k-$326k,,True,
MI,Grosse Pointe Zip Market,48230,35.74,0.2553191489361702,47,12.0,47.0,47.0,538500.0,39.0,18.0,$269k-$350k,,True,
MI,Mount Morris Zip Market,48458,62.96,0.5217391304347826,46,24.0,46.0,46.0,124900.0,52.0,22.0,$70k-$167k,,True,
MI,Howell Zip Market,48855,59.77,0.8478260869565217,46,39.0,46.0,46.0,395900.0,39.0,16.0,$198k-$350k,,True,
MI,Flint Zip Market,48505,30.94,0.2608695652173913,46,12.0,46.0,46.0,24000.0,72.0,20.0,$70k-$170k,,True,
MI,Livonia Zip Market,48154,65.13,0.8222222222222222,45,37.0,45.0,45.0,334950.0,29.0,24.0,$167k-$350k,,True,
MI,Holly Zip Market,48442,60.56,0.6,45,27.0,45.0,45.0,363500.0,43.0,26.0,$182k-$350k,,True,
MI,Pontiac Zip Market,48342,58.31,0.4222222222222222,45,19.0,45.0,45.0,143450.0,56.0,16.0,$72k-$191k,,True,
MI,Battle Creek Zip Market,49014,61.51,0.8181818181818182,44,36.0,44.0,44.0,323750.0,48.0,10.0,$162k-$350k,,True,
MI,Grand Rapids Zip Market,49546,51.32,0.7727272727272727,44,34.0,44.0,44.0,592500.0,49.0,22.0,$296k-$350k,,True,
MI,Kalamazoo Zip Market,49001,68.05,0.7674418604651163,43,33.0,43.0,43.0,164600.0,27.0,24.0,$82k-$219k,,True,
MI,Farmington Zip Market,48334,61.27,0.6511627906976745,43,28.0,43.0,43.0,339950.0,45.0,20.0,$170k-$350k,,True,
MI,Sturgis Zip Market,49091,59.52,0.5348837209302325,43,23.0,43.0,43.0,270500.0,65.0,16.0,$135k-$350k,,True,
MI,Newaygo Zip Market,49337,56.64,0.5116279069767442,43,22.0,43.0,43.0,351000.0,52.0,16.0,$176k-$350k,,True,
MI,Southfield Zip Market,48033,55.43,0.3488372093023256,43,15.0,43.0,43.0,196000.0,45.0,16.0,$98k-$261k,,True,
MI,Fort Gratiot Zip Market,48059,52.11,0.47619047619047616,42,20.0,42.0,42.0,379900.0,61.0,18.0,$190k-$350k,,True,
MI,Allen Park Zip Market,48101,68.2,0.8292682926829268,41,34.0,41.0,41.0,229450.0,27.0,28.0,$115k-$306k,,True,
MI,Battle Creek Zip Market,49037,64.38,0.7804878048780488,41,32.0,41.0,41.0,146225.0,53.0,18.0,$73k-$195k,,True,
MI,Berkley Zip Market,48072,60.15,0.5853658536585366,41,24.0,41.0,41.0,366150.0,27.0,26.0,$183k-$350k,,True,
MI,Troy Zip Market,48083,56.11,0.5121951219512195,41,21.0,41.0,41.0,386225.0,36.0,20.0,$193k-$350k,,True,
MI,Allendale Zip Market,49401,48.98,0.7317073170731707,41,30.0,41.0,41.0,499913.0,49.0,14.0,$250k-$350k,,True,
MI,Swartz Creek Zip Market,48473,68.44,1.0512820512820513,39,41.0,39.0,39.0,282450.0,37.0,38.0,$141k-$350k,,True,
MI,Hastings Zip Market,49058,61.28,0.6410256410256411,39,25.0,39.0,39.0,307400.0,48.0,16.0,$154k-$350k,,True,
MI,Pontiac Zip Market,48340,56.81,0.46153846153846156,39,18.0,39.0,39.0,156700.0,59.0,12.0,$78k-$209k,,True,
MI,Flint Zip Market,48532,63.37,0.5,38,19.0,38.0,38.0,161850.0,36.0,30.0,$81k-$216k,,True,
MI,Detroit Zip Market,48226,49.26,0.47368421052631576,38,18.0,38.0,38.0,347450.0,74.0,10.0,$174k-$350k,,True,
MI,Ada Zip Market,49301,41.39,0.39473684210526316,38,15.0,38.0,38.0,962438.0,37.0,10.0,$481k-$350k,,True,
MI,Kalamazoo Zip Market,49004,65.39,0.8378378378378378,37,31.0,37.0,37.0,236925.0,33.0,14.0,$118k-$316k,,True,
MI,Mount Clemens Zip Market,48043,62.5,0.5135135135135135,37,19.0,37.0,37.0,219950.0,42.0,26.0,$110k-$293k,,True,
MI,Pontiac Zip Market,48341,53.91,0.43243243243243246,37,16.0,37.0,37.0,202950.0,69.0,14.0,$101k-$271k,,True,
MI,Wixom Zip Market,48393,44.05,0.24324324324324326,37,9.0,37.0,37.0,325625.0,31.0,12.0,$163k-$350k,,True,
MI,Alma Zip Market,48801,58.47,0.4722222222222222,36,17.0,36.0,36.0,201225.0,54.0,18.0,$101k-$268k,,True,
MI,Bloomfield Hills Zip Market,48301,48.14,0.6111111111111112,36,22.0,36.0,36.0,799000.0,36.0,14.0,$400k-$350k,,True,
MI,Troy Zip Market,48084,47.79,0.3055555555555556,36,11.0,36.0,36.0,334475.0,45.0,18.0,$167k-$350k,,True,
MI,Richmond Zip Market,48062,47.23,0.3888888888888889,36,14.0,36.0,36.0,390000.0,39.0,6.0,$195k-$350k,,True,
MI,Fremont Zip Market,49412,45.35,0.2777777777777778,36,10.0,36.0,36.0,325750.0,44.0,12.0,$163k-$350k,,True,
MI,Detroit Zip Market,48208,41.78,0.2777777777777778,36,10.0,36.0,36.0,220925.0,94.0,16.0,$110k-$295k,,True,
MI,Fennville Zip Market,49408,40.29,0.4166666666666667,36,15.0,36.0,36.0,732250.0,48.0,8.0,$366k-$350k,,True,
MI,Monroe Zip Market,48162,64.46,1.2285714285714286,35,43.0,35.0,35.0,256278.0,31.0,10.0,$128k-$342k,,True,
MI,Auburn Hills Zip Market,48326,59.13,0.5428571428571428,35,19.0,35.0,35.0,304950.0,45.0,16.0,$152k-$350k,,True,
MI,Vicksburg Zip Market,49097,55.39,0.4857142857142857,35,17.0,35.0,35.0,319900.0,49.0,12.0,$160k-$350k,,True,
MI,River Rouge Zip Market,48218,37.46,0.2,35,7.0,35.0,35.0,107975.0,72.0,10.0,$70k-$144k,,True,
MI,Charlotte Zip Market,48813,60.07,0.7352941176470589,34,25.0,34.0,34.0,287175.0,50.0,8.0,$144k-$350k,,True,
MI,Mason Zip Market,48854,56.29,0.5294117647058824,34,18.0,34.0,34.0,319950.0,40.0,8.0,$160k-$350k,,True,
MI,Novi Zip Market,48377,49.41,0.35294117647058826,34,12.0,34.0,34.0,368725.0,25.0,18.0,$184k-$350k,,True,
MI,Farmington Zip Market,48335,49.07,0.5,34,17.0,34.0,34.0,446225.0,36.0,14.0,$223k-$350k,,True,
MI,Lowell Zip Market,49331,47.77,0.6176470588235294,34,21.0,34.0,34.0,519950.0,43.0,20.0,$260k-$350k,,True,
MI,Ortonville Zip Market,48462,46.13,0.5294117647058824,34,18.0,34.0,34.0,478650.0,42.0,20.0,$239k-$350k,,True,
MI,Romeo Zip Market,48065,39.7,0.4117647058823529,34,14.0,34.0,34.0,656448.0,44.0,8.0,$328k-$350k,,True,
MI,Saint Johns Zip Market,48879,54.31,0.5757575757575758,33,19.0,33.0,33.0,361200.0,37.0,6.0,$181k-$350k,,True,
MI,White Cloud Zip Market,49349,50.99,0.3333333333333333,33,11.0,33.0,33.0,298675.0,40.0,16.0,$149k-$350k,,True,
MI,Chelsea Zip Market,48118,48.12,0.6363636363636364,33,21.0,33.0,33.0,468240.0,31.0,16.0,$234k-$350k,,True,
MI,Lake Orion Zip Market,48360,42.34,0.42424242424242425,33,14.0,33.0,33.0,486530.0,40.0,16.0,$243k-$350k,,True,
MI,Grand Rapids Zip Market,49534,41.28,0.45454545454545453,33,15.0,33.0,33.0,457929.0,46.0,10.0,$229k-$350k,,True,
MI,Metamora Zip Market,48455,27.25,0.24242424242424243,33,8.0,33.0,33.0,626175.0,58.0,10.0,$313k-$350k,,True,
MI,Paw Paw Zip Market,49079,56.35,0.59375,32,19.0,32.0,32.0,355175.0,43.0,16.0,$178k-$350k,,True,
MI,Plainwell Zip Market,49080,54.66,0.53125,32,17.0,32.0,32.0,358995.0,44.0,16.0,$179k-$350k,,True,
MI,Jenison Zip Market,49428,53.44,1.03125,32,33.0,32.0,32.0,419225.0,36.0,8.0,$210k-$350k,,True,
MI,Richland Zip Market,49083,37.95,0.40625,32,13.0,32.0,32.0,470950.0,52.0,8.0,$235k-$350k,,True,
MI,Grand Rapids Zip Market,49548,63.58,0.7419354838709677,31,23.0,31.0,31.0,244950.0,31.0,16.0,$122k-$327k,,True,
MI,Eaton Rapids Zip Market,48827,58.41,0.5483870967741935,31,17.0,31.0,31.0,315563.0,44.0,22.0,$158k-$350k,,True,
MI,Burton Zip Market,48529,58.21,0.4838709677419355,31,15.0,31.0,31.0,95400.0,46.0,18.0,$70k-$127k,,True,
MI,Fowlerville Zip Market,48836,57.41,0.8064516129032258,31,25.0,31.0,31.0,351225.0,47.0,14.0,$176k-$350k,,True,
MI,Saint Clair Zip Market,48079,53.94,0.7741935483870968,31,24.0,31.0,31.0,388650.0,46.0,10.0,$194k-$350k,,True,
MI,Wayland Zip Market,49348,46.65,0.7096774193548387,31,22.0,31.0,31.0,487413.0,41.0,12.0,$244k-$350k,,True,
MI,Southgate Zip Market,48195,63.01,1.0333333333333334,30,31.0,30.0,30.0,229400.0,35.0,12.0,$115k-$306k,,True,
MI,Milan Zip Market,48160,58.33,0.6333333333333333,30,19.0,30.0,30.0,314925.0,39.0,12.0,$157k-$350k,,True,
MI,Fraser Zip Market,48026,57.64,0.43333333333333335,30,13.0,30.0,30.0,262475.0,29.0,18.0,$131k-$350k,,True,
MI,Grosse Ile Zip Market,48138,52.6,0.6666666666666666,30,20.0,30.0,30.0,421250.0,36.0,14.0,$211k-$350k,,True,
MI,Williamston Zip Market,48895,50.93,0.5,30,15.0,30.0,30.0,387400.0,40.0,12.0,$194k-$350k,,True,
MI,Whitehall Zip Market,49461,48.78,0.7,30,21.0,30.0,30.0,449975.0,43.0,8.0,$225k-$350k,,True,
MI,Manchester Zip Market,48158,35.72,0.23333333333333334,30,7.0,30.0,30.0,375000.0,54.0,12.0,$188k-$350k,,True,
MI,Alto Zip Market,49302,34.36,0.3,30,9.0,30.0,30.0,633725.0,40.0,16.0,$317k-$350k,,True,
MI,Temperance Zip Market,48182,57.3,1.0344827586206897,29,30.0,29.0,29.0,319950.0,57.0,12.0,$160k-$350k,,True,
MI,Coloma Zip Market,49038,57.07,0.6896551724137931,29,20.0,29.0,29.0,367450.0,34.0,20.0,$184k-$350k,,True,
MI,Cedar Springs Zip Market,49319,56.0,0.5862068965517241,29,17.0,29.0,29.0,352500.0,31.0,14.0,$176k-$350k,,True,
MI,Whitmore Lake Zip Market,48189,38.71,0.41379310344827586,29,12.0,29.0,29.0,454700.0,40.0,8.0,$227k-$350k,,True,
MI,Wyoming Zip Market,49509,63.06,1.0,28,28.0,28.0,28.0,259900.0,28.0,14.0,$130k-$347k,,True,
MI,Burton Zip Market,48509,61.15,0.75,28,21.0,28.0,28.0,226200.0,44.0,14.0,$113k-$302k,,True,
MI,Grand Ledge Zip Market,48837,57.57,0.6785714285714286,28,19.0,28.0,28.0,311175.0,38.0,8.0,$156k-$350k,,True,
MI,Twin Lake Zip Market,49457,51.05,0.5,28,14.0,28.0,28.0,399900.0,34.0,18.0,$200k-$350k,,True,
MI,White Lake Zip Market,48383,43.28,0.5714285714285714,28,16.0,28.0,28.0,499900.0,43.0,10.0,$250k-$350k,,True,
MI,Cassopolis Zip Market,49031,42.48,0.42857142857142855,28,12.0,28.0,28.0,423425.0,66.0,16.0,$212k-$350k,,True,
MI,Highland Zip Market,48357,35.48,0.25,28,7.0,28.0,28.0,416225.0,41.0,14.0,$208k-$350k,,True,
MI,Saugatuck Zip Market,49453,27.02,0.2857142857142857,28,8.0,28.0,28.0,949500.0,66.0,8.0,$475k-$350k,,True,
MI,Clawson Zip Market,48017,59.66,1.0,27,27.0,27.0,27.0,333725.0,26.0,16.0,$167k-$350k,,True,
MI,Marysville Zip Market,48040,57.67,0.5925925925925926,27,16.0,27.0,27.0,253200.0,55.0,14.0,$127k-$338k,,True,
MI,Flat Rock Zip Market,48134,56.33,0.9629629629629629,27,26.0,27.0,27.0,369950.0,30.0,12.0,$185k-$350k,,True,
MI,Howard City Zip Market,49329,49.78,0.5185185185185185,27,14.0,27.0,27.0,395725.0,45.0,14.0,$198k-$350k,,True,
MI,Washington Zip Market,48095,41.62,0.5555555555555556,27,15.0,27.0,27.0,950510.0,43.0,6.0,$475k-$350k,,True,
MI,Newport Zip Market,48166,37.13,0.4074074074074074,27,11.0,27.0,27.0,497500.0,36.0,4.0,$249k-$350k,,True,
MI,Mears Zip Market,49436,16.79,0.2222222222222222,27,6.0,27.0,27.0,497000.0,108.0,6.0,$248k-$350k,,True,
MI,Haslett Zip Market,48840,56.05,0.6538461538461539,26,17.0,26.0,26.0,321250.0,51.0,14.0,$161k-$350k,,True,
MI,Mattawan Zip Market,49071,46.7,0.8461538461538461,26,22.0,26.0,26.0,555250.0,37.0,14.0,$278k-$350k,,True,
MI,Comstock Park Zip Market,49321,46.26,0.5384615384615384,26,14.0,26.0,26.0,425700.0,47.0,8.0,$213k-$350k,,True,
MI,Novi Zip Market,48374,42.96,0.6153846153846154,26,16.0,26.0,26.0,729975.0,42.0,8.0,$365k-$350k,,True,
MI,Detroit Zip Market,48216,37.73,0.2692307692307692,26,7.0,26.0,26.0,248000.0,82.0,10.0,$124k-$331k,,True,
MI,Davisburg Zip Market,48350,41.7,0.52,25,13.0,25.0,25.0,512000.0,42.0,12.0,$256k-$350k,,True,
