State,County,ZIP,ZIP Score,Pending Ratio,Active Listing Count,Pending Listing Count,Estimated Population,Estimated Lead Volume,Median Listing Price,Median Days on Market,Price Decrease Count,Recommended Home Value Range,Last Used Date,Eligible Based on Cooldown,Manual Review Flag
AL,Gulf Shores Zip Market,36542,48.93,0.1368038740920097,826,113.0,826.0,826.0,525000.0,106.0,164.0,$276k-$350k,,True,
AL,Orange Beach Zip Market,36561,48.77,0.15432098765432098,648,100.0,648.0,648.0,750000.0,112.0,112.0,$394k-$350k,,True,
AL,Foley Zip Market,36535,80.2,0.5419354838709678,310,168.0,310.0,310.0,341629.0,68.0,104.0,$179k-$350k,,True,
AL,Athens Zip Market,35613,65.51,0.38235294117647056,306,117.0,306.0,306.0,464900.0,57.0,84.0,$244k-$350k,,True,
AL,Fairhope Zip Market,36532,62.07,0.34868421052631576,304,106.0,304.0,304.0,707450.0,66.0,96.0,$371k-$350k,,True,
AL,Madison Zip Market,35756,72.44,0.6111111111111112,270,165.0,270.0,270.0,449900.0,72.0,104.0,$236k-$350k,,True,
AL,Harvest Zip Market,35749,77.15,0.5363984674329502,261,140.0,261.0,261.0,330000.0,85.0,104.0,$173k-$350k,,True,
AL,Daphne Zip Market,36526,75.48,0.47509578544061304,261,124.0,261.0,261.0,358250.0,73.0,112.0,$188k-$350k,,True,
AL,Athens Zip Market,35611,73.88,0.38114754098360654,244,93.0,244.0,244.0,324900.0,60.0,52.0,$171k-$350k,,True,
AL,Montgomery Zip Market,36117,71.36,0.38427947598253276,229,88.0,229.0,229.0,335000.0,72.0,64.0,$176k-$350k,,True,
AL,Huntsville Zip Market,35811,70.49,0.42543859649122806,228,97.0,228.0,228.0,367450.0,80.0,84.0,$193k-$350k,,True,
AL,Birmingham Zip Market,35215,79.91,0.4481132075471698,212,95.0,212.0,212.0,149250.0,61.0,96.0,$78k-$204k,,True,
AL,Birmingham Zip Market,35244,71.74,1.221105527638191,199,243.0,199.0,199.0,575000.0,52.0,52.0,$302k-$350k,,True,
AL,Birmingham Zip Market,35242,69.73,0.6313131313131313,198,125.0,198.0,198.0,600000.0,53.0,84.0,$315k-$350k,,True,
AL,Madison Zip Market,35758,62.28,0.3787878787878788,198,75.0,198.0,198.0,438000.0,82.0,84.0,$230k-$350k,,True,
AL,Meridianville Zip Market,35759,69.68,0.46551724137931033,174,81.0,174.0,174.0,341549.0,88.0,68.0,$179k-$350k,,True,
AL,Mobile Zip Market,36695,77.38,0.6127167630057804,173,106.0,173.0,173.0,299900.0,74.0,76.0,$157k-$350k,,True,
AL,Huntsville Zip Market,35803,66.28,0.4303030303030303,165,71.0,165.0,165.0,400000.0,71.0,68.0,$210k-$350k,,True,
AL,Decatur Zip Market,35603,73.66,0.5031446540880503,159,80.0,159.0,159.0,345000.0,59.0,60.0,$181k-$350k,,True,
AL,Trussville Zip Market,35173,69.62,0.5632911392405063,158,89.0,158.0,158.0,447000.0,50.0,60.0,$235k-$350k,,True,
AL,Cullman Zip Market,35055,63.59,0.2945205479452055,146,43.0,146.0,146.0,299000.0,65.0,48.0,$157k-$350k,,True,
AL,Montgomery Zip Market,36109,65.31,0.2887323943661972,142,41.0,142.0,142.0,169800.0,62.0,56.0,$89k-$233k,,True,
AL,Montgomery Zip Market,36116,72.19,0.44680851063829785,141,63.0,141.0,141.0,209900.0,69.0,48.0,$110k-$288k,,True,
AL,Florence Zip Market,35630,63.78,0.25,140,35.0,140.0,140.0,214000.0,58.0,64.0,$112k-$293k,,True,
AL,Huntsville Zip Market,35810,75.11,0.5217391304347826,138,72.0,138.0,138.0,217000.0,67.0,60.0,$114k-$297k,,True,
AL,New Market Zip Market,35761,66.28,0.4420289855072464,138,61.0,138.0,138.0,335000.0,80.0,48.0,$176k-$350k,,True,
AL,Huntsville Zip Market,35806,54.45,0.26277372262773724,137,36.0,137.0,137.0,367450.0,71.0,40.0,$193k-$350k,,True,
AL,Mobile Zip Market,36608,72.48,0.5220588235294118,136,71.0,136.0,136.0,292152.0,72.0,52.0,$153k-$350k,,True,
AL,Bessemer Zip Market,35023,70.79,0.4166666666666667,132,55.0,132.0,132.0,179999.0,66.0,48.0,$94k-$247k,,True,
AL,Owens Cross Roads Zip Market,35763,61.46,0.5307692307692308,130,69.0,130.0,130.0,449944.0,73.0,48.0,$236k-$350k,,True,
AL,Decatur Zip Market,35601,69.7,0.3492063492063492,126,44.0,126.0,126.0,249950.0,48.0,44.0,$131k-$342k,,True,
AL,Bessemer Zip Market,35022,67.74,0.4603174603174603,126,58.0,126.0,126.0,320000.0,72.0,44.0,$168k-$350k,,True,
AL,Pelham Zip Market,35124,70.33,0.625,120,75.0,120.0,120.0,399900.0,40.0,40.0,$210k-$350k,,True,
AL,Birmingham Zip Market,35226,62.64,0.5641025641025641,117,66.0,117.0,117.0,499840.0,37.0,44.0,$262k-$350k,,True,
AL,Crane Hill Zip Market,35053,30.97,0.09821428571428571,112,11.0,112.0,112.0,849450.0,109.0,24.0,$446k-$350k,,True,
AL,Madison Zip Market,35757,62.27,0.3783783783783784,111,42.0,111.0,111.0,385000.0,57.0,52.0,$202k-$350k,,True,
AL,Muscle Shoals Zip Market,35661,57.58,0.26126126126126126,111,29.0,111.0,111.0,319900.0,59.0,44.0,$168k-$350k,,True,
AL,Alexander City Zip Market,35010,44.06,0.2018348623853211,109,22.0,109.0,109.0,349450.0,101.0,20.0,$183k-$350k,,True,
AL,Calera Zip Market,35040,75.41,0.7452830188679245,106,79.0,106.0,106.0,274975.0,64.0,44.0,$144k-$350k,,True,
AL,Chelsea Zip Market,35043,66.16,0.4716981132075472,106,50.0,106.0,106.0,399250.0,50.0,60.0,$210k-$350k,,True,
AL,Daphne Zip Market,36527,60.09,0.5660377358490566,106,60.0,106.0,106.0,439950.0,64.0,24.0,$231k-$350k,,True,
AL,Birmingham Zip Market,35206,59.17,0.2980769230769231,104,31.0,104.0,104.0,110000.0,69.0,32.0,$75k-$151k,,True,
AL,Dauphin Island Zip Market,36528,30.61,0.1650485436893204,103,17.0,103.0,103.0,535000.0,106.0,16.0,$281k-$350k,,True,
AL,Birmingham Zip Market,35211,58.15,0.28,100,28.0,100.0,100.0,102750.0,67.0,36.0,$75k-$141k,,True,
AL,Birmingham Zip Market,35216,65.24,0.3958333333333333,96,38.0,96.0,96.0,335450.0,43.0,36.0,$176k-$350k,,True,
AL,Huntsville Zip Market,35801,43.07,0.29473684210526313,95,28.0,95.0,95.0,545000.0,72.0,40.0,$286k-$350k,,True,
AL,Tuscumbia Zip Market,35674,61.03,0.3829787234042553,94,36.0,94.0,94.0,236995.0,70.0,16.0,$124k-$325k,,True,
AL,Alabaster Zip Market,35007,67.08,0.6021505376344086,93,56.0,93.0,93.0,368000.0,49.0,28.0,$193k-$350k,,True,
AL,Pike Road Zip Market,36064,60.73,0.6774193548387096,93,63.0,93.0,93.0,440000.0,64.0,28.0,$231k-$350k,,True,
AL,Birmingham Zip Market,35205,54.2,0.23655913978494625,93,22.0,93.0,93.0,299500.0,61.0,36.0,$157k-$350k,,True,
AL,Birmingham Zip Market,35208,52.57,0.23655913978494625,93,22.0,93.0,93.0,101500.0,75.0,32.0,$75k-$139k,,True,
AL,Toney Zip Market,35773,66.1,0.5274725274725275,91,48.0,91.0,91.0,305200.0,68.0,32.0,$160k-$350k,,True,
AL,Mc Calla Zip Market,35111,61.78,0.43956043956043955,91,40.0,91.0,91.0,355100.0,59.0,28.0,$186k-$350k,,True,
AL,Odenville Zip Market,35120,71.48,0.7752808988764045,89,69.0,89.0,89.0,272000.0,61.0,24.0,$143k-$350k,,True,
AL,Huntsville Zip Market,35802,60.99,0.6292134831460674,89,56.0,89.0,89.0,375200.0,87.0,36.0,$197k-$350k,,True,
AL,Montgomery Zip Market,36106,58.34,0.3372093023255814,86,29.0,86.0,86.0,239500.0,70.0,24.0,$126k-$328k,,True,
AL,Eufaula Zip Market,36027,40.57,0.05813953488372093,86,5.0,86.0,86.0,299500.0,102.0,20.0,$157k-$350k,,True,
AL,Florence Zip Market,35633,62.6,0.3764705882352941,85,32.0,85.0,85.0,334000.0,48.0,40.0,$175k-$350k,,True,
AL,Arab Zip Market,35016,59.19,0.36470588235294116,85,31.0,85.0,85.0,292350.0,65.0,20.0,$153k-$350k,,True,
AL,Mobile Zip Market,36606,61.35,0.40476190476190477,84,34.0,84.0,84.0,196555.0,77.0,32.0,$103k-$269k,,True,
AL,Killen Zip Market,35645,46.34,0.23809523809523808,84,20.0,84.0,84.0,357400.0,74.0,32.0,$188k-$350k,,True,
AL,Mobile Zip Market,36609,66.06,0.4146341463414634,82,34.0,82.0,82.0,247450.0,54.0,36.0,$130k-$339k,,True,
AL,Mobile Zip Market,36693,59.14,0.30864197530864196,81,25.0,81.0,81.0,290310.0,56.0,40.0,$152k-$350k,,True,
AL,Helena Zip Market,35080,62.52,0.65,80,52.0,80.0,80.0,415000.0,43.0,24.0,$218k-$350k,,True,
AL,Hartselle Zip Market,35640,64.39,0.46835443037974683,79,37.0,79.0,79.0,306250.0,59.0,32.0,$161k-$350k,,True,
AL,Pinson Zip Market,35126,68.22,0.5769230769230769,78,45.0,78.0,78.0,245000.0,57.0,24.0,$129k-$336k,,True,
AL,Hanceville Zip Market,35077,58.88,0.2987012987012987,77,23.0,77.0,77.0,253000.0,39.0,24.0,$133k-$347k,,True,
AL,Birmingham Zip Market,35235,59.74,0.32432432432432434,74,24.0,74.0,74.0,192000.0,59.0,40.0,$101k-$263k,,True,
AL,Hazel Green Zip Market,35750,58.91,0.47297297297297297,74,35.0,74.0,74.0,319900.0,94.0,40.0,$168k-$350k,,True,
AL,Talladega Zip Market,35160,61.36,0.4520547945205479,73,33.0,73.0,73.0,259900.0,72.0,24.0,$136k-$350k,,True,
AL,Huntsville Zip Market,35805,55.33,0.3194444444444444,72,23.0,72.0,72.0,225000.0,76.0,36.0,$118k-$308k,,True,
AL,Robertsdale Zip Market,36567,49.25,0.3472222222222222,72,25.0,72.0,72.0,349900.0,88.0,20.0,$184k-$350k,,True,
AL,Montgomery Zip Market,36111,54.89,0.30985915492957744,71,22.0,71.0,71.0,235000.0,69.0,28.0,$123k-$322k,,True,
AL,Springville Zip Market,35146,50.06,0.3380281690140845,71,24.0,71.0,71.0,372450.0,73.0,28.0,$196k-$350k,,True,
AL,Theodore Zip Market,36582,65.09,0.5882352941176471,68,40.0,68.0,68.0,244220.0,64.0,20.0,$128k-$335k,,True,
AL,Mobile Zip Market,36605,58.27,0.29411764705882354,68,20.0,68.0,68.0,127450.0,44.0,36.0,$75k-$175k,,True,
AL,Montevallo Zip Market,35115,49.46,0.3235294117647059,68,22.0,68.0,68.0,317413.0,80.0,16.0,$167k-$350k,,True,
AL,Loxley Zip Market,36551,48.95,0.29850746268656714,67,20.0,67.0,67.0,343208.0,58.0,12.0,$180k-$350k,,True,
AL,Birmingham Zip Market,35209,53.23,0.3787878787878788,66,25.0,66.0,66.0,399900.0,52.0,24.0,$210k-$350k,,True,
AL,Leeds Zip Market,35094,58.77,0.5846153846153846,65,38.0,65.0,65.0,324950.0,85.0,24.0,$171k-$350k,,True,
AL,Warrior Zip Market,35180,47.37,0.21875,64,14.0,64.0,64.0,294850.0,59.0,20.0,$155k-$350k,,True,
AL,Saraland Zip Market,36571,63.5,0.42857142857142855,63,27.0,63.0,63.0,282800.0,41.0,24.0,$148k-$350k,,True,
AL,Elberta Zip Market,36530,33.37,0.2698412698412698,63,17.0,63.0,63.0,475000.0,72.0,16.0,$249k-$350k,,True,
AL,Cullman Zip Market,35057,28.97,0.2222222222222222,63,14.0,63.0,63.0,489500.0,84.0,16.0,$257k-$350k,,True,
AL,Bessemer Zip Market,35020,56.57,0.3548387096774194,62,22.0,62.0,62.0,99000.0,61.0,20.0,$75k-$136k,,True,
AL,Sheffield Zip Market,35660,50.4,0.24193548387096775,62,15.0,62.0,62.0,199900.0,60.0,28.0,$105k-$274k,,True,
AL,Huntsville Zip Market,35824,56.45,0.45,60,27.0,60.0,60.0,365000.0,60.0,28.0,$192k-$350k,,True,
AL,Sylacauga Zip Market,35150,52.53,0.2833333333333333,60,17.0,60.0,60.0,177200.0,58.0,24.0,$93k-$243k,,True,
AL,Clanton Zip Market,35045,54.64,0.423728813559322,59,25.0,59.0,59.0,287450.0,75.0,12.0,$151k-$350k,,True,
AL,Bay Minette Zip Market,36507,43.74,0.2033898305084746,59,12.0,59.0,59.0,329900.0,54.0,16.0,$173k-$350k,,True,
AL,Wetumpka Zip Market,36092,64.33,0.7368421052631579,57,42.0,57.0,57.0,324950.0,45.0,16.0,$171k-$350k,,True,
AL,Birmingham Zip Market,35228,54.29,0.38596491228070173,57,22.0,57.0,57.0,95000.0,76.0,24.0,$75k-$130k,,True,
AL,Birmingham Zip Market,35210,51.91,0.3090909090909091,55,17.0,55.0,55.0,321450.0,51.0,24.0,$169k-$350k,,True,
AL,Cullman Zip Market,35058,50.01,0.4,55,22.0,55.0,55.0,314950.0,94.0,16.0,$165k-$350k,,True,
AL,Oneonta Zip Market,35121,52.63,0.3333333333333333,54,18.0,54.0,54.0,344000.0,51.0,28.0,$181k-$350k,,True,
AL,Florence Zip Market,35634,28.72,0.2222222222222222,54,12.0,54.0,54.0,498450.0,75.0,20.0,$262k-$350k,,True,
AL,Mobile Zip Market,36604,50.05,0.33962264150943394,53,18.0,53.0,53.0,265000.0,86.0,20.0,$139k-$350k,,True,
AL,Lincoln Zip Market,35096,66.34,1.0,52,52.0,52.0,52.0,261170.0,50.0,12.0,$137k-$350k,,True,
AL,Moulton Zip Market,35650,44.13,0.25,52,13.0,52.0,52.0,294900.0,65.0,12.0,$155k-$350k,,True,
AL,Scottsboro Zip Market,35769,40.84,0.2692307692307692,52,14.0,52.0,52.0,384900.0,66.0,20.0,$202k-$350k,,True,
AL,Prattville Zip Market,36066,64.71,1.3529411764705883,51,69.0,51.0,51.0,325000.0,54.0,24.0,$171k-$350k,,True,
AL,Birmingham Zip Market,35214,62.73,0.6862745098039216,51,35.0,51.0,51.0,175000.0,58.0,12.0,$92k-$240k,,True,
AL,Gardendale Zip Market,35071,57.61,0.5098039215686274,51,26.0,51.0,51.0,316950.0,55.0,12.0,$166k-$350k,,True,
AL,Montgomery Zip Market,36107,42.95,0.27450980392156865,51,14.0,51.0,51.0,107000.0,81.0,8.0,$75k-$147k,,True,
AL,Pell City Zip Market,35128,37.05,0.29411764705882354,51,15.0,51.0,51.0,425000.0,72.0,12.0,$223k-$350k,,True,
AL,Wetumpka Zip Market,36093,50.42,0.62,50,31.0,50.0,50.0,409900.0,75.0,16.0,$215k-$350k,,True,
AL,Birmingham Zip Market,35217,46.28,0.26,50,13.0,50.0,50.0,92450.0,52.0,12.0,$75k-$127k,,True,
AL,Semmes Zip Market,36575,66.35,0.8979591836734694,49,44.0,49.0,49.0,279500.0,49.0,20.0,$147k-$350k,,True,
AL,Troy Zip Market,36079,41.28,0.20408163265306123,49,10.0,49.0,49.0,299000.0,56.0,8.0,$157k-$350k,,True,
AL,Moody Zip Market,35004,64.68,0.8541666666666666,48,41.0,48.0,48.0,292000.0,48.0,16.0,$153k-$350k,,True,
AL,Lillian Zip Market,36549,44.56,0.2708333333333333,48,13.0,48.0,48.0,332450.0,59.0,20.0,$175k-$350k,,True,
AL,Rogersville Zip Market,35652,40.45,0.3333333333333333,48,16.0,48.0,48.0,409900.0,85.0,24.0,$215k-$350k,,True,
AL,Troy Zip Market,36081,38.77,0.10416666666666667,48,5.0,48.0,48.0,270000.0,68.0,16.0,$142k-$350k,,True,
AL,Prattville Zip Market,36067,62.36,0.9148936170212766,47,43.0,47.0,47.0,309450.0,57.0,16.0,$162k-$350k,,True,
AL,Birmingham Zip Market,35212,50.37,0.3404255319148936,47,16.0,47.0,47.0,229950.0,72.0,20.0,$121k-$315k,,True,
AL,Tallassee Zip Market,36078,47.87,0.3617021276595745,47,17.0,47.0,47.0,299950.0,84.0,16.0,$157k-$350k,,True,
AL,Montgomery Zip Market,36105,35.43,0.2127659574468085,47,10.0,47.0,47.0,78000.0,79.0,12.0,$75k-$107k,,True,
AL,Deatsville Zip Market,36022,58.2,0.6888888888888889,45,31.0,45.0,45.0,343350.0,57.0,16.0,$180k-$350k,,True,
AL,Russellville Zip Market,35653,38.92,0.13636363636363635,44,6.0,44.0,44.0,299450.0,53.0,12.0,$157k-$350k,,True,
AL,Columbiana Zip Market,35051,54.63,0.6744186046511628,43,29.0,43.0,43.0,362450.0,57.0,8.0,$190k-$350k,,True,
AL,Montgomery Zip Market,36108,48.25,0.37209302325581395,43,16.0,43.0,43.0,76500.0,59.0,12.0,$75k-$105k,,True,
AL,Birmingham Zip Market,35243,45.28,0.5348837209302325,43,23.0,43.0,43.0,679900.0,51.0,16.0,$357k-$350k,,True,
AL,Summerdale Zip Market,36580,38.64,0.3023255813953488,43,13.0,43.0,43.0,395300.0,64.0,8.0,$208k-$350k,,True,
AL,Eclectic Zip Market,36024,31.35,0.3333333333333333,42,14.0,42.0,42.0,532450.0,87.0,16.0,$280k-$350k,,True,
AL,Pleasant Grove Zip Market,35127,51.07,0.3170731707317073,41,13.0,41.0,41.0,222875.0,57.0,24.0,$117k-$305k,,True,
AL,Scottsboro Zip Market,35768,47.91,0.3333333333333333,39,13.0,39.0,39.0,210000.0,67.0,12.0,$110k-$288k,,True,
AL,Gurley Zip Market,35748,41.6,0.5526315789473685,38,21.0,38.0,38.0,660000.0,68.0,16.0,$346k-$350k,,True,
AL,Mobile Zip Market,36618,62.32,0.7027027027027027,37,26.0,37.0,37.0,198000.0,47.0,16.0,$104k-$271k,,True,
AL,Cropwell Zip Market,35054,34.53,0.32432432432432434,37,12.0,37.0,37.0,430000.0,82.0,12.0,$226k-$350k,,True,
AL,Mobile Zip Market,36619,61.65,0.7777777777777778,36,28.0,36.0,36.0,299319.0,44.0,16.0,$157k-$350k,,True,
AL,Grand Bay Zip Market,36541,58.06,0.6388888888888888,36,23.0,36.0,36.0,308500.0,50.0,12.0,$162k-$350k,,True,
AL,Birmingham Zip Market,35222,45.15,0.4166666666666667,36,15.0,36.0,36.0,415725.0,53.0,12.0,$218k-$350k,,True,
AL,Birmingham Zip Market,35224,42.28,0.2777777777777778,36,10.0,36.0,36.0,83825.0,60.0,16.0,$75k-$115k,,True,
AL,Dora Zip Market,35062,30.24,0.17142857142857143,35,6.0,35.0,35.0,302500.0,106.0,8.0,$159k-$350k,,True,
AL,Fultondale Zip Market,35068,63.21,1.0,34,34.0,34.0,34.0,273900.0,38.0,12.0,$144k-$350k,,True,
AL,Fairfield Zip Market,35064,46.06,0.38235294117647056,34,13.0,34.0,34.0,94900.0,74.0,8.0,$75k-$130k,,True,
AL,Athens Zip Market,35614,34.75,0.20588235294117646,34,7.0,34.0,34.0,312400.0,73.0,12.0,$164k-$350k,,True,
AL,Elkmont Zip Market,35620,46.23,0.36363636363636365,33,12.0,33.0,33.0,329900.0,46.0,4.0,$173k-$350k,,True,
AL,Birmingham Zip Market,35203,31.98,0.24242424242424243,33,8.0,33.0,33.0,332450.0,93.0,8.0,$175k-$350k,,True,
AL,Grant Zip Market,35747,23.77,0.15151515151515152,33,5.0,33.0,33.0,422400.0,83.0,12.0,$222k-$350k,,True,
AL,Montgomery Zip Market,36110,47.94,0.5161290322580645,31,16.0,31.0,31.0,79900.0,71.0,8.0,$75k-$109k,,True,
AL,Huntsville Zip Market,35816,47.56,0.41935483870967744,31,13.0,31.0,31.0,154900.0,76.0,8.0,$81k-$212k,,True,
AL,Sterrett Zip Market,35147,36.03,0.4838709677419355,31,15.0,31.0,31.0,444900.0,115.0,8.0,$234k-$350k,,True,
AL,Montgomery Zip Market,36104,29.53,0.12903225806451613,31,4.0,31.0,31.0,212000.0,87.0,4.0,$111k-$290k,,True,
AL,Citronelle Zip Market,36522,28.41,0.12903225806451613,31,4.0,31.0,31.0,209900.0,92.0,0.0,$110k-$288k,,True,
AL,Silverhill Zip Market,36576,56.13,1.1,30,33.0,30.0,30.0,310000.0,66.0,12.0,$163k-$350k,,True,
AL,Kimberly Zip Market,35091,53.26,1.2333333333333334,30,37.0,30.0,30.0,297360.0,94.0,12.0,$156k-$350k,,True,
AL,Greenville Zip Market,36037,37.0,0.26666666666666666,30,8.0,30.0,30.0,169000.0,74.0,4.0,$89k-$232k,,True,
AL,Clanton Zip Market,35046,33.24,0.26666666666666666,30,8.0,30.0,30.0,365000.0,71.0,8.0,$192k-$350k,,True,
AL,Bremen Zip Market,35033,20.15,0.26666666666666666,30,8.0,30.0,30.0,799900.0,112.0,8.0,$420k-$350k,,True,
AL,Atmore Zip Market,36502,51.45,0.4827586206896552,29,14.0,29.0,29.0,218500.0,57.0,4.0,$115k-$299k,,True,
AL,Birmingham Zip Market,35204,46.05,0.5517241379310345,29,16.0,29.0,29.0,90000.0,123.0,8.0,$75k-$123k,,True,
AL,Morris Zip Market,35116,45.5,0.6206896551724138,29,18.0,29.0,29.0,408700.0,59.0,4.0,$215k-$350k,,True,
AL,Cherokee Zip Market,35616,24.24,0.20689655172413793,29,6.0,29.0,29.0,440000.0,78.0,12.0,$231k-$350k,,True,
AL,Russellville Zip Market,35654,41.42,0.2857142857142857,28,8.0,28.0,28.0,254450.0,60.0,8.0,$134k-$349k,,True,
AL,Jackson Zip Market,36545,37.77,0.32142857142857145,28,9.0,28.0,28.0,222000.0,103.0,4.0,$117k-$304k,,True,
AL,Wilsonville Zip Market,35186,16.82,0.17857142857142858,28,5.0,28.0,28.0,585000.0,73.0,4.0,$307k-$350k,,True,
AL,Hayden Zip Market,35079,57.91,0.7407407407407407,27,20.0,27.0,27.0,309000.0,35.0,12.0,$162k-$350k,,True,
AL,Mount Olive Zip Market,35117,55.02,0.5555555555555556,27,15.0,27.0,27.0,308000.0,47.0,16.0,$162k-$350k,,True,
AL,Vinemont Zip Market,35179,50.76,0.5555555555555556,27,15.0,27.0,27.0,312400.0,55.0,4.0,$164k-$350k,,True,
AL,Birmingham Zip Market,35234,44.66,0.2962962962962963,27,8.0,27.0,27.0,182500.0,40.0,8.0,$96k-$250k,,True,
AL,Adamsville Zip Market,35005,42.26,0.2962962962962963,27,8.0,27.0,27.0,143950.0,52.0,4.0,$76k-$197k,,True,
AL,Birmingham Zip Market,35218,37.17,0.3333333333333333,27,9.0,27.0,27.0,87250.0,86.0,4.0,$75k-$120k,,True,
AL,Union Grove Zip Market,35175,24.6,0.2222222222222222,27,6.0,27.0,27.0,447900.0,73.0,12.0,$235k-$350k,,True,
AL,Mobile Zip Market,36610,21.27,0.18518518518518517,27,5.0,27.0,27.0,48750.0,55.0,8.0,$75k-$175k,,True,
AL,Jemison Zip Market,35085,55.44,0.7307692307692307,26,19.0,26.0,26.0,257535.0,53.0,4.0,$135k-$350k,,True,
AL,Pell City Zip Market,35125,57.77,0.68,25,17.0,25.0,25.0,266950.0,33.0,8.0,$140k-$350k,,True,
AL,Birmingham Zip Market,35223,34.36,0.43478260869565216,23,10.0,23.0,23.0,965000.0,48.0,4.0,$507k-$350k,,True,
AL,Mobile Zip Market,36611,49.14,0.45454545454545453,22,10.0,22.0,22.0,125000.0,52.0,4.0,$75k-$171k,,True,
AL,Ardmore Zip Market,35739,45.65,0.45454545454545453,22,10.0,22.0,22.0,280000.0,75.0,8.0,$147k-$350k,,True,
AL,Alabaster Zip Market,35114,44.01,0.6190476190476191,21,13.0,21.0,21.0,385000.0,62.0,4.0,$202k-$350k,,True,
AL,Trinity Zip Market,35673,49.16,0.55,20,11.0,20.0,20.0,280000.0,61.0,4.0,$147k-$350k,,True,
AL,Centreville Zip Market,35042,42.75,0.4,20,8.0,20.0,20.0,299000.0,70.0,8.0,$157k-$350k,,True,
AL,Wilmer Zip Market,36587,29.88,0.25,20,5.0,20.0,20.0,375000.0,63.0,8.0,$197k-$350k,,True,
AL,Mobile Zip Market,36607,51.13,0.5263157894736842,19,10.0,19.0,19.0,149950.0,43.0,4.0,$79k-$205k,,True,
AL,Millbrook Zip Market,36054,50.39,1.105263157894737,19,21.0,19.0,19.0,305900.0,79.0,12.0,$161k-$350k,,True,
AL,Eight Mile Zip Market,36613,49.03,0.5555555555555556,18,10.0,18.0,18.0,182000.0,60.0,4.0,$96k-$249k,,True,
AL,Holly Pond Zip Market,35083,40.35,0.3333333333333333,18,6.0,18.0,18.0,215700.0,67.0,8.0,$113k-$296k,,True,
AL,Bridgeport Zip Market,35740,32.71,0.16666666666666666,18,3.0,18.0,18.0,189900.0,54.0,8.0,$100k-$260k,,True,
AL,Blountsville Zip Market,35031,32.23,0.2777777777777778,18,5.0,18.0,18.0,250000.0,87.0,4.0,$131k-$342k,,True,
AL,Birmingham Zip Market,35213,48.15,0.8823529411764706,17,15.0,17.0,17.0,415000.0,26.0,8.0,$218k-$350k,,True,
AL,Irvington Zip Market,36544,47.25,0.47058823529411764,17,8.0,17.0,17.0,316587.0,45.0,8.0,$166k-$350k,,True,
AL,Sylacauga Zip Market,35151,40.22,0.5882352941176471,17,10.0,17.0,17.0,347850.0,111.0,8.0,$183k-$350k,,True,
AL,Childersburg Zip Market,35044,51.22,1.0625,16,17.0,16.0,16.0,208444.0,65.0,4.0,$109k-$286k,,True,
AL,Satsuma Zip Market,36572,48.6,0.4375,16,7.0,16.0,16.0,276400.0,38.0,8.0,$145k-$350k,,True,
AL,Mobile Zip Market,36603,39.89,0.4375,16,7.0,16.0,16.0,205000.0,93.0,4.0,$108k-$281k,,True,
AL,Birmingham Zip Market,35207,38.92,0.6875,16,11.0,16.0,16.0,65000.0,84.0,4.0,$75k-$89k,,True,
AL,Brownsboro Zip Market,35741,35.53,0.5625,16,9.0,16.0,16.0,584900.0,44.0,4.0,$307k-$350k,,True,
AL,Mobile Zip Market,36617,48.64,0.6,15,9.0,15.0,15.0,149900.0,54.0,0.0,$79k-$205k,,True,
AL,New Hope Zip Market,35760,47.3,0.5333333333333333,15,8.0,15.0,15.0,299900.0,49.0,4.0,$157k-$350k,,True,
AL,Birmingham Zip Market,35221,40.88,0.4666666666666667,15,7.0,15.0,15.0,82500.0,63.0,0.0,$75k-$113k,,True,
AL,Titus Zip Market,36080,14.13,0.26666666666666666,15,4.0,15.0,15.0,499000.0,96.0,4.0,$262k-$350k,,True,
AL,Quinton Zip Market,35130,34.54,0.2857142857142857,14,4.0,14.0,14.0,144900.0,63.0,4.0,$76k-$199k,,True,
AL,Danville Zip Market,35619,33.92,0.3076923076923077,13,4.0,13.0,13.0,324950.0,57.0,4.0,$171k-$350k,,True,
AL,Leighton Zip Market,35646,27.09,0.46153846153846156,13,6.0,13.0,13.0,449900.0,117.0,4.0,$236k-$350k,,True,
AL,Adger Zip Market,35006,26.16,0.23076923076923078,13,3.0,13.0,13.0,165500.0,96.0,4.0,$87k-$227k,,True,
AL,Falkville Zip Market,35622,47.49,0.6666666666666666,12,8.0,12.0,12.0,230000.0,62.0,4.0,$121k-$315k,,True,
AL,Remlap Zip Market,35133,33.94,0.4166666666666667,12,5.0,12.0,12.0,339999.0,86.0,4.0,$178k-$350k,,True,
AL,Section Zip Market,35771,28.93,0.3333333333333333,12,4.0,12.0,12.0,444450.0,54.0,8.0,$233k-$350k,,True,
AL,Mulga Zip Market,35118,47.59,0.5454545454545454,11,6.0,11.0,11.0,165000.0,45.0,4.0,$87k-$226k,,True,
FL,North Miami Beach Zip Market,33160,56.82,0.11298076923076923,1664,188.0,1664.0,1664.0,600000.0,108.0,240.0,$321k-$550k,,True,
FL,Kissimmee Zip Market,34747,63.95,0.1297909407665505,1148,149.0,1148.0,1148.0,449945.0,106.0,292.0,$241k-$508k,,True,
FL,Hallandale Zip Market,33009,63.35,0.10266159695817491,1052,108.0,1052.0,1052.0,319000.0,110.0,192.0,$171k-$360k,,True,
FL,Miami Beach Zip Market,33139,61.1,0.13048368953880765,889,116.0,889.0,889.0,499950.0,107.0,104.0,$267k-$550k,,True,
FL,Miami Zip Market,33180,61.07,0.09176470588235294,850,78.0,850.0,850.0,495000.0,108.0,144.0,$265k-$550k,,True,
FL,Miami Zip Market,33131,47.4,0.05687203791469194,844,48.0,844.0,844.0,785000.0,107.0,100.0,$420k-$550k,,True,
FL,Kissimmee Zip Market,34746,67.7,0.22082810539523212,797,176.0,797.0,797.0,399000.0,100.0,220.0,$213k-$451k,,True,
FL,Miami Zip Market,33132,54.53,0.055916775032509754,769,43.0,769.0,769.0,635000.0,99.0,108.0,$340k-$550k,,True,
FL,Cape Coral Zip Market,33993,69.44,0.23035230352303523,738,170.0,738.0,738.0,399575.0,84.0,280.0,$214k-$452k,,True,
FL,Winter Garden Zip Market,34787,79.1,0.5101721439749609,639,326.0,639.0,639.0,590000.0,72.0,260.0,$316k-$550k,,True,
FL,Fort Myers Zip Market,33908,64.4,0.1669316375198728,629,105.0,629.0,629.0,369900.0,114.0,140.0,$198k-$418k,,True,
FL,Fort Lauderdale Zip Market,33319,61.67,0.184,625,115.0,625.0,625.0,149000.0,113.0,96.0,$130k-$168k,,True,
FL,Hollywood Zip Market,33019,55.78,0.10289389067524116,622,64.0,622.0,622.0,595000.0,106.0,88.0,$318k-$550k,,True,
FL,Pompano Beach Zip Market,33062,58.85,0.13838550247116968,607,84.0,607.0,607.0,557000.0,102.0,128.0,$298k-$550k,,True,
FL,Miami Zip Market,33137,46.69,0.0766488413547237,561,43.0,561.0,561.0,790000.0,105.0,76.0,$423k-$550k,,True,
FL,Cape Coral Zip Market,33914,66.55,0.2513863216266174,541,136.0,541.0,541.0,524900.0,89.0,184.0,$281k-$550k,,True,
FL,Fort Lauderdale Zip Market,33308,61.76,0.19516728624535315,538,105.0,538.0,538.0,550000.0,89.0,104.0,$294k-$550k,,True,
FL,Miami Beach Zip Market,33141,60.5,0.16760828625235405,531,89.0,531.0,531.0,535000.0,91.0,76.0,$286k-$550k,,True,
FL,Miami Zip Market,33130,54.28,0.10357815442561205,531,55.0,531.0,531.0,610000.0,95.0,56.0,$326k-$550k,,True,
FL,Miami Beach Zip Market,33140,46.16,0.13778705636743216,479,66.0,479.0,479.0,766750.0,108.0,52.0,$410k-$550k,,True,
FL,Fort Lauderdale Zip Market,33313,59.87,0.18143459915611815,474,86.0,474.0,474.0,135450.0,107.0,80.0,$130k-$153k,,True,
FL,Fort Lauderdale Zip Market,33304,47.45,0.12095032397408208,463,56.0,463.0,463.0,767000.0,92.0,68.0,$410k-$550k,,True,
FL,Fernandina Beach Zip Market,32034,67.84,0.35964912280701755,456,164.0,456.0,456.0,675000.0,80.0,156.0,$361k-$550k,,True,
FL,Miami Zip Market,33179,65.18,0.19248826291079812,426,82.0,426.0,426.0,235000.0,90.0,80.0,$130k-$266k,,True,
FL,Pompano Beach Zip Market,33063,65.21,0.20470588235294118,425,87.0,425.0,425.0,165000.0,90.0,116.0,$130k-$186k,,True,
FL,Lehigh Acres Zip Market,33974,69.24,0.25355450236966826,422,107.0,422.0,422.0,319900.0,92.0,128.0,$171k-$361k,,True,
FL,Cape Coral Zip Market,33909,78.77,0.37054631828978624,421,156.0,421.0,421.0,339900.0,78.0,180.0,$182k-$384k,,True,
FL,Kissimmee Zip Market,34759,77.23,0.342042755344418,421,144.0,421.0,421.0,286250.0,76.0,152.0,$153k-$323k,,True,
FL,Fort Lauderdale Zip Market,33321,73.51,0.3062200956937799,418,128.0,418.0,418.0,215000.0,83.0,112.0,$130k-$243k,,True,
FL,Fort Lauderdale Zip Market,33322,66.4,0.28019323671497587,414,116.0,414.0,414.0,137500.0,92.0,88.0,$130k-$155k,,True,
FL,Cape Coral Zip Market,33904,67.57,0.24330900243309003,411,100.0,411.0,411.0,410950.0,99.0,100.0,$220k-$464k,,True,
FL,Hollywood Zip Market,33027,72.69,0.28078817733990147,406,114.0,406.0,406.0,275000.0,74.0,120.0,$147k-$311k,,True,
FL,Delray Beach Zip Market,33446,75.28,0.3241206030150754,398,129.0,398.0,398.0,199750.0,78.0,108.0,$130k-$226k,,True,
FL,Venice Zip Market,34293,83.3,0.5264483627204031,397,209.0,397.0,397.0,395000.0,82.0,132.0,$211k-$446k,,True,
FL,West Palm Beach Zip Market,33411,79.15,0.3526448362720403,397,140.0,397.0,397.0,440000.0,66.0,120.0,$235k-$497k,,True,
FL,Lake Worth Zip Market,33467,80.22,0.38636363636363635,396,153.0,396.0,396.0,301860.0,71.0,124.0,$161k-$341k,,True,
FL,Homestead Zip Market,33033,70.79,0.25831202046035806,391,101.0,391.0,391.0,449450.0,73.0,92.0,$240k-$508k,,True,
FL,Saint Augustine Zip Market,32092,86.82,0.710594315245478,387,275.0,387.0,387.0,514950.0,62.0,148.0,$275k-$550k,,True,
FL,Fort Myers Beach Zip Market,33931,44.13,0.08527131782945736,387,33.0,387.0,387.0,759000.0,130.0,48.0,$406k-$550k,,True,
FL,Pompano Beach Zip Market,33064,67.8,0.24479166666666666,384,94.0,384.0,384.0,360000.0,89.0,88.0,$193k-$407k,,True,
FL,Deerfield Beach Zip Market,33442,63.08,0.23237597911227154,383,89.0,383.0,383.0,139000.0,92.0,84.0,$130k-$157k,,True,
FL,New Port Richey Zip Market,34652,68.18,0.2356020942408377,382,90.0,382.0,382.0,258000.0,88.0,144.0,$138k-$292k,,True,
FL,Fort Myers Zip Market,33913,72.4,0.31926121372031663,379,121.0,379.0,379.0,462498.0,94.0,104.0,$247k-$523k,,True,
FL,Delray Beach Zip Market,33484,70.53,0.2712765957446808,376,102.0,376.0,376.0,194750.0,76.0,76.0,$130k-$220k,,True,
FL,Miami Beach Zip Market,33154,46.34,0.19466666666666665,375,73.0,375.0,375.0,1650000.0,117.0,40.0,$883k-$550k,,True,
FL,Hudson Zip Market,34667,68.78,0.2192513368983957,374,82.0,374.0,374.0,335000.0,74.0,152.0,$179k-$379k,,True,
FL,Fort Myers Zip Market,33919,64.04,0.18256130790190736,367,67.0,367.0,367.0,239900.0,94.0,88.0,$130k-$271k,,True,
FL,Boynton Beach Zip Market,33435,64.68,0.19452054794520549,365,71.0,365.0,365.0,279900.0,94.0,96.0,$150k-$316k,,True,
FL,Hollywood Zip Market,33020,62.16,0.16164383561643836,365,59.0,365.0,365.0,410000.0,95.0,60.0,$219k-$463k,,True,
FL,Wellington Zip Market,33414,53.57,0.2493150684931507,365,91.0,365.0,365.0,775000.0,81.0,88.0,$415k-$550k,,True,
FL,Fort Lauderdale Zip Market,33311,67.66,0.2445054945054945,364,89.0,364.0,364.0,395000.0,90.0,100.0,$211k-$446k,,True,
FL,Parrish Zip Market,34219,89.58,0.8756906077348067,362,317.0,362.0,362.0,425000.0,68.0,192.0,$227k-$480k,,True,
FL,Saint Augustine Zip Market,32080,59.61,0.2200557103064067,359,79.0,359.0,359.0,585000.0,96.0,92.0,$313k-$550k,,True,
FL,Homestead Zip Market,33032,71.16,0.2681564245810056,358,96.0,358.0,358.0,455000.0,68.0,72.0,$243k-$514k,,True,
FL,Lehigh Acres Zip Market,33971,68.73,0.24581005586592178,358,88.0,358.0,358.0,322475.0,83.0,128.0,$173k-$364k,,True,
FL,Saint Petersburg Zip Market,33706,56.02,0.19327731092436976,357,69.0,357.0,357.0,627000.0,110.0,108.0,$335k-$550k,,True,
FL,Punta Gorda Zip Market,33950,64.38,0.20224719101123595,356,72.0,356.0,356.0,399000.0,101.0,88.0,$213k-$451k,,True,
FL,Port Charlotte Zip Market,33981,62.45,0.18980169971671387,353,67.0,353.0,353.0,490000.0,100.0,112.0,$262k-$550k,,True,
FL,Clermont Zip Market,34711,74.46,0.3132183908045977,348,109.0,348.0,348.0,487600.0,67.0,156.0,$261k-$550k,,True,
FL,Hollywood Zip Market,33021,67.35,0.2492753623188406,345,86.0,345.0,345.0,319500.0,87.0,76.0,$171k-$361k,,True,
FL,West Palm Beach Zip Market,33417,61.77,0.22093023255813954,344,76.0,344.0,344.0,124000.0,81.0,100.0,$130k-$140k,,True,
FL,Leesburg Zip Market,34748,70.7,0.27113702623906705,343,93.0,343.0,343.0,319900.0,79.0,136.0,$171k-$361k,,True,
FL,Fort Lauderdale Zip Market,33301,47.01,0.18154761904761904,336,61.0,336.0,336.0,1250000.0,95.0,52.0,$669k-$550k,,True,
FL,Saint Cloud Zip Market,34771,84.55,0.7297297297297297,333,243.0,333.0,333.0,479900.0,82.0,172.0,$257k-$542k,,True,
FL,Saint Johns Zip Market,32259,79.69,0.5301204819277109,332,176.0,332.0,332.0,587450.0,64.0,184.0,$314k-$550k,,True,
FL,Saint Augustine Zip Market,32084,71.38,0.29607250755287007,331,98.0,331.0,331.0,409000.0,85.0,104.0,$219k-$462k,,True,
FL,Clearwater Beach Zip Market,33767,46.0,0.16158536585365854,328,53.0,328.0,328.0,819500.0,116.0,64.0,$438k-$550k,,True,
FL,Boca Raton Zip Market,33432,46.3,0.1743119266055046,327,57.0,327.0,327.0,1262500.0,96.0,48.0,$675k-$550k,,True,
FL,Sarasota Zip Market,34236,60.13,0.48466257668711654,326,158.0,326.0,326.0,1824500.0,149.0,32.0,$976k-$550k,,True,
FL,Pompano Beach Zip Market,33069,64.83,0.19384615384615383,325,63.0,325.0,325.0,255000.0,84.0,88.0,$136k-$288k,,True,
FL,Miami Zip Market,33178,61.16,0.21981424148606812,323,71.0,323.0,323.0,568500.0,74.0,64.0,$304k-$550k,,True,
FL,Loxahatchee Zip Market,33470,57.14,0.27414330218068533,321,88.0,321.0,321.0,785000.0,68.0,104.0,$420k-$550k,,True,
FL,Saint Petersburg Zip Market,33708,56.84,0.196875,320,63.0,320.0,320.0,596000.0,111.0,96.0,$319k-$550k,,True,
FL,Port Richey Zip Market,34668,77.33,0.33860759493670883,316,107.0,316.0,316.0,259900.0,66.0,124.0,$139k-$294k,,True,
FL,Apollo Beach Zip Market,33572,68.15,0.28164556962025317,316,89.0,316.0,316.0,515000.0,78.0,132.0,$276k-$550k,,True,
FL,West Palm Beach Zip Market,33401,58.06,0.22784810126582278,316,72.0,316.0,316.0,544500.0,100.0,36.0,$291k-$550k,,True,
FL,Estero Zip Market,33928,68.88,0.34285714285714286,315,108.0,315.0,315.0,555000.0,89.0,88.0,$297k-$550k,,True,
FL,Hollywood Zip Market,33025,63.72,0.1873015873015873,315,59.0,315.0,315.0,299000.0,82.0,68.0,$160k-$338k,,True,
FL,Saint Cloud Zip Market,34772,80.44,0.4012738853503185,314,126.0,314.0,314.0,434990.0,67.0,132.0,$233k-$492k,,True,
FL,Sun City Center Zip Market,33573,75.53,0.35987261146496813,314,113.0,314.0,314.0,279000.0,86.0,132.0,$149k-$315k,,True,
FL,Bradenton Zip Market,34211,80.96,0.7331189710610932,311,228.0,311.0,311.0,575000.0,72.0,124.0,$308k-$550k,,True,
FL,Palmetto Zip Market,34221,78.5,0.4163934426229508,305,127.0,305.0,305.0,411999.0,81.0,148.0,$220k-$466k,,True,
FL,West Palm Beach Zip Market,33404,53.89,0.20735785953177258,299,62.0,299.0,299.0,629500.0,111.0,56.0,$337k-$550k,,True,
FL,Kissimmee Zip Market,34744,69.49,0.27181208053691275,298,81.0,298.0,298.0,415000.0,76.0,88.0,$222k-$469k,,True,
FL,Lehigh Acres Zip Market,33972,68.0,0.2651006711409396,298,79.0,298.0,298.0,354999.0,82.0,80.0,$190k-$401k,,True,
FL,Palm Beach Gardens Zip Market,33418,60.15,0.35906040268456374,298,107.0,298.0,298.0,738000.0,79.0,88.0,$395k-$550k,,True,
FL,Miami Zip Market,33133,45.49,0.21232876712328766,292,62.0,292.0,292.0,1950000.0,92.0,28.0,"$1,043k-$550k",,True,
FL,Sarasota Zip Market,34242,44.58,0.19243986254295534,291,56.0,291.0,291.0,1150000.0,124.0,40.0,$615k-$550k,,True,
FL,Fort Lauderdale Zip Market,33316,42.76,0.09278350515463918,291,27.0,291.0,291.0,972000.0,114.0,48.0,$520k-$550k,,True,
FL,Palm Beach Zip Market,33480,40.86,0.15807560137457044,291,46.0,291.0,291.0,1300000.0,119.0,20.0,$696k-$550k,,True,
FL,Bradenton Zip Market,34209,64.6,0.2179930795847751,289,63.0,289.0,289.0,375900.0,91.0,100.0,$201k-$425k,,True,
FL,Miami Zip Market,33181,56.95,0.09027777777777778,288,26.0,288.0,288.0,329950.0,100.0,36.0,$177k-$373k,,True,
FL,Boynton Beach Zip Market,33437,79.12,0.445993031358885,287,128.0,287.0,287.0,368950.0,77.0,92.0,$197k-$417k,,True,
FL,Port Charlotte Zip Market,33952,74.4,0.3344947735191638,287,96.0,287.0,287.0,237000.0,75.0,108.0,$130k-$268k,,True,
FL,Saint Petersburg Zip Market,33707,67.26,0.2631578947368421,285,75.0,285.0,285.0,359000.0,89.0,100.0,$192k-$406k,,True,
FL,Tampa Zip Market,33647,66.42,0.22183098591549297,284,63.0,284.0,284.0,469450.0,73.0,136.0,$251k-$530k,,True,
FL,Riverview Zip Market,33578,69.65,0.2624113475177305,282,74.0,282.0,282.0,327950.0,72.0,120.0,$175k-$371k,,True,
FL,North Fort Myers Zip Market,33917,76.39,0.40714285714285714,280,114.0,280.0,280.0,319000.0,86.0,92.0,$171k-$360k,,True,
FL,Cape Coral Zip Market,33991,73.88,0.3548387096774194,279,99.0,279.0,279.0,469900.0,81.0,128.0,$251k-$531k,,True,
FL,Spring Hill Zip Market,34609,77.57,0.36462093862815886,277,101.0,277.0,277.0,349700.0,68.0,136.0,$187k-$395k,,True,
FL,Boca Raton Zip Market,33433,73.18,0.3176895306859206,277,88.0,277.0,277.0,436000.0,69.0,72.0,$233k-$493k,,True,
FL,Lehigh Acres Zip Market,33976,69.35,0.2815884476534296,277,78.0,277.0,277.0,329900.0,82.0,116.0,$176k-$373k,,True,
FL,Key West Zip Market,33040,45.61,0.18115942028985507,276,50.0,276.0,276.0,1149000.0,111.0,68.0,$615k-$550k,,True,
FL,Jacksonville Zip Market,32218,86.4,0.6139705882352942,272,167.0,272.0,272.0,315000.0,60.0,132.0,$169k-$356k,,True,
FL,Riverview Zip Market,33579,70.61,0.26838235294117646,272,73.0,272.0,272.0,419450.0,68.0,120.0,$224k-$474k,,True,
FL,Fort Lauderdale Zip Market,33324,70.23,0.26838235294117646,272,73.0,272.0,272.0,299000.0,66.0,80.0,$160k-$338k,,True,
FL,North Palm Beach Zip Market,33408,62.08,0.4963235294117647,272,135.0,272.0,272.0,765000.0,101.0,64.0,$409k-$550k,,True,
FL,Lehigh Acres Zip Market,33936,68.21,0.24723247232472326,271,67.0,271.0,271.0,240000.0,71.0,92.0,$130k-$271k,,True,
FL,Fort Myers Zip Market,33905,70.97,0.3082706766917293,266,82.0,266.0,266.0,368950.0,78.0,80.0,$197k-$417k,,True,
FL,Sanibel Zip Market,33957,39.23,0.13307984790874525,263,35.0,263.0,263.0,970000.0,162.0,20.0,$519k-$550k,,True,
FL,Labelle Zip Market,33935,61.43,0.18007662835249041,261,47.0,261.0,261.0,325000.0,88.0,64.0,$174k-$367k,,True,
FL,Apopka Zip Market,32712,83.32,0.5945945945945946,259,154.0,259.0,259.0,455000.0,72.0,124.0,$243k-$514k,,True,
FL,Sanford Zip Market,32771,77.55,0.3798449612403101,258,98.0,258.0,258.0,389500.0,69.0,108.0,$208k-$440k,,True,
FL,Boca Raton Zip Market,33434,71.59,0.4046692607003891,257,104.0,257.0,257.0,155000.0,78.0,36.0,$130k-$175k,,True,
FL,Green Cove Springs Zip Market,32043,82.01,0.5703125,256,146.0,256.0,256.0,359900.0,78.0,112.0,$193k-$407k,,True,
FL,Punta Gorda Zip Market,33955,68.4,0.30859375,256,79.0,256.0,256.0,354900.0,98.0,64.0,$190k-$401k,,True,
FL,Miami Zip Market,33156,44.78,0.2125984251968504,254,54.0,254.0,254.0,2550000.0,95.0,32.0,"$1,364k-$550k",,True,
FL,Lake Worth Zip Market,33463,75.12,0.32806324110671936,253,83.0,253.0,253.0,317450.0,60.0,72.0,$170k-$359k,,True,
FL,New Port Richey Zip Market,34655,74.18,0.3134920634920635,252,79.0,252.0,252.0,367450.0,65.0,120.0,$197k-$415k,,True,
FL,Titusville Zip Market,32780,69.64,0.29365079365079366,252,74.0,252.0,252.0,315000.0,77.0,84.0,$169k-$356k,,True,
FL,Key Largo Zip Market,33037,44.19,0.19444444444444445,252,49.0,252.0,252.0,1195000.0,104.0,40.0,$639k-$550k,,True,
FL,Marathon Zip Market,33050,43.77,0.15873015873015872,252,40.0,252.0,252.0,1175000.0,103.0,52.0,$629k-$550k,,True,
FL,Middleburg Zip Market,32068,82.16,0.44621513944223107,251,112.0,251.0,251.0,370000.0,59.0,132.0,$198k-$418k,,True,
FL,Wesley Chapel Zip Market,33543,71.93,0.3187250996015936,251,80.0,251.0,251.0,424500.0,79.0,116.0,$227k-$480k,,True,
FL,Dunedin Zip Market,34698,69.7,0.2948207171314741,251,74.0,251.0,251.0,399000.0,81.0,104.0,$213k-$451k,,True,
FL,Delray Beach Zip Market,33445,64.49,0.22310756972111553,251,56.0,251.0,251.0,287950.0,80.0,72.0,$154k-$325k,,True,
FL,Kissimmee Zip Market,34758,81.16,0.52,250,130.0,250.0,250.0,318950.0,70.0,76.0,$171k-$360k,,True,
FL,Boca Raton Zip Market,33487,47.37,0.244,250,61.0,250.0,250.0,819000.0,92.0,40.0,$438k-$550k,,True,
FL,Homestead Zip Market,33034,75.58,0.3534136546184739,249,88.0,249.0,249.0,397990.0,58.0,48.0,$213k-$450k,,True,
FL,Deland Zip Market,32724,73.92,0.3172690763052209,249,79.0,249.0,249.0,387995.0,66.0,108.0,$208k-$438k,,True,
FL,Mount Dora Zip Market,32757,80.69,0.4798387096774194,248,119.0,248.0,248.0,459950.0,68.0,112.0,$246k-$520k,,True,
FL,Homestead Zip Market,33035,64.61,0.27530364372469635,247,68.0,247.0,247.0,335000.0,85.0,36.0,$179k-$379k,,True,
FL,Coral Springs Zip Market,33065,65.8,0.25203252032520324,246,62.0,246.0,246.0,230000.0,80.0,68.0,$130k-$260k,,True,
FL,Jacksonville Zip Market,32256,80.37,0.4204081632653061,245,103.0,245.0,245.0,268500.0,60.0,100.0,$144k-$303k,,True,
FL,Saint Petersburg Zip Market,33703,72.73,0.3346938775510204,245,82.0,245.0,245.0,475000.0,71.0,92.0,$254k-$537k,,True,
FL,Fort Lauderdale Zip Market,33312,59.86,0.2757201646090535,243,67.0,243.0,243.0,669900.0,65.0,68.0,$358k-$550k,,True,
FL,Longboat Key Zip Market,34228,42.71,0.17355371900826447,242,42.0,242.0,242.0,1050000.0,143.0,44.0,$562k-$550k,,True,
FL,Jacksonville Zip Market,32210,83.04,0.49372384937238495,239,118.0,239.0,239.0,235000.0,58.0,108.0,$130k-$266k,,True,
FL,Sarasota Zip Market,34231,79.44,0.6890756302521008,238,164.0,238.0,238.0,434900.0,100.0,56.0,$233k-$491k,,True,
FL,Ruskin Zip Market,33570,72.08,0.3206751054852321,237,76.0,237.0,237.0,349900.0,72.0,84.0,$187k-$395k,,True,
FL,Wesley Chapel Zip Market,33545,79.49,0.4425531914893617,235,104.0,235.0,235.0,450000.0,68.0,108.0,$241k-$508k,,True,
FL,Pompano Beach Zip Market,33066,69.9,0.33476394849785407,233,78.0,233.0,233.0,210000.0,90.0,60.0,$130k-$237k,,True,
FL,Windermere Zip Market,34786,57.65,0.33905579399141633,233,79.0,233.0,233.0,1089000.0,75.0,84.0,$583k-$550k,,True,
FL,Wimauma Zip Market,33598,76.6,0.38362068965517243,232,89.0,232.0,232.0,359900.0,68.0,88.0,$193k-$407k,,True,
FL,Pompano Beach Zip Market,33068,63.88,0.25,232,58.0,232.0,232.0,337000.0,93.0,68.0,$180k-$381k,,True,
FL,Boynton Beach Zip Market,33436,74.97,0.3722943722943723,231,86.0,231.0,231.0,399000.0,71.0,72.0,$213k-$451k,,True,
FL,Jacksonville Zip Market,32209,64.52,0.2813852813852814,231,65.0,231.0,231.0,139450.0,75.0,80.0,$130k-$158k,,True,
FL,West Palm Beach Zip Market,33415,66.59,0.27074235807860264,229,62.0,229.0,229.0,220000.0,75.0,60.0,$130k-$249k,,True,
FL,Tampa Zip Market,33611,68.86,0.31718061674008813,227,72.0,227.0,227.0,530001.0,69.0,100.0,$284k-$550k,,True,
FL,Miami Zip Market,33157,59.47,0.3700440528634361,227,84.0,227.0,227.0,725000.0,68.0,56.0,$388k-$550k,,True,
FL,Clearwater Zip Market,33756,60.44,0.17699115044247787,226,40.0,226.0,226.0,421200.0,92.0,80.0,$225k-$476k,,True,
FL,Fort Lauderdale Zip Market,33309,72.97,0.3288888888888889,225,74.0,225.0,225.0,275000.0,63.0,56.0,$147k-$311k,,True,
FL,Englewood Zip Market,34223,63.05,0.27232142857142855,224,61.0,224.0,224.0,473804.0,101.0,60.0,$253k-$535k,,True,
FL,Lake Worth Zip Market,33461,56.67,0.21875,224,49.0,224.0,224.0,124000.0,90.0,68.0,$130k-$140k,,True,
FL,Miami Zip Market,33138,43.73,0.1875,224,42.0,224.0,224.0,855000.0,90.0,40.0,$457k-$550k,,True,
FL,Bradenton Zip Market,34210,63.27,0.2645739910313901,223,59.0,223.0,223.0,300000.0,108.0,60.0,$160k-$339k,,True,
FL,Fort Lauderdale Zip Market,33334,58.29,0.20179372197309417,223,45.0,223.0,223.0,569000.0,69.0,60.0,$304k-$550k,,True,
FL,Hollywood Zip Market,33024,76.31,0.3738738738738739,222,83.0,222.0,222.0,469000.0,59.0,80.0,$251k-$530k,,True,
FL,Orlando Zip Market,32832,65.71,0.2895927601809955,221,64.0,221.0,221.0,529990.0,72.0,92.0,$284k-$550k,,True,
FL,Clermont Zip Market,34714,82.09,0.5727272727272728,220,126.0,220.0,220.0,447490.0,70.0,104.0,$239k-$506k,,True,
FL,Sarasota Zip Market,34238,67.3,0.3059360730593607,219,67.0,219.0,219.0,427000.0,93.0,68.0,$228k-$483k,,True,
FL,Kissimmee Zip Market,34741,61.36,0.1963470319634703,219,43.0,219.0,219.0,315500.0,84.0,68.0,$169k-$357k,,True,
FL,Orlando Zip Market,32835,65.25,0.26146788990825687,218,57.0,218.0,218.0,249950.0,80.0,68.0,$134k-$282k,,True,
FL,Tampa Zip Market,33615,64.34,0.2102803738317757,214,45.0,214.0,214.0,419945.0,72.0,100.0,$225k-$475k,,True,
FL,Fort Lauderdale Zip Market,33326,59.06,0.22429906542056074,214,48.0,214.0,214.0,580000.0,67.0,60.0,$310k-$550k,,True,
FL,Jacksonville Zip Market,32244,83.16,0.5285714285714286,210,111.0,210.0,210.0,280000.0,56.0,96.0,$150k-$316k,,True,
FL,Saint Petersburg Zip Market,33701,41.74,0.1761904761904762,210,37.0,210.0,210.0,1279000.0,108.0,40.0,$684k-$550k,,True,
FL,Ponte Vedra Beach Zip Market,32082,57.69,0.35406698564593303,209,74.0,209.0,209.0,899500.0,74.0,84.0,$481k-$550k,,True,
FL,Miami Zip Market,33161,54.19,0.20095693779904306,209,42.0,209.0,209.0,550000.0,88.0,36.0,$294k-$550k,,True,
FL,Saint Augustine Zip Market,32086,70.27,0.2926829268292683,205,60.0,205.0,205.0,415000.0,66.0,100.0,$222k-$469k,,True,
FL,Palm Harbor Zip Market,34684,66.68,0.2634146341463415,205,54.0,205.0,205.0,299900.0,72.0,84.0,$160k-$339k,,True,
FL,North Port Zip Market,34287,71.61,0.35784313725490197,204,73.0,204.0,204.0,300000.0,76.0,60.0,$160k-$339k,,True,
FL,Rotonda West Zip Market,33947,66.85,0.29901960784313725,204,61.0,204.0,204.0,399900.0,80.0,56.0,$214k-$452k,,True,
FL,Tarpon Springs Zip Market,34689,67.12,0.27,200,54.0,200.0,200.0,429950.0,73.0,96.0,$230k-$486k,,True,
FL,Fort Myers Zip Market,33907,57.38,0.195,200,39.0,200.0,200.0,184900.0,118.0,44.0,$130k-$209k,,True,
FL,Saint Petersburg Zip Market,33715,56.77,0.205,200,41.0,200.0,200.0,499900.0,114.0,60.0,$267k-$550k,,True,
FL,North Port Zip Market,34288,66.55,0.2964824120603015,199,59.0,199.0,199.0,360000.0,90.0,80.0,$193k-$407k,,True,
FL,Pompano Beach Zip Market,33060,66.28,0.2964824120603015,199,59.0,199.0,199.0,461948.0,73.0,44.0,$247k-$522k,,True,
FL,Groveland Zip Market,34736,77.89,0.48484848484848486,198,96.0,198.0,198.0,399000.0,71.0,68.0,$213k-$451k,,True,
FL,Orlando Zip Market,32819,56.21,0.18686868686868688,198,37.0,198.0,198.0,525000.0,87.0,64.0,$281k-$550k,,True,
FL,Fort Lauderdale Zip Market,33305,41.74,0.14646464646464646,198,29.0,198.0,198.0,1150000.0,89.0,44.0,$615k-$550k,,True,
FL,Orlando Zip Market,32821,55.87,0.15736040609137056,197,31.0,197.0,197.0,249000.0,110.0,44.0,$133k-$281k,,True,
FL,Miami Zip Market,33129,41.4,0.116751269035533,197,23.0,197.0,197.0,1299500.0,78.0,36.0,$695k-$550k,,True,
FL,Deltona Zip Market,32725,75.21,0.3622448979591837,196,71.0,196.0,196.0,328900.0,61.0,84.0,$176k-$372k,,True,
FL,Tampa Zip Market,33610,79.97,0.5076923076923077,195,99.0,195.0,195.0,325000.0,66.0,88.0,$174k-$367k,,True,
FL,North Port Zip Market,34286,73.29,0.38974358974358975,195,76.0,195.0,195.0,365000.0,76.0,68.0,$195k-$412k,,True,
FL,Tampa Zip Market,33602,43.63,0.14358974358974358,195,28.0,195.0,195.0,835950.0,75.0,52.0,$447k-$550k,,True,
FL,Land O Lakes Zip Market,34638,80.77,0.5958549222797928,193,115.0,193.0,193.0,424999.0,71.0,88.0,$227k-$480k,,True,
FL,Punta Gorda Zip Market,33982,77.33,0.4322916666666667,192,83.0,192.0,192.0,450000.0,64.0,68.0,$241k-$508k,,True,
FL,Deerfield Beach Zip Market,33441,60.96,0.24736842105263157,190,47.0,190.0,190.0,407000.0,93.0,48.0,$218k-$460k,,True,
FL,Bradenton Zip Market,34202,60.2,0.4263157894736842,190,81.0,190.0,190.0,729000.0,76.0,84.0,$390k-$550k,,True,
FL,Delray Beach Zip Market,33483,44.94,0.2631578947368421,190,50.0,190.0,190.0,1374500.0,93.0,28.0,$735k-$550k,,True,
FL,Orlando Zip Market,32824,72.4,0.32275132275132273,189,61.0,189.0,189.0,415000.0,59.0,68.0,$222k-$469k,,True,
FL,Port Charlotte Zip Market,33948,64.63,0.2872340425531915,188,54.0,188.0,188.0,310000.0,93.0,68.0,$166k-$350k,,True,
FL,Orlando Zip Market,32828,70.87,0.3315508021390374,187,62.0,187.0,187.0,489450.0,65.0,100.0,$262k-$550k,,True,
FL,Coral Springs Zip Market,33071,68.34,0.2994652406417112,187,56.0,187.0,187.0,389000.0,68.0,60.0,$208k-$440k,,True,
FL,Orlando Zip Market,32822,66.58,0.31016042780748665,187,58.0,187.0,187.0,185000.0,80.0,48.0,$130k-$209k,,True,
FL,Lake Worth Zip Market,33462,63.74,0.2887700534759358,187,54.0,187.0,187.0,385000.0,88.0,44.0,$206k-$435k,,True,
FL,Boca Raton Zip Market,33428,70.27,0.3333333333333333,186,62.0,186.0,186.0,350000.0,66.0,44.0,$187k-$395k,,True,
FL,Jacksonville Beach Zip Market,32250,54.79,0.31351351351351353,185,58.0,185.0,185.0,737000.0,72.0,92.0,$394k-$550k,,True,
FL,Orlando Zip Market,32827,52.72,0.31351351351351353,185,58.0,185.0,185.0,849945.0,82.0,72.0,$455k-$550k,,True,
FL,Hialeah Zip Market,33015,67.17,0.30978260869565216,184,57.0,184.0,184.0,310000.0,71.0,40.0,$166k-$350k,,True,
FL,Saint Petersburg Zip Market,33709,64.56,0.29891304347826086,184,55.0,184.0,184.0,167450.0,82.0,56.0,$130k-$189k,,True,
FL,Holiday Zip Market,34691,67.52,0.2896174863387978,183,53.0,183.0,183.0,249900.0,72.0,84.0,$134k-$282k,,True,
FL,Clearwater Zip Market,33763,61.34,0.22527472527472528,182,41.0,182.0,182.0,185000.0,88.0,80.0,$130k-$209k,,True,
FL,Odessa Zip Market,33556,58.78,0.35714285714285715,182,65.0,182.0,182.0,719950.0,65.0,92.0,$385k-$550k,,True,
FL,Jacksonville Zip Market,32205,73.21,0.36464088397790057,181,66.0,181.0,181.0,280000.0,70.0,88.0,$150k-$316k,,True,
FL,Ponte Vedra Zip Market,32081,72.56,0.6740331491712708,181,122.0,181.0,181.0,675000.0,63.0,80.0,$361k-$550k,,True,
FL,Jupiter Zip Market,33458,69.74,0.5469613259668509,181,99.0,181.0,181.0,699000.0,58.0,64.0,$374k-$550k,,True,
FL,Sarasota Zip Market,34243,68.73,0.35911602209944754,181,65.0,181.0,181.0,439000.0,94.0,60.0,$235k-$496k,,True,
FL,Palm Beach Gardens Zip Market,33410,67.41,0.4143646408839779,181,75.0,181.0,181.0,598999.0,69.0,52.0,$320k-$550k,,True,
FL,Venice Zip Market,34285,57.6,0.2265193370165746,181,41.0,181.0,181.0,399450.0,107.0,36.0,$214k-$451k,,True,
FL,Tampa Zip Market,33604,70.24,0.3128491620111732,179,56.0,179.0,179.0,413000.0,67.0,88.0,$221k-$467k,,True,
FL,Saint Petersburg Zip Market,33702,67.69,0.29608938547486036,179,53.0,179.0,179.0,345000.0,71.0,72.0,$185k-$390k,,True,
FL,Jupiter Zip Market,33477,43.01,0.25139664804469275,179,45.0,179.0,179.0,749500.0,108.0,28.0,$401k-$550k,,True,
FL,Bradenton Beach Zip Market,34217,38.83,0.16759776536312848,179,30.0,179.0,179.0,1399900.0,152.0,32.0,$749k-$550k,,True,
FL,Nokomis Zip Market,34275,73.6,0.6460674157303371,178,115.0,178.0,178.0,529999.0,93.0,64.0,$284k-$550k,,True,
FL,Boca Raton Zip Market,33496,55.69,0.3595505617977528,178,64.0,178.0,178.0,857000.0,71.0,48.0,$458k-$550k,,True,
FL,Cape Coral Zip Market,33990,70.22,0.3389830508474576,177,60.0,177.0,177.0,398900.0,72.0,68.0,$213k-$451k,,True,
FL,Orlando Zip Market,32839,57.1,0.1694915254237288,177,30.0,177.0,177.0,160000.0,72.0,48.0,$130k-$181k,,True,
FL,Miami Zip Market,33186,70.23,0.4090909090909091,176,72.0,176.0,176.0,527000.0,61.0,36.0,$282k-$550k,,True,
FL,Hollywood Zip Market,33026,68.22,0.29545454545454547,176,52.0,176.0,176.0,347250.0,63.0,56.0,$186k-$392k,,True,
FL,Fort Myers Zip Market,33901,57.8,0.2215909090909091,176,39.0,176.0,176.0,275000.0,97.0,40.0,$147k-$311k,,True,
FL,Saint Augustine Zip Market,32095,73.21,0.48,175,84.0,175.0,175.0,529000.0,72.0,84.0,$283k-$550k,,True,
FL,Miami Zip Market,33134,46.69,0.29714285714285715,175,52.0,175.0,175.0,1060000.0,85.0,24.0,$567k-$550k,,True,
FL,Tavares Zip Market,32778,66.43,0.3103448275862069,174,54.0,174.0,174.0,349900.0,82.0,64.0,$187k-$395k,,True,
FL,Pompano Beach Zip Market,33076,64.13,0.5172413793103449,174,90.0,174.0,174.0,1075000.0,61.0,64.0,$575k-$550k,,True,
FL,North Fort Myers Zip Market,33903,57.53,0.22988505747126436,174,40.0,174.0,174.0,302500.0,110.0,40.0,$162k-$342k,,True,
FL,Tampa Zip Market,33629,51.89,0.3236994219653179,173,56.0,173.0,173.0,1749000.0,85.0,60.0,$936k-$550k,,True,
FL,Altamonte Springs Zip Market,32714,64.7,0.23255813953488372,172,40.0,172.0,172.0,210000.0,61.0,68.0,$130k-$237k,,True,
FL,Saint Petersburg Zip Market,33711,61.7,0.26744186046511625,172,46.0,172.0,172.0,372500.0,92.0,56.0,$199k-$421k,,True,
FL,Boynton Beach Zip Market,33426,65.24,0.29239766081871343,171,50.0,171.0,171.0,295000.0,72.0,48.0,$158k-$333k,,True,
FL,Winter Park Zip Market,32789,52.62,0.3157894736842105,171,54.0,171.0,171.0,1091500.0,73.0,60.0,$584k-$550k,,True,
FL,West Palm Beach Zip Market,33407,75.03,0.5588235294117647,170,95.0,170.0,170.0,425000.0,76.0,36.0,$227k-$480k,,True,
FL,Apopka Zip Market,32703,80.02,0.5739644970414202,169,97.0,169.0,169.0,405000.0,66.0,92.0,$217k-$458k,,True,
FL,Spring Hill Zip Market,34606,75.91,0.42011834319526625,169,71.0,169.0,169.0,299000.0,63.0,76.0,$160k-$338k,,True,
FL,Palm Harbor Zip Market,34683,70.44,0.35502958579881655,169,60.0,169.0,169.0,500000.0,62.0,72.0,$268k-$550k,,True,
FL,Miami Zip Market,33162,61.89,0.27976190476190477,168,47.0,168.0,168.0,375000.0,87.0,44.0,$201k-$424k,,True,
FL,Bradenton Zip Market,34205,61.16,0.24404761904761904,168,41.0,168.0,168.0,296500.0,86.0,72.0,$159k-$335k,,True,
FL,Spring Hill Zip Market,34608,76.73,0.463855421686747,166,77.0,166.0,166.0,339000.0,59.0,52.0,$181k-$383k,,True,
FL,Saint Petersburg Zip Market,33705,64.6,0.2710843373493976,166,45.0,166.0,166.0,385000.0,72.0,72.0,$206k-$435k,,True,
FL,Miami Zip Market,33143,42.88,0.2289156626506024,166,38.0,166.0,166.0,1299000.0,78.0,28.0,$695k-$550k,,True,
FL,Brandon Zip Market,33511,76.22,0.42424242424242425,165,70.0,165.0,165.0,380000.0,61.0,84.0,$203k-$429k,,True,
FL,Orlando Zip Market,32837,63.89,0.2545454545454545,165,42.0,165.0,165.0,399900.0,71.0,76.0,$214k-$452k,,True,
FL,West Palm Beach Zip Market,33412,48.06,0.2926829268292683,164,48.0,164.0,164.0,1125000.0,78.0,40.0,$602k-$550k,,True,
FL,Oviedo Zip Market,32765,76.25,0.4723926380368098,163,77.0,163.0,163.0,499900.0,58.0,88.0,$267k-$550k,,True,
FL,Hollywood Zip Market,33023,75.83,0.5153374233128835,163,84.0,163.0,163.0,500000.0,53.0,40.0,$268k-$550k,,True,
FL,New Port Richey Zip Market,34653,70.81,0.345679012345679,162,56.0,162.0,162.0,265000.0,67.0,76.0,$142k-$299k,,True,
FL,Bradenton Zip Market,34212,71.13,0.5217391304347826,161,84.0,161.0,161.0,550000.0,77.0,72.0,$294k-$550k,,True,
FL,Fort Myers Zip Market,33916,69.45,0.40993788819875776,161,66.0,161.0,161.0,284900.0,79.0,36.0,$152k-$322k,,True,
FL,Miami Zip Market,33176,65.76,0.40372670807453415,161,65.0,161.0,161.0,550000.0,74.0,40.0,$294k-$550k,,True,
FL,Miami Zip Market,33196,57.25,0.2732919254658385,161,44.0,161.0,161.0,639900.0,55.0,40.0,$342k-$550k,,True,
FL,Jacksonville Zip Market,32246,75.43,0.36875,160,59.0,160.0,160.0,320000.0,49.0,84.0,$171k-$362k,,True,
FL,Bradenton Zip Market,34203,65.63,0.31875,160,51.0,160.0,160.0,380000.0,79.0,52.0,$203k-$429k,,True,
FL,Lake Mary Zip Market,32746,75.01,0.4240506329113924,158,67.0,158.0,158.0,440000.0,64.0,76.0,$235k-$497k,,True,
FL,Jacksonville Zip Market,32208,73.58,0.379746835443038,158,60.0,158.0,158.0,179450.0,59.0,68.0,$130k-$203k,,True,
FL,Orlando Zip Market,32808,70.72,0.35668789808917195,157,56.0,157.0,157.0,276950.0,63.0,52.0,$148k-$313k,,True,
FL,Miami Zip Market,33169,57.18,0.2564102564102564,156,40.0,156.0,156.0,260000.0,88.0,24.0,$139k-$294k,,True,
FL,Homestead Zip Market,33030,46.32,0.2645161290322581,155,41.0,155.0,155.0,749945.0,71.0,36.0,$401k-$550k,,True,
FL,Jacksonville Zip Market,32216,71.62,0.34415584415584416,154,53.0,154.0,154.0,252500.0,59.0,72.0,$135k-$285k,,True,
FL,Winter Park Zip Market,32792,65.75,0.3006535947712418,153,46.0,153.0,153.0,425000.0,70.0,56.0,$227k-$480k,,True,
FL,Fort Myers Zip Market,33912,56.3,0.26143790849673204,153,40.0,153.0,153.0,449500.0,102.0,24.0,$240k-$508k,,True,
FL,Saint Petersburg Zip Market,33710,71.79,0.36423841059602646,151,55.0,151.0,151.0,450000.0,67.0,96.0,$241k-$508k,,True,
FL,Fort Lauderdale Zip Market,33317,67.04,0.40397350993377484,151,61.0,151.0,151.0,540000.0,63.0,32.0,$289k-$550k,,True,
FL,Punta Gorda Zip Market,33983,59.81,0.271523178807947,151,41.0,151.0,151.0,341000.0,91.0,44.0,$182k-$385k,,True,
FL,Indian Rocks Beach Zip Market,33785,37.42,0.13245033112582782,151,20.0,151.0,151.0,725000.0,116.0,48.0,$388k-$550k,,True,
FL,Tampa Zip Market,33617,66.7,0.32,150,48.0,150.0,150.0,310000.0,71.0,56.0,$166k-$350k,,True,
FL,Placida Zip Market,33946,40.41,0.12666666666666668,150,19.0,150.0,150.0,649000.0,159.0,24.0,$347k-$550k,,True,
FL,Zephyrhills Zip Market,33541,77.87,0.7114093959731543,149,106.0,149.0,149.0,355500.0,78.0,72.0,$190k-$402k,,True,
FL,Port Charlotte Zip Market,33953,66.37,0.40939597315436244,149,61.0,149.0,149.0,369000.0,112.0,36.0,$197k-$417k,,True,
FL,Fort Lauderdale Zip Market,33315,48.22,0.18791946308724833,149,28.0,149.0,149.0,594950.0,81.0,32.0,$318k-$550k,,True,
FL,Bradenton Zip Market,34208,69.66,0.40540540540540543,148,60.0,148.0,148.0,442000.0,79.0,52.0,$236k-$499k,,True,
FL,Hollywood Zip Market,33029,52.85,0.3108108108108108,148,46.0,148.0,148.0,775000.0,58.0,48.0,$415k-$550k,,True,
FL,Orlando Zip Market,32836,40.69,0.16216216216216217,148,24.0,148.0,148.0,1090000.0,71.0,36.0,$583k-$550k,,True,
FL,Yulee Zip Market,32097,77.65,0.6938775510204082,147,102.0,147.0,147.0,426500.0,74.0,64.0,$228k-$482k,,True,
FL,Orlando Zip Market,32811,61.78,0.272108843537415,147,40.0,147.0,147.0,199950.0,72.0,44.0,$130k-$226k,,True,
FL,Jupiter Zip Market,33469,46.32,0.3197278911564626,147,47.0,147.0,147.0,777250.0,85.0,24.0,$416k-$550k,,True,
FL,Clearwater Zip Market,33764,61.11,0.2808219178082192,146,41.0,146.0,146.0,299900.0,89.0,60.0,$160k-$339k,,True,
FL,Englewood Zip Market,34224,61.81,0.296551724137931,145,43.0,145.0,145.0,323450.0,84.0,44.0,$173k-$365k,,True,
FL,Dade City Zip Market,33525,74.93,0.5416666666666666,144,78.0,144.0,144.0,399990.0,74.0,64.0,$214k-$452k,,True,
FL,Deltona Zip Market,32738,74.66,0.4375,144,63.0,144.0,144.0,330000.0,57.0,52.0,$177k-$373k,,True,
FL,Miami Zip Market,33166,53.26,0.2708333333333333,144,39.0,144.0,144.0,572450.0,74.0,24.0,$306k-$550k,,True,
FL,Punta Gorda Zip Market,33980,58.43,0.2727272727272727,143,39.0,143.0,143.0,289900.0,98.0,40.0,$155k-$328k,,True,
FL,Jacksonville Zip Market,32219,75.72,0.6619718309859155,142,94.0,142.0,142.0,320000.0,70.0,36.0,$171k-$362k,,True,
FL,Miami Zip Market,33177,57.65,0.30985915492957744,142,44.0,142.0,142.0,659500.0,59.0,48.0,$353k-$550k,,True,
FL,Sarasota Zip Market,34232,63.01,0.2765957446808511,141,39.0,141.0,141.0,379000.0,68.0,52.0,$203k-$428k,,True,
FL,Hialeah Zip Market,33012,58.08,0.2553191489361702,141,36.0,141.0,141.0,275000.0,72.0,24.0,$147k-$311k,,True,
FL,Sarasota Zip Market,34239,45.84,0.3191489361702128,141,45.0,141.0,141.0,1174000.0,91.0,28.0,$628k-$550k,,True,
FL,Jacksonville Zip Market,32225,77.24,0.49640287769784175,139,69.0,139.0,139.0,399999.0,53.0,64.0,$214k-$452k,,True,
FL,Clermont Zip Market,34715,75.62,0.8129496402877698,139,113.0,139.0,139.0,524950.0,70.0,64.0,$281k-$550k,,True,
FL,Clearwater Zip Market,33755,64.53,0.30935251798561153,139,43.0,139.0,139.0,420000.0,72.0,52.0,$225k-$475k,,True,
FL,Delray Beach Zip Market,33444,43.89,0.2733812949640288,139,38.0,139.0,139.0,787500.0,80.0,32.0,$421k-$550k,,True,
FL,Saint Petersburg Zip Market,33713,72.81,0.427536231884058,138,59.0,138.0,138.0,474900.0,62.0,76.0,$254k-$537k,,True,
FL,Brooksville Zip Market,34613,72.25,0.4420289855072464,138,61.0,138.0,138.0,369700.0,70.0,60.0,$198k-$418k,,True,
FL,Key Biscayne Zip Market,33149,33.31,0.15942028985507245,138,22.0,138.0,138.0,2509500.0,97.0,12.0,"$1,343k-$550k",,True,
FL,Ocoee Zip Market,34761,76.0,0.5547445255474452,137,76.0,137.0,137.0,438000.0,68.0,68.0,$234k-$495k,,True,
FL,Fort Lauderdale Zip Market,33351,62.58,0.29411764705882354,136,40.0,136.0,136.0,294000.0,67.0,36.0,$157k-$332k,,True,
FL,Lutz Zip Market,33558,56.74,0.19852941176470587,136,27.0,136.0,136.0,475000.0,71.0,60.0,$254k-$537k,,True,
FL,Hobe Sound Zip Market,33455,46.34,0.27205882352941174,136,37.0,136.0,136.0,699000.0,88.0,32.0,$374k-$550k,,True,
FL,New Port Richey Zip Market,34654,61.71,0.2518518518518518,135,34.0,135.0,135.0,340000.0,64.0,52.0,$182k-$384k,,True,
FL,Jacksonville Zip Market,32224,78.58,0.9029850746268657,134,121.0,134.0,134.0,469450.0,66.0,60.0,$251k-$530k,,True,
FL,Deland Zip Market,32720,74.63,0.5,134,67.0,134.0,134.0,370500.0,65.0,60.0,$198k-$419k,,True,
FL,Tampa Zip Market,33614,63.34,0.29850746268656714,134,40.0,134.0,134.0,424900.0,73.0,60.0,$227k-$480k,,True,
FL,Miami Zip Market,33127,38.01,0.19402985074626866,134,26.0,134.0,134.0,888500.0,78.0,24.0,$475k-$550k,,True,
FL,Oldsmar Zip Market,34677,63.3,0.3157894736842105,133,42.0,133.0,133.0,349900.0,79.0,52.0,$187k-$395k,,True,
FL,West Palm Beach Zip Market,33409,59.68,0.2781954887218045,133,37.0,133.0,133.0,237500.0,75.0,36.0,$130k-$268k,,True,
FL,Jacksonville Zip Market,32207,75.35,0.4772727272727273,132,63.0,132.0,132.0,349990.0,57.0,60.0,$187k-$395k,,True,
FL,Tampa Zip Market,33619,68.16,0.3181818181818182,132,42.0,132.0,132.0,356750.0,58.0,72.0,$191k-$403k,,True,
FL,Saint Cloud Zip Market,34769,64.34,0.32575757575757575,132,43.0,132.0,132.0,319000.0,74.0,48.0,$171k-$360k,,True,
FL,Miami Zip Market,33193,59.76,0.2727272727272727,132,36.0,132.0,132.0,363000.0,72.0,36.0,$194k-$410k,,True,
FL,Altamonte Springs Zip Market,32701,56.63,0.19696969696969696,132,26.0,132.0,132.0,194500.0,75.0,60.0,$130k-$220k,,True,
FL,Miami Zip Market,33126,54.06,0.21212121212121213,132,28.0,132.0,132.0,299888.0,72.0,20.0,$160k-$339k,,True,
FL,Orange Park Zip Market,32073,73.6,0.4198473282442748,131,55.0,131.0,131.0,321750.0,52.0,52.0,$172k-$364k,,True,
FL,Sarasota Zip Market,34235,55.47,0.25190839694656486,131,33.0,131.0,131.0,299000.0,93.0,32.0,$160k-$338k,,True,
FL,Orlando Zip Market,32806,63.13,0.3076923076923077,130,40.0,130.0,130.0,485000.0,72.0,80.0,$259k-$548k,,True,
FL,Fort Lauderdale Zip Market,33323,49.5,0.2230769230769231,130,29.0,130.0,130.0,535000.0,86.0,24.0,$286k-$550k,,True,
FL,Bradenton Zip Market,34207,51.42,0.24031007751937986,129,31.0,129.0,129.0,139950.0,99.0,40.0,$130k-$158k,,True,
FL,Orange Park Zip Market,32065,73.33,0.4453125,128,57.0,128.0,128.0,339450.0,60.0,60.0,$182k-$384k,,True,
FL,Lithia Zip Market,33547,62.8,0.3359375,128,43.0,128.0,128.0,564950.0,61.0,60.0,$302k-$550k,,True,
FL,Lake Worth Beach Zip Market,33460,61.66,0.3203125,128,41.0,128.0,128.0,475000.0,73.0,36.0,$254k-$537k,,True,
FL,Jacksonville Zip Market,32226,61.18,0.2578125,128,33.0,128.0,128.0,441500.0,65.0,52.0,$236k-$499k,,True,
FL,Sarasota Zip Market,34240,57.4,0.453125,128,58.0,128.0,128.0,850000.0,61.0,44.0,$455k-$550k,,True,
FL,Tampa Zip Market,33612,64.62,0.25984251968503935,127,33.0,127.0,127.0,349950.0,50.0,68.0,$187k-$395k,,True,
FL,Miami Zip Market,33175,50.16,0.373015873015873,126,47.0,126.0,126.0,829995.0,72.0,28.0,$444k-$550k,,True,
FL,Orlando Zip Market,32801,50.07,0.1349206349206349,126,17.0,126.0,126.0,338000.0,101.0,40.0,$181k-$382k,,True,
FL,Alva Zip Market,33920,60.01,0.33064516129032256,124,41.0,124.0,124.0,430000.0,100.0,32.0,$230k-$486k,,True,
FL,Brooksville Zip Market,34614,66.62,0.42276422764227645,123,52.0,123.0,123.0,389000.0,94.0,48.0,$208k-$440k,,True,
FL,Dania Zip Market,33004,54.96,0.23577235772357724,123,29.0,123.0,123.0,319000.0,78.0,28.0,$171k-$360k,,True,
FL,Captiva Zip Market,33924,29.44,0.07317073170731707,123,9.0,123.0,123.0,1499000.0,173.0,12.0,$802k-$550k,,True,
FL,Winter Springs Zip Market,32708,74.28,0.5245901639344263,122,64.0,122.0,122.0,399000.0,65.0,60.0,$213k-$451k,,True,
FL,Hialeah Zip Market,33018,62.76,0.36065573770491804,122,44.0,122.0,122.0,540000.0,67.0,44.0,$289k-$550k,,True,
FL,Clearwater Zip Market,33761,60.77,0.2786885245901639,122,34.0,122.0,122.0,259000.0,67.0,40.0,$139k-$293k,,True,
FL,Sarasota Zip Market,34241,65.27,0.9256198347107438,121,112.0,121.0,121.0,679900.0,82.0,56.0,$364k-$550k,,True,
FL,Fort Lauderdale Zip Market,33328,67.31,0.4,120,48.0,120.0,120.0,545000.0,52.0,48.0,$292k-$550k,,True,
FL,Fort Myers Zip Market,33967,65.53,0.35,120,42.0,120.0,120.0,395000.0,67.0,40.0,$211k-$446k,,True,
FL,Tampa Zip Market,33609,48.56,0.3416666666666667,120,41.0,120.0,120.0,802000.0,78.0,44.0,$429k-$550k,,True,
FL,Miami Zip Market,33125,47.78,0.15833333333333333,120,19.0,120.0,120.0,484667.0,88.0,24.0,$259k-$548k,,True,
FL,Miami Zip Market,33145,37.17,0.175,120,21.0,120.0,120.0,880000.0,68.0,20.0,$471k-$550k,,True,
FL,Orlando Zip Market,32825,76.61,0.5508474576271186,118,65.0,118.0,118.0,408000.0,56.0,68.0,$218k-$461k,,True,
FL,West Palm Beach Zip Market,33405,45.8,0.3418803418803419,117,40.0,117.0,117.0,2694500.0,85.0,28.0,"$1,442k-$550k",,True,
FL,Pompano Beach Zip Market,33067,42.74,0.2564102564102564,117,30.0,117.0,117.0,765000.0,66.0,28.0,$409k-$550k,,True,
FL,Spring Hill Zip Market,34607,50.03,0.1896551724137931,116,22.0,116.0,116.0,489950.0,78.0,28.0,$262k-$550k,,True,
FL,Riverview Zip Market,33569,63.91,0.28695652173913044,115,33.0,115.0,115.0,415000.0,56.0,56.0,$222k-$469k,,True,
FL,Tampa Zip Market,33603,57.25,0.23478260869565218,115,27.0,115.0,115.0,515000.0,58.0,56.0,$276k-$550k,,True,
FL,Fort Lauderdale Zip Market,33325,54.65,0.33043478260869563,115,38.0,115.0,115.0,670000.0,64.0,40.0,$358k-$550k,,True,
FL,Debary Zip Market,32713,76.65,0.543859649122807,114,62.0,114.0,114.0,410000.0,48.0,56.0,$219k-$463k,,True,
FL,Miami Zip Market,33172,58.91,0.2982456140350877,114,34.0,114.0,114.0,310000.0,73.0,28.0,$166k-$350k,,True,
FL,Miami Zip Market,33155,51.95,0.37719298245614036,114,43.0,114.0,114.0,795000.0,55.0,24.0,$425k-$550k,,True,
FL,Jacksonville Zip Market,32257,74.47,0.5132743362831859,113,58.0,113.0,113.0,368995.0,58.0,60.0,$197k-$417k,,True,
FL,Brooksville Zip Market,34601,67.71,0.5309734513274337,113,60.0,113.0,113.0,485000.0,86.0,44.0,$259k-$548k,,True,
FL,Longwood Zip Market,32779,67.28,0.415929203539823,113,47.0,113.0,113.0,509000.0,61.0,48.0,$272k-$550k,,True,
FL,Port Charlotte Zip Market,33954,66.72,0.3893805309734513,113,44.0,113.0,113.0,334950.0,62.0,28.0,$179k-$378k,,True,
FL,Saint Petersburg Zip Market,33712,58.24,0.23893805309734514,113,27.0,113.0,113.0,400000.0,67.0,52.0,$214k-$452k,,True,
FL,Sarasota Zip Market,34234,56.43,0.3008849557522124,113,34.0,113.0,113.0,446500.0,100.0,28.0,$239k-$505k,,True,
FL,Boca Raton Zip Market,33431,46.25,0.35398230088495575,113,40.0,113.0,113.0,767500.0,78.0,24.0,$411k-$550k,,True,
FL,Saint Petersburg Zip Market,33714,66.46,0.6428571428571429,112,72.0,112.0,112.0,146000.0,105.0,40.0,$130k-$165k,,True,
FL,Boynton Beach Zip Market,33472,63.37,0.39285714285714285,112,44.0,112.0,112.0,399000.0,81.0,28.0,$213k-$451k,,True,
FL,Orlando Zip Market,32818,69.25,0.4727272727272727,110,52.0,110.0,110.0,355000.0,68.0,36.0,$190k-$401k,,True,
FL,Titusville Zip Market,32796,67.71,0.43636363636363634,110,48.0,110.0,110.0,299999.0,75.0,48.0,$160k-$339k,,True,
FL,Venice Zip Market,34292,61.69,0.36363636363636365,110,40.0,110.0,110.0,429000.0,86.0,32.0,$230k-$485k,,True,
FL,Zephyrhills Zip Market,33542,54.52,0.20909090909090908,110,23.0,110.0,110.0,265000.0,78.0,56.0,$142k-$299k,,True,
FL,Jacksonville Zip Market,32206,56.12,0.24770642201834864,109,27.0,109.0,109.0,185000.0,73.0,40.0,$130k-$209k,,True,
FL,Kissimmee Zip Market,34743,63.41,0.3333333333333333,108,36.0,108.0,108.0,344500.0,65.0,36.0,$184k-$389k,,True,
FL,Islamorada Zip Market,33036,29.57,0.1574074074074074,108,17.0,108.0,108.0,2740000.0,128.0,12.0,"$1,466k-$550k",,True,
FL,Orlando Zip Market,32812,68.09,0.40186915887850466,107,43.0,107.0,107.0,352450.0,64.0,44.0,$189k-$398k,,True,
FL,San Antonio Zip Market,33576,65.21,0.48598130841121495,107,52.0,107.0,107.0,349945.0,114.0,36.0,$187k-$395k,,True,
FL,Fort Lauderdale Zip Market,33331,40.59,0.2336448598130841,107,25.0,107.0,107.0,1100000.0,65.0,28.0,$588k-$550k,,True,
FL,Land O Lakes Zip Market,34637,58.39,0.25471698113207547,106,27.0,106.0,106.0,427450.0,68.0,52.0,$229k-$483k,,True,
FL,Valrico Zip Market,33594,70.19,0.3904761904761905,105,41.0,105.0,105.0,449900.0,52.0,56.0,$241k-$508k,,True,
FL,Sanford Zip Market,32773,69.91,0.47115384615384615,104,49.0,104.0,104.0,324900.0,66.0,44.0,$174k-$367k,,True,
FL,Saint Petersburg Zip Market,33704,47.05,0.36538461538461536,104,38.0,104.0,104.0,952500.0,84.0,36.0,$510k-$550k,,True,
FL,Largo Zip Market,33770,61.13,0.3300970873786408,103,34.0,103.0,103.0,415000.0,78.0,44.0,$222k-$469k,,True,
FL,Tampa Zip Market,33618,60.94,0.30097087378640774,103,31.0,103.0,103.0,359900.0,61.0,32.0,$193k-$407k,,True,
FL,Boca Raton Zip Market,33486,48.82,0.3592233009708738,103,37.0,103.0,103.0,790000.0,66.0,32.0,$423k-$550k,,True,
FL,Maitland Zip Market,32751,67.01,0.43137254901960786,102,44.0,102.0,102.0,500000.0,63.0,48.0,$268k-$550k,,True,
FL,Largo Zip Market,33774,62.15,0.37254901960784315,102,38.0,102.0,102.0,379500.0,95.0,48.0,$203k-$429k,,True,
FL,Miami Zip Market,33170,54.0,0.35294117647058826,102,36.0,102.0,102.0,605000.0,66.0,16.0,$324k-$550k,,True,
FL,Tavernier Zip Market,33070,30.72,0.16666666666666666,102,17.0,102.0,102.0,949000.0,122.0,20.0,$508k-$550k,,True,
FL,Tampa Zip Market,33624,72.59,0.49504950495049505,101,50.0,101.0,101.0,459950.0,55.0,60.0,$246k-$520k,,True,
FL,Saint Cloud Zip Market,34773,59.17,0.32673267326732675,101,33.0,101.0,101.0,399990.0,84.0,36.0,$214k-$452k,,True,
FL,Summerland Key Zip Market,33042,39.99,0.32673267326732675,101,33.0,101.0,101.0,1270000.0,106.0,16.0,$679k-$550k,,True,
FL,Miami Zip Market,33167,51.76,0.29,100,29.0,100.0,100.0,535000.0,81.0,28.0,$286k-$550k,,True,
FL,Land O Lakes Zip Market,34639,70.29,0.3939393939393939,99,39.0,99.0,99.0,415000.0,49.0,60.0,$222k-$469k,,True,
FL,Pinellas Park Zip Market,33782,67.63,0.42424242424242425,99,42.0,99.0,99.0,314000.0,66.0,44.0,$168k-$355k,,True,
FL,Seminole Zip Market,33777,67.22,0.41414141414141414,99,41.0,99.0,99.0,312450.0,64.0,40.0,$167k-$353k,,True,
FL,Miami Zip Market,33183,65.72,0.48484848484848486,99,48.0,99.0,99.0,385000.0,74.0,24.0,$206k-$435k,,True,
FL,Seminole Zip Market,33772,62.44,0.3434343434343434,99,34.0,99.0,99.0,389000.0,72.0,44.0,$208k-$440k,,True,
FL,Tampa Zip Market,33626,61.61,0.31313131313131315,99,31.0,99.0,99.0,480000.0,63.0,56.0,$257k-$542k,,True,
FL,Tampa Zip Market,33606,46.71,0.37373737373737376,99,37.0,99.0,99.0,1300000.0,88.0,40.0,$696k-$550k,,True,
FL,Tampa Zip Market,33605,66.53,0.35714285714285715,98,35.0,98.0,98.0,322500.0,58.0,56.0,$173k-$364k,,True,
FL,Jacksonville Zip Market,32258,76.91,0.6701030927835051,97,65.0,97.0,97.0,384950.0,51.0,64.0,$206k-$435k,,True,
FL,Fort Myers Zip Market,33966,63.24,0.4270833333333333,96,41.0,96.0,96.0,287250.0,85.0,32.0,$154k-$325k,,True,
FL,Wesley Chapel Zip Market,33544,62.91,0.3229166666666667,96,31.0,96.0,96.0,430000.0,64.0,52.0,$230k-$486k,,True,
FL,Valrico Zip Market,33596,68.15,0.45263157894736844,95,43.0,95.0,95.0,493900.0,57.0,48.0,$264k-$550k,,True,
FL,Jacksonville Zip Market,32221,69.64,0.5531914893617021,94,52.0,94.0,94.0,322400.0,70.0,40.0,$172k-$364k,,True,
FL,Orlando Zip Market,32810,60.62,0.3404255319148936,94,32.0,94.0,94.0,320000.0,73.0,36.0,$171k-$362k,,True,
FL,Miami Zip Market,33173,60.03,0.3763440860215054,93,35.0,93.0,93.0,395000.0,80.0,24.0,$211k-$446k,,True,
FL,Largo Zip Market,33771,56.26,0.26881720430107525,93,25.0,93.0,93.0,299500.0,64.0,28.0,$160k-$338k,,True,
FL,Montverde Zip Market,34756,31.71,0.1827956989247312,93,17.0,93.0,93.0,1375000.0,95.0,24.0,$736k-$550k,,True,
FL,Brandon Zip Market,33510,62.82,0.31521739130434784,92,29.0,92.0,92.0,359900.0,52.0,40.0,$193k-$407k,,True,
FL,Sarasota Zip Market,34233,60.7,0.34782608695652173,92,32.0,92.0,92.0,327500.0,75.0,40.0,$175k-$370k,,True,
FL,Tampa Zip Market,33607,59.28,0.32608695652173914,92,30.0,92.0,92.0,460000.0,73.0,40.0,$246k-$520k,,True,
FL,Tampa Zip Market,33616,54.6,0.2826086956521739,92,26.0,92.0,92.0,499000.0,73.0,44.0,$267k-$550k,,True,
FL,Orlando Zip Market,32829,65.49,0.3956043956043956,91,36.0,91.0,91.0,447000.0,66.0,48.0,$239k-$505k,,True,
FL,Eustis Zip Market,32726,69.71,0.5777777777777777,90,52.0,90.0,90.0,329999.0,68.0,40.0,$177k-$373k,,True,
FL,Miami Zip Market,33165,49.87,0.4444444444444444,90,40.0,90.0,90.0,774500.0,59.0,16.0,$414k-$550k,,True,
FL,Palm Harbor Zip Market,34685,49.25,0.16666666666666666,90,15.0,90.0,90.0,416450.0,77.0,40.0,$223k-$471k,,True,
FL,North Port Zip Market,34291,46.42,0.2,90,18.0,90.0,90.0,374999.0,106.0,24.0,$201k-$424k,,True,
FL,Fort Lauderdale Zip Market,33327,39.09,0.26666666666666666,90,24.0,90.0,90.0,999999.0,73.0,32.0,$535k-$550k,,True,
FL,Casselberry Zip Market,32707,70.81,0.5056179775280899,89,45.0,89.0,89.0,342450.0,50.0,36.0,$183k-$387k,,True,
FL,Miami Zip Market,33150,39.11,0.14606741573033707,89,13.0,89.0,89.0,537500.0,90.0,12.0,$288k-$550k,,True,
FL,Fleming Island Zip Market,32003,69.96,0.5227272727272727,88,46.0,88.0,88.0,495000.0,52.0,52.0,$265k-$550k,,True,
FL,Orlando Zip Market,32803,61.26,0.4090909090909091,88,36.0,88.0,88.0,570000.0,54.0,36.0,$305k-$550k,,True,
FL,Hialeah Zip Market,33016,60.65,0.4431818181818182,88,39.0,88.0,88.0,324000.0,87.0,20.0,$173k-$366k,,True,
FL,Jacksonville Zip Market,32211,71.0,0.47126436781609193,87,41.0,87.0,87.0,261000.0,44.0,44.0,$140k-$295k,,True,
FL,Miami Zip Market,33147,65.51,0.6046511627906976,86,52.0,86.0,86.0,494000.0,66.0,20.0,$264k-$550k,,True,
FL,Pompano Beach Zip Market,33073,63.98,0.5116279069767442,86,44.0,86.0,86.0,490000.0,68.0,24.0,$262k-$550k,,True,
FL,Fort Lauderdale Zip Market,33314,50.95,0.26744186046511625,86,23.0,86.0,86.0,379999.0,80.0,20.0,$203k-$429k,,True,
FL,Osprey Zip Market,34229,41.79,0.32558139534883723,86,28.0,86.0,86.0,700000.0,115.0,20.0,$374k-$550k,,True,
FL,Plant City Zip Market,33565,62.94,0.47058823529411764,85,40.0,85.0,85.0,459990.0,81.0,32.0,$246k-$520k,,True,
FL,Seffner Zip Market,33584,66.0,0.42857142857142855,84,36.0,84.0,84.0,392500.0,62.0,40.0,$210k-$444k,,True,
FL,Dade City Zip Market,33523,61.93,0.47619047619047616,84,40.0,84.0,84.0,305000.0,80.0,20.0,$163k-$345k,,True,
FL,Orlando Zip Market,32804,50.98,0.35714285714285715,84,30.0,84.0,84.0,645000.0,72.0,32.0,$345k-$550k,,True,
FL,Sarasota Zip Market,34237,46.62,0.21428571428571427,84,18.0,84.0,84.0,362000.0,83.0,16.0,$194k-$409k,,True,
FL,Lake City Zip Market,32025,49.13,0.20481927710843373,83,17.0,83.0,83.0,277500.0,76.0,32.0,$148k-$314k,,True,
FL,Hudson Zip Market,34669,70.01,0.5,82,41.0,82.0,82.0,340000.0,52.0,44.0,$182k-$384k,,True,
FL,Pinellas Park Zip Market,33781,67.21,0.5609756097560976,82,46.0,82.0,82.0,319450.0,73.0,40.0,$171k-$361k,,True,
FL,Jacksonville Zip Market,32217,64.79,0.3780487804878049,82,31.0,82.0,82.0,347000.0,57.0,44.0,$186k-$392k,,True,
FL,West Palm Beach Zip Market,33413,49.34,0.21951219512195122,82,18.0,82.0,82.0,500000.0,60.0,24.0,$268k-$550k,,True,
FL,Safety Harbor Zip Market,34695,49.07,0.2926829268292683,82,24.0,82.0,82.0,635000.0,64.0,40.0,$340k-$550k,,True,
FL,Bokeelia Zip Market,33922,40.68,0.14634146341463414,82,12.0,82.0,82.0,499000.0,98.0,20.0,$267k-$550k,,True,
FL,West Palm Beach Zip Market,33403,34.73,0.2926829268292683,82,24.0,82.0,82.0,1324000.0,101.0,16.0,$708k-$550k,,True,
FL,Orlando Zip Market,32807,66.9,0.5185185185185185,81,42.0,81.0,81.0,350000.0,62.0,28.0,$187k-$395k,,True,
FL,Jacksonville Zip Market,32277,66.66,0.3950617283950617,81,32.0,81.0,81.0,319950.0,49.0,44.0,$171k-$362k,,True,
FL,Jacksonville Zip Market,32223,66.85,0.4625,80,37.0,80.0,80.0,511950.0,44.0,44.0,$274k-$550k,,True,
FL,Wildwood Zip Market,34785,65.55,0.7375,80,59.0,80.0,80.0,299900.0,89.0,24.0,$160k-$339k,,True,
FL,Orlando Zip Market,32809,50.9,0.2375,80,19.0,80.0,80.0,322000.0,73.0,32.0,$172k-$364k,,True,
FL,Miami Zip Market,33189,49.25,0.3125,80,25.0,80.0,80.0,610000.0,63.0,20.0,$326k-$550k,,True,
FL,Leesburg Zip Market,34788,52.13,0.26582278481012656,79,21.0,79.0,79.0,320000.0,72.0,28.0,$171k-$362k,,True,
FL,Miami Zip Market,33190,49.73,0.25316455696202533,79,20.0,79.0,79.0,415000.0,72.0,16.0,$222k-$469k,,True,
FL,Lake Worth Zip Market,33449,45.41,0.4177215189873418,79,33.0,79.0,79.0,968500.0,84.0,32.0,$518k-$550k,,True,
FL,Miami Zip Market,33142,57.01,0.4675324675324675,77,36.0,77.0,77.0,525000.0,78.0,16.0,$281k-$550k,,True,
FL,Brooksville Zip Market,34604,57.38,0.3026315789473684,76,23.0,76.0,76.0,350000.0,65.0,40.0,$187k-$395k,,True,
FL,Umatilla Zip Market,32784,46.51,0.2236842105263158,76,17.0,76.0,76.0,375000.0,92.0,24.0,$201k-$424k,,True,
FL,Miami Zip Market,33187,35.32,0.25,76,19.0,76.0,76.0,897000.0,66.0,16.0,$480k-$550k,,True,
FL,Jupiter Zip Market,33478,44.65,0.41333333333333333,75,31.0,75.0,75.0,1299000.0,75.0,24.0,$695k-$550k,,True,
FL,Saint James City Zip Market,33956,35.68,0.16,75,12.0,75.0,75.0,554450.0,117.0,12.0,$297k-$550k,,True,
FL,Miami Gardens Zip Market,33056,61.35,0.4864864864864865,74,36.0,74.0,74.0,562500.0,32.0,12.0,$301k-$550k,,True,
FL,Seminole Zip Market,33776,56.09,0.3972602739726027,73,29.0,73.0,73.0,539950.0,78.0,40.0,$289k-$550k,,True,
FL,Arcadia Zip Market,34266,50.45,0.2876712328767123,73,21.0,73.0,73.0,310000.0,100.0,32.0,$166k-$350k,,True,
FL,Clearwater Zip Market,33759,47.72,0.2465753424657534,73,18.0,73.0,73.0,199900.0,86.0,24.0,$130k-$226k,,True,
FL,Big Pine Key Zip Market,33043,30.11,0.2465753424657534,73,18.0,73.0,73.0,899000.0,110.0,16.0,$481k-$550k,,True,
FL,Orange City Zip Market,32763,65.1,0.5694444444444444,72,41.0,72.0,72.0,329995.0,71.0,28.0,$177k-$373k,,True,
FL,Jacksonville Zip Market,32222,62.53,0.4444444444444444,72,32.0,72.0,72.0,331500.0,69.0,32.0,$177k-$375k,,True,
FL,Orlando Zip Market,32805,47.39,0.2361111111111111,72,17.0,72.0,72.0,290000.0,88.0,28.0,$155k-$328k,,True,
FL,Clearwater Zip Market,33760,45.52,0.16666666666666666,72,12.0,72.0,72.0,214750.0,75.0,28.0,$130k-$243k,,True,
FL,Jacksonville Zip Market,32254,66.32,0.5352112676056338,71,38.0,71.0,71.0,164000.0,57.0,36.0,$130k-$185k,,True,
FL,Atlantic Beach Zip Market,32233,62.07,0.5428571428571428,70,38.0,70.0,70.0,459900.0,71.0,16.0,$246k-$520k,,True,
FL,Hialeah Zip Market,33014,52.83,0.2857142857142857,70,20.0,70.0,70.0,437000.0,60.0,16.0,$234k-$494k,,True,
FL,Tampa Zip Market,33625,67.15,0.4927536231884058,69,34.0,69.0,69.0,450000.0,52.0,36.0,$241k-$508k,,True,
FL,Lutz Zip Market,33549,59.79,0.36231884057971014,69,25.0,69.0,69.0,484500.0,54.0,32.0,$259k-$547k,,True,
FL,Tampa Zip Market,33613,58.59,0.3382352941176471,68,23.0,68.0,68.0,215000.0,55.0,24.0,$130k-$243k,,True,
FL,Lake City Zip Market,32024,56.17,0.36764705882352944,68,25.0,68.0,68.0,416650.0,78.0,24.0,$223k-$471k,,True,
FL,Tarpon Springs Zip Market,34688,42.23,0.25,68,17.0,68.0,68.0,554900.0,89.0,24.0,$297k-$550k,,True,
FL,Miami Zip Market,33185,36.9,0.2647058823529412,68,18.0,68.0,68.0,744450.0,59.0,20.0,$398k-$550k,,True,
FL,Miami Zip Market,33146,26.45,0.22058823529411764,68,15.0,68.0,68.0,2525000.0,105.0,8.0,"$1,351k-$550k",,True,
FL,Sorrento Zip Market,32776,58.23,0.4626865671641791,67,31.0,67.0,67.0,543450.0,67.0,28.0,$291k-$550k,,True,
FL,Anna Maria Zip Market,34216,20.33,0.09090909090909091,66,6.0,66.0,66.0,3660000.0,149.0,4.0,"$1,958k-$550k",,True,
FL,Miami Zip Market,33135,26.1,0.15384615384615385,65,10.0,65.0,65.0,880000.0,92.0,20.0,$471k-$550k,,True,
FL,Opa Locka Zip Market,33054,64.13,0.609375,64,39.0,64.0,64.0,483900.0,56.0,16.0,$259k-$547k,,True,
FL,Orlando Zip Market,32826,61.28,0.390625,64,25.0,64.0,64.0,212000.0,42.0,16.0,$130k-$240k,,True,
FL,Miami Zip Market,33168,53.43,0.546875,64,35.0,64.0,64.0,590000.0,78.0,12.0,$316k-$550k,,True,
FL,Spring Hill Zip Market,34610,52.5,0.30158730158730157,63,19.0,63.0,63.0,466950.0,75.0,40.0,$250k-$528k,,True,
FL,Homestead Zip Market,33031,26.52,0.15873015873015872,63,10.0,63.0,63.0,1249500.0,74.0,12.0,$668k-$550k,,True,
FL,Clewiston Zip Market,33440,42.06,0.24193548387096775,62,15.0,62.0,62.0,395000.0,120.0,12.0,$211k-$446k,,True,
FL,West Palm Beach Zip Market,33406,59.54,0.4262295081967213,61,26.0,61.0,61.0,362448.0,64.0,20.0,$194k-$410k,,True,
FL,Tampa Zip Market,33634,54.05,0.32786885245901637,61,20.0,61.0,61.0,440000.0,74.0,32.0,$235k-$497k,,True,
FL,Eustis Zip Market,32736,54.91,0.4166666666666667,60,25.0,60.0,60.0,559999.0,65.0,28.0,$300k-$550k,,True,
FL,Miami Zip Market,33128,32.39,0.08333333333333333,60,5.0,60.0,60.0,490000.0,119.0,4.0,$262k-$550k,,True,
FL,Plant City Zip Market,33563,54.06,0.3559322033898305,59,21.0,59.0,59.0,322500.0,84.0,32.0,$173k-$364k,,True,
FL,The Villages Zip Market,34762,47.2,0.2033898305084746,59,12.0,59.0,59.0,374450.0,57.0,20.0,$200k-$423k,,True,
FL,Plant City Zip Market,33566,62.58,0.4482758620689655,58,26.0,58.0,58.0,399900.0,50.0,24.0,$214k-$452k,,True,
FL,Zephyrhills Zip Market,33540,61.52,0.5344827586206896,58,31.0,58.0,58.0,345000.0,69.0,24.0,$185k-$390k,,True,
FL,Brooksville Zip Market,34602,59.27,0.4827586206896552,58,28.0,58.0,58.0,299900.0,71.0,20.0,$160k-$339k,,True,
FL,Holiday Zip Market,34690,57.57,0.3448275862068966,58,20.0,58.0,58.0,258000.0,58.0,32.0,$138k-$292k,,True,
FL,Tampa Zip Market,33637,53.59,0.3275862068965517,58,19.0,58.0,58.0,303700.0,61.0,16.0,$162k-$343k,,True,
FL,Boca Raton Zip Market,33498,49.16,0.5344827586206896,58,31.0,58.0,58.0,807500.0,55.0,24.0,$432k-$550k,,True,
FL,Hialeah Zip Market,33013,41.78,0.3620689655172414,58,21.0,58.0,58.0,674000.0,78.0,12.0,$361k-$550k,,True,
FL,Fort Lauderdale Zip Market,33330,34.65,0.3448275862068966,58,20.0,58.0,58.0,2387500.0,101.0,16.0,"$1,277k-$550k",,True,
FL,Miami Zip Market,33174,53.7,0.3392857142857143,56,19.0,56.0,56.0,350000.0,59.0,12.0,$187k-$395k,,True,
FL,Fruitland Park Zip Market,34731,52.89,0.30357142857142855,56,17.0,56.0,56.0,399000.0,64.0,28.0,$213k-$451k,,True,
FL,Orlando Zip Market,32833,44.13,0.35714285714285715,56,20.0,56.0,56.0,682500.0,70.0,24.0,$365k-$550k,,True,
FL,Longwood Zip Market,32750,56.82,0.36363636363636365,55,20.0,55.0,55.0,429900.0,65.0,32.0,$230k-$486k,,True,
FL,Opa Locka Zip Market,33055,56.65,0.6,55,33.0,55.0,55.0,575000.0,59.0,12.0,$308k-$550k,,True,
FL,Live Oak Zip Market,32060,40.28,0.16363636363636364,55,9.0,55.0,55.0,410000.0,78.0,16.0,$219k-$463k,,True,
FL,Clearwater Zip Market,33762,47.83,0.2962962962962963,54,16.0,54.0,54.0,230000.0,85.0,24.0,$130k-$260k,,True,
FL,Howey In The Hills Zip Market,34737,45.24,0.25925925925925924,54,14.0,54.0,54.0,379990.0,79.0,20.0,$203k-$429k,,True,
FL,Lake City Zip Market,32055,41.08,0.2222222222222222,54,12.0,54.0,54.0,344500.0,86.0,12.0,$184k-$389k,,True,
FL,Arcadia Zip Market,34269,35.71,0.16666666666666666,54,9.0,54.0,54.0,448000.0,143.0,8.0,$240k-$506k,,True,
FL,Orlando Zip Market,32817,62.98,0.4716981132075472,53,25.0,53.0,53.0,417500.0,50.0,28.0,$223k-$472k,,True,
FL,Largo Zip Market,33773,56.97,0.4528301886792453,53,24.0,53.0,53.0,282099.0,70.0,16.0,$151k-$319k,,True,
FL,Key Colony Beach Zip Market,33051,18.95,0.09433962264150944,53,5.0,53.0,53.0,977500.0,120.0,8.0,$523k-$550k,,True,
FL,Tampa Zip Market,33635,48.43,0.25,52,13.0,52.0,52.0,475000.0,56.0,28.0,$254k-$537k,,True,
FL,Largo Zip Market,33778,61.5,0.5686274509803921,51,29.0,51.0,51.0,299000.0,71.0,32.0,$160k-$338k,,True,
FL,Starke Zip Market,32091,50.9,0.29411764705882354,51,15.0,51.0,51.0,290000.0,57.0,20.0,$155k-$328k,,True,
FL,Bradenton Zip Market,34201,36.56,0.2549019607843137,51,13.0,51.0,51.0,579000.0,124.0,24.0,$310k-$550k,,True,
FL,Fort Lauderdale Zip Market,33332,29.98,0.2549019607843137,51,13.0,51.0,51.0,1285000.0,67.0,12.0,$687k-$550k,,True,
FL,Jacksonville Zip Market,32234,65.98,0.8,50,40.0,50.0,50.0,319900.0,27.0,8.0,$171k-$361k,,True,
FL,Pembroke Pines Zip Market,33028,48.54,0.54,50,27.0,50.0,50.0,760000.0,42.0,20.0,$407k-$550k,,True,
FL,Gibsonton Zip Market,33534,67.75,0.9591836734693877,49,47.0,49.0,49.0,322950.0,46.0,24.0,$173k-$365k,,True,
FL,Macclenny Zip Market,32063,49.74,0.32653061224489793,49,16.0,49.0,49.0,331500.0,66.0,12.0,$177k-$375k,,True,
FL,Fort Lauderdale Zip Market,33306,25.57,0.24489795918367346,49,12.0,49.0,49.0,769000.0,89.0,12.0,$411k-$550k,,True,
FL,Mims Zip Market,32754,53.52,0.5106382978723404,47,24.0,47.0,47.0,405000.0,92.0,12.0,$217k-$458k,,True,
FL,Miami Zip Market,33184,25.2,0.23404255319148937,47,11.0,47.0,47.0,705450.0,69.0,4.0,$377k-$550k,,True,
FL,Mascotte Zip Market,34753,52.35,0.43478260869565216,46,20.0,46.0,46.0,333250.0,91.0,20.0,$178k-$377k,,True,
FL,Ellenton Zip Market,34222,46.06,0.3111111111111111,45,14.0,45.0,45.0,465000.0,75.0,16.0,$249k-$525k,,True,
FL,Jacksonville Zip Market,32220,57.67,0.45454545454545453,44,20.0,44.0,44.0,292450.0,61.0,24.0,$156k-$330k,,True,
FL,Boynton Beach Zip Market,33473,48.47,0.6818181818181818,44,30.0,44.0,44.0,1142500.0,47.0,16.0,$611k-$550k,,True,
FL,Thonotosassa Zip Market,33592,42.9,0.18181818181818182,44,8.0,44.0,44.0,415000.0,46.0,12.0,$222k-$469k,,True,
FL,Saint Petersburg Zip Market,33716,32.36,0.1590909090909091,44,7.0,44.0,44.0,237000.0,107.0,4.0,$130k-$268k,,True,
FL,Jacksonville Zip Market,32204,48.25,0.37209302325581395,43,16.0,43.0,43.0,350000.0,85.0,12.0,$187k-$395k,,True,
FL,Lutz Zip Market,33559,55.02,0.38095238095238093,42,16.0,42.0,42.0,440000.0,54.0,20.0,$235k-$497k,,True,
FL,Miami Beach Zip Market,33109,14.75,0.11904761904761904,42,5.0,42.0,42.0,10900000.0,140.0,0.0,"$5,832k-$550k",,True,
FL,Miami Zip Market,33136,25.64,0.0975609756097561,41,4.0,41.0,41.0,553500.0,112.0,4.0,$296k-$550k,,True,
FL,Hialeah Zip Market,33010,49.31,0.625,40,25.0,40.0,40.0,625000.0,65.0,8.0,$334k-$550k,,True,
FL,Clearwater Zip Market,33765,51.64,0.38461538461538464,39,15.0,39.0,39.0,319950.0,58.0,8.0,$171k-$362k,,True,
FL,Dover Zip Market,33527,48.58,0.358974358974359,39,14.0,39.0,39.0,558900.0,52.0,20.0,$299k-$550k,,True,
FL,Bushnell Zip Market,33513,38.83,0.21621621621621623,37,8.0,37.0,37.0,370000.0,71.0,12.0,$198k-$418k,,True,
FL,Oviedo Zip Market,32766,45.55,0.5555555555555556,36,20.0,36.0,36.0,675000.0,67.0,12.0,$361k-$550k,,True,
FL,Hilliard Zip Market,32046,40.91,0.2777777777777778,36,10.0,36.0,36.0,379000.0,80.0,12.0,$203k-$428k,,True,
FL,Miami Zip Market,33144,27.96,0.3333333333333333,36,12.0,36.0,36.0,737499.0,80.0,4.0,$395k-$550k,,True,
FL,Live Oak Zip Market,32064,30.74,0.08571428571428572,35,3.0,35.0,35.0,265000.0,112.0,12.0,$142k-$299k,,True,
FL,Belleair Beach Zip Market,33786,19.59,0.22857142857142856,35,8.0,35.0,35.0,1499000.0,106.0,8.0,$802k-$550k,,True,
FL,Callahan Zip Market,32011,55.01,0.5454545454545454,33,18.0,33.0,33.0,449000.0,68.0,16.0,$240k-$507k,,True,
FL,North Port Zip Market,34289,46.5,0.3125,32,10.0,32.0,32.0,352000.0,57.0,12.0,$188k-$398k,,True,
FL,Webster Zip Market,33597,33.62,0.1875,32,6.0,32.0,32.0,419000.0,89.0,12.0,$224k-$473k,,True,
FL,Orlando Zip Market,32820,38.18,0.4827586206896552,29,14.0,29.0,29.0,735000.0,63.0,16.0,$393k-$550k,,True,
FL,Miami Zip Market,33158,36.23,0.4827586206896552,29,14.0,29.0,29.0,1890000.0,64.0,8.0,"$1,011k-$550k",,True,
FL,Neptune Beach Zip Market,32266,34.47,0.39285714285714285,28,11.0,28.0,28.0,1297500.0,59.0,12.0,$694k-$550k,,True,
FL,Plant City Zip Market,33567,30.64,0.14814814814814814,27,4.0,27.0,27.0,415000.0,99.0,16.0,$222k-$469k,,True,
FL,Miami Zip Market,33182,21.86,0.2692307692307692,26,7.0,26.0,26.0,769000.0,69.0,4.0,$411k-$550k,,True,
FL,Boca Grande Zip Market,33921,12.53,0.19230769230769232,26,5.0,26.0,26.0,2495000.0,161.0,0.0,"$1,335k-$550k",,True,
GA,Loganville Zip Market,30052,73.25,0.28442437923250563,443,126.0,443.0,443.0,439900.0,54.0,180.0,$264k-$450k,,True,
GA,Cumming Zip Market,30041,57.63,0.21428571428571427,434,93.0,434.0,434.0,674918.0,57.0,208.0,$405k-$450k,,True,
GA,Hinesville Zip Market,31313,74.12,0.27923627684964203,419,117.0,419.0,419.0,265263.0,67.0,120.0,$159k-$345k,,True,
GA,Atlanta Zip Market,30318,69.68,0.21897810218978103,411,90.0,411.0,411.0,371999.0,66.0,136.0,$223k-$450k,,True,
GA,Cumming Zip Market,30040,62.65,0.2986666666666667,375,112.0,375.0,375.0,630000.0,55.0,192.0,$378k-$450k,,True,
GA,Suwanee Zip Market,30024,57.73,0.21666666666666667,360,78.0,360.0,360.0,649000.0,51.0,164.0,$389k-$450k,,True,
GA,Grovetown Zip Market,30813,81.04,0.4090909090909091,352,144.0,352.0,352.0,347000.0,68.0,116.0,$208k-$450k,,True,
GA,Douglasville Zip Market,30135,77.29,0.3275862068965517,348,114.0,348.0,348.0,379900.0,58.0,116.0,$228k-$450k,,True,
GA,Mcdonough Zip Market,30252,69.95,0.29080118694362017,337,98.0,337.0,337.0,429850.0,69.0,124.0,$258k-$450k,,True,
GA,Dallas Zip Market,30132,73.08,0.2917933130699088,329,96.0,329.0,329.0,400000.0,60.0,144.0,$240k-$450k,,True,
GA,Villa Rica Zip Market,30180,70.86,0.2735562310030395,329,90.0,329.0,329.0,365000.0,72.0,104.0,$219k-$450k,,True,
GA,Dacula Zip Market,30019,63.48,0.2676923076923077,325,87.0,325.0,325.0,542500.0,64.0,144.0,$326k-$450k,,True,
GA,Lawrenceville Zip Market,30043,76.0,0.325,320,104.0,320.0,320.0,434950.0,48.0,148.0,$261k-$450k,,True,
GA,Alpharetta Zip Market,30004,57.94,0.240625,320,77.0,320.0,320.0,1197500.0,53.0,124.0,$718k-$450k,,True,
GA,Mcdonough Zip Market,30253,78.89,0.32601880877742945,319,104.0,319.0,319.0,345000.0,54.0,144.0,$207k-$448k,,True,
GA,Jasper Zip Market,30143,58.36,0.21766561514195584,317,69.0,317.0,317.0,525000.0,77.0,100.0,$315k-$450k,,True,
GA,Newnan Zip Market,30263,67.67,0.24367088607594936,316,77.0,316.0,316.0,429900.0,63.0,124.0,$258k-$450k,,True,
GA,Canton Zip Market,30114,66.88,0.27936507936507937,315,88.0,315.0,315.0,529950.0,52.0,168.0,$318k-$450k,,True,
GA,Atlanta Zip Market,30349,79.28,0.3769968051118211,313,118.0,313.0,313.0,272003.0,66.0,116.0,$163k-$354k,,True,
GA,Decatur Zip Market,30032,69.7,0.1858974358974359,312,58.0,312.0,312.0,315000.0,54.0,128.0,$189k-$410k,,True,
GA,Atlanta Zip Market,30305,59.96,0.14102564102564102,312,44.0,312.0,312.0,419000.0,78.0,84.0,$251k-$450k,,True,
GA,Dallas Zip Market,30157,78.36,0.33116883116883117,308,102.0,308.0,308.0,379900.0,48.0,136.0,$228k-$450k,,True,
GA,Atlanta Zip Market,30316,64.18,0.16883116883116883,308,52.0,308.0,308.0,410000.0,65.0,112.0,$246k-$450k,,True,
GA,Acworth Zip Market,30101,73.5,0.36482084690553745,307,112.0,307.0,307.0,515000.0,51.0,152.0,$309k-$450k,,True,
GA,Woodstock Zip Market,30188,72.95,0.3639344262295082,305,111.0,305.0,305.0,525000.0,50.0,140.0,$315k-$450k,,True,
GA,Eatonton Zip Market,31024,53.09,0.1705685618729097,299,51.0,299.0,299.0,545000.0,87.0,80.0,$327k-$450k,,True,
GA,Covington Zip Market,30014,68.54,0.22525597269624573,293,66.0,293.0,293.0,377900.0,60.0,92.0,$227k-$450k,,True,
GA,Lithonia Zip Market,30058,74.24,0.30927835051546393,291,90.0,291.0,291.0,269900.0,66.0,96.0,$162k-$351k,,True,
GA,Atlanta Zip Market,30310,67.26,0.15862068965517243,290,46.0,290.0,290.0,319500.0,58.0,104.0,$192k-$415k,,True,
GA,Atlanta Zip Market,30309,63.28,0.11379310344827587,290,33.0,290.0,290.0,359000.0,68.0,84.0,$215k-$450k,,True,
GA,Powder Springs Zip Market,30127,78.78,0.40625,288,117.0,288.0,288.0,430000.0,53.0,124.0,$258k-$450k,,True,
GA,Canton Zip Market,30115,67.0,0.41754385964912283,285,119.0,285.0,285.0,685000.0,58.0,116.0,$411k-$450k,,True,
GA,Atlanta Zip Market,30331,72.12,0.302158273381295,278,84.0,278.0,278.0,300000.0,70.0,76.0,$180k-$390k,,True,
GA,Stockbridge Zip Market,30281,76.65,0.31386861313868614,274,86.0,274.0,274.0,342000.0,53.0,104.0,$205k-$445k,,True,
GA,Evans Zip Market,30809,69.53,0.3626373626373626,273,99.0,273.0,273.0,497450.0,68.0,88.0,$298k-$450k,,True,
GA,Hampton Zip Market,30228,72.57,0.2781954887218045,266,74.0,266.0,266.0,339000.0,59.0,96.0,$203k-$441k,,True,
GA,Atlanta Zip Market,30328,71.37,0.264,250,66.0,250.0,250.0,329000.0,58.0,100.0,$197k-$428k,,True,
GA,Atlanta Zip Market,30308,60.36,0.0846774193548387,248,21.0,248.0,248.0,330000.0,73.0,60.0,$198k-$429k,,True,
GA,Smyrna Zip Market,30080,67.47,0.2926829268292683,246,72.0,246.0,246.0,490000.0,51.0,88.0,$294k-$450k,,True,
GA,Fayetteville Zip Market,30214,57.0,0.1469387755102041,245,36.0,245.0,245.0,450000.0,79.0,88.0,$270k-$450k,,True,
GA,Savannah Zip Market,31401,43.71,0.1510204081632653,245,37.0,245.0,245.0,739500.0,107.0,64.0,$444k-$450k,,True,
GA,Cumming Zip Market,30028,51.18,0.1728395061728395,243,42.0,243.0,243.0,625000.0,59.0,100.0,$375k-$450k,,True,
GA,Ludowici Zip Market,31316,64.27,0.26359832635983266,239,63.0,239.0,239.0,285000.0,96.0,60.0,$171k-$370k,,True,
GA,Lawrenceville Zip Market,30044,71.4,0.2815126050420168,238,67.0,238.0,238.0,385000.0,54.0,108.0,$231k-$450k,,True,
GA,Cartersville Zip Market,30120,68.3,0.22362869198312235,237,53.0,237.0,237.0,370000.0,55.0,100.0,$222k-$450k,,True,
GA,Lawrenceville Zip Market,30045,71.27,0.3232758620689655,232,75.0,232.0,232.0,429450.0,57.0,76.0,$258k-$450k,,True,
GA,Fairburn Zip Market,30213,77.47,0.40969162995594716,227,93.0,227.0,227.0,362495.0,58.0,52.0,$217k-$450k,,True,
GA,Savannah Zip Market,31419,76.29,0.4008810572687225,227,91.0,227.0,227.0,339650.0,74.0,100.0,$204k-$442k,,True,
GA,Locust Grove Zip Market,30248,71.68,0.29333333333333333,225,66.0,225.0,225.0,382450.0,54.0,96.0,$229k-$450k,,True,
GA,Covington Zip Market,30016,81.73,0.45739910313901344,223,102.0,223.0,223.0,317888.0,53.0,80.0,$191k-$413k,,True,
GA,Atlanta Zip Market,30324,61.09,0.11711711711711711,222,26.0,222.0,222.0,350000.0,67.0,60.0,$210k-$450k,,True,
GA,Atlanta Zip Market,30315,63.32,0.15454545454545454,220,34.0,220.0,220.0,299000.0,64.0,76.0,$179k-$389k,,True,
GA,Griffin Zip Market,30223,68.14,0.2694063926940639,219,59.0,219.0,219.0,299900.0,64.0,56.0,$180k-$390k,,True,
GA,Marietta Zip Market,30064,63.26,0.2922374429223744,219,64.0,219.0,219.0,550000.0,51.0,88.0,$330k-$450k,,True,
GA,Lilburn Zip Market,30047,69.77,0.2824074074074074,216,61.0,216.0,216.0,427450.0,45.0,96.0,$256k-$450k,,True,
GA,Pooler Zip Market,31322,65.1,0.2777777777777778,216,60.0,216.0,216.0,375000.0,85.0,80.0,$225k-$450k,,True,
GA,Augusta Zip Market,30906,78.04,0.39906103286384975,213,85.0,213.0,213.0,169250.0,60.0,88.0,$102k-$220k,,True,
GA,Atlanta Zip Market,30319,54.18,0.2641509433962264,212,56.0,212.0,212.0,650000.0,54.0,56.0,$390k-$450k,,True,
GA,Richmond Hill Zip Market,31324,77.64,0.6540284360189573,211,138.0,211.0,211.0,450000.0,71.0,80.0,$270k-$450k,,True,
GA,Milledgeville Zip Market,31061,69.56,0.3349282296650718,209,70.0,209.0,209.0,369900.0,82.0,76.0,$222k-$450k,,True,
GA,Mableton Zip Market,30126,71.12,0.3170731707317073,205,65.0,205.0,205.0,399950.0,58.0,84.0,$240k-$450k,,True,
GA,Conyers Zip Market,30094,75.42,0.38308457711442784,201,77.0,201.0,201.0,347500.0,66.0,72.0,$208k-$450k,,True,
GA,Alpharetta Zip Market,30022,59.48,0.30845771144278605,201,62.0,201.0,201.0,698000.0,47.0,88.0,$419k-$450k,,True,
GA,Newnan Zip Market,30265,71.06,0.35175879396984927,199,70.0,199.0,199.0,432400.0,59.0,72.0,$259k-$450k,,True,
GA,Marietta Zip Market,30066,64.62,0.30303030303030304,198,60.0,198.0,198.0,529999.0,51.0,88.0,$318k-$450k,,True,
GA,Rome Zip Market,30161,63.65,0.1717171717171717,198,34.0,198.0,198.0,320000.0,61.0,80.0,$192k-$416k,,True,
GA,Kennesaw Zip Market,30144,73.19,0.3401015228426396,197,67.0,197.0,197.0,410000.0,52.0,96.0,$246k-$450k,,True,
GA,Augusta Zip Market,30907,74.56,0.35384615384615387,195,69.0,195.0,195.0,287250.0,60.0,76.0,$172k-$373k,,True,
GA,Decatur Zip Market,30034,74.85,0.39893617021276595,188,75.0,188.0,188.0,234900.0,70.0,76.0,$141k-$305k,,True,
GA,Snellville Zip Market,30039,67.61,0.2765957446808511,188,52.0,188.0,188.0,391158.0,60.0,92.0,$235k-$450k,,True,
GA,Roswell Zip Market,30075,59.91,0.34574468085106386,188,65.0,188.0,188.0,824000.0,52.0,64.0,$494k-$450k,,True,
GA,Fayetteville Zip Market,30215,54.09,0.21390374331550802,187,40.0,187.0,187.0,536248.0,68.0,68.0,$322k-$450k,,True,
GA,Lithonia Zip Market,30038,73.13,0.32972972972972975,185,61.0,185.0,185.0,229500.0,54.0,60.0,$138k-$298k,,True,
GA,Marietta Zip Market,30062,62.72,0.3783783783783784,185,70.0,185.0,185.0,625000.0,49.0,84.0,$375k-$450k,,True,
GA,Augusta Zip Market,30909,71.43,0.33152173913043476,184,61.0,184.0,184.0,313900.0,61.0,52.0,$188k-$408k,,True,
GA,Atlanta Zip Market,30311,58.85,0.16483516483516483,182,30.0,182.0,182.0,299000.0,79.0,64.0,$179k-$389k,,True,
GA,Alpharetta Zip Market,30009,48.17,0.18994413407821228,179,34.0,179.0,179.0,880000.0,61.0,72.0,$528k-$450k,,True,
GA,Duluth Zip Market,30097,58.31,0.3258426966292135,178,58.0,178.0,178.0,692000.0,51.0,68.0,$415k-$450k,,True,
GA,Guyton Zip Market,31312,64.01,0.3220338983050847,177,57.0,177.0,177.0,399000.0,90.0,56.0,$239k-$450k,,True,
GA,Atlanta Zip Market,30344,62.03,0.17714285714285713,175,31.0,175.0,175.0,264950.0,65.0,84.0,$159k-$344k,,True,
GA,Macon Zip Market,31204,61.4,0.19540229885057472,174,34.0,174.0,174.0,160000.0,65.0,52.0,$100k-$208k,,True,
GA,Savannah Zip Market,31405,68.92,0.38596491228070173,171,66.0,171.0,171.0,399250.0,78.0,60.0,$240k-$450k,,True,
GA,Savannah Zip Market,31404,63.79,0.24561403508771928,171,42.0,171.0,171.0,322700.0,69.0,68.0,$194k-$420k,,True,
GA,Duluth Zip Market,30096,64.93,0.27647058823529413,170,47.0,170.0,170.0,435000.0,49.0,56.0,$261k-$450k,,True,
GA,Atlanta Zip Market,30314,58.74,0.15294117647058825,170,26.0,170.0,170.0,300000.0,73.0,72.0,$180k-$390k,,True,
GA,Atlanta Zip Market,30339,57.13,0.18823529411764706,170,32.0,170.0,170.0,465000.0,56.0,52.0,$279k-$450k,,True,
GA,Kennesaw Zip Market,30152,56.65,0.23214285714285715,168,39.0,168.0,168.0,550000.0,50.0,76.0,$330k-$450k,,True,
GA,Snellville Zip Market,30078,71.64,0.3592814371257485,167,60.0,167.0,167.0,420900.0,49.0,68.0,$253k-$450k,,True,
GA,Jonesboro Zip Market,30238,73.77,0.40963855421686746,166,68.0,166.0,166.0,250000.0,61.0,44.0,$150k-$325k,,True,
GA,Douglasville Zip Market,30134,72.24,0.3558282208588957,163,58.0,163.0,163.0,310000.0,62.0,72.0,$186k-$403k,,True,
GA,Macon Zip Market,31210,62.05,0.2392638036809816,163,39.0,163.0,163.0,345000.0,66.0,44.0,$207k-$448k,,True,
GA,Peachtree City Zip Market,30269,58.95,0.4049079754601227,163,66.0,163.0,163.0,649000.0,66.0,72.0,$389k-$450k,,True,
GA,Jonesboro Zip Market,30236,65.65,0.2546583850931677,161,41.0,161.0,161.0,285000.0,58.0,64.0,$171k-$370k,,True,
GA,Savannah Zip Market,31410,57.69,0.25,160,40.0,160.0,160.0,455900.0,72.0,64.0,$274k-$450k,,True,
GA,Auburn Zip Market,30011,64.67,0.3503184713375796,157,55.0,157.0,157.0,441200.0,71.0,52.0,$265k-$450k,,True,
GA,Rome Zip Market,30165,64.13,0.24183006535947713,153,37.0,153.0,153.0,321450.0,55.0,52.0,$193k-$418k,,True,
GA,Ball Ground Zip Market,30107,48.1,0.23529411764705882,153,36.0,153.0,153.0,667495.0,60.0,56.0,$400k-$450k,,True,
GA,Acworth Zip Market,30102,71.65,0.3576158940397351,151,54.0,151.0,151.0,395000.0,49.0,68.0,$237k-$450k,,True,
GA,Stone Mountain Zip Market,30083,66.06,0.2866666666666667,150,43.0,150.0,150.0,252732.0,57.0,44.0,$152k-$329k,,True,
GA,Decatur Zip Market,30033,58.34,0.23333333333333334,150,35.0,150.0,150.0,489000.0,50.0,64.0,$293k-$450k,,True,
GA,Rincon Zip Market,31326,60.74,0.2684563758389262,149,40.0,149.0,149.0,399900.0,70.0,56.0,$240k-$450k,,True,
GA,Columbus Zip Market,31907,75.92,0.4391891891891892,148,65.0,148.0,148.0,179900.0,50.0,48.0,$108k-$234k,,True,
GA,Conyers Zip Market,30013,71.22,0.39864864864864863,148,59.0,148.0,148.0,335000.0,68.0,52.0,$201k-$436k,,True,
GA,Ellenwood Zip Market,30294,67.23,0.32432432432432434,148,48.0,148.0,148.0,289000.0,65.0,44.0,$173k-$376k,,True,
GA,Marietta Zip Market,30067,65.4,0.2789115646258503,147,41.0,147.0,147.0,374900.0,58.0,72.0,$225k-$450k,,True,
GA,Columbus Zip Market,31904,69.45,0.4383561643835616,146,64.0,146.0,146.0,274900.0,73.0,28.0,$165k-$357k,,True,
GA,Carrollton Zip Market,30117,67.14,0.3287671232876712,146,48.0,146.0,146.0,351250.0,61.0,36.0,$211k-$450k,,True,
GA,Conyers Zip Market,30012,65.95,0.3219178082191781,146,47.0,146.0,146.0,267500.0,73.0,56.0,$160k-$348k,,True,
GA,Jackson Zip Market,30233,67.57,0.31724137931034485,145,46.0,145.0,145.0,350000.0,60.0,48.0,$210k-$450k,,True,
GA,Roswell Zip Market,30076,58.35,0.3916083916083916,143,56.0,143.0,143.0,615000.0,56.0,60.0,$369k-$450k,,True,
GA,Perry Zip Market,31069,80.11,0.8380281690140845,142,119.0,142.0,142.0,317100.0,58.0,40.0,$190k-$412k,,True,
GA,Stone Mountain Zip Market,30087,66.24,0.3404255319148936,141,48.0,141.0,141.0,400000.0,64.0,52.0,$240k-$450k,,True,
GA,Macon Zip Market,31206,53.88,0.21428571428571427,140,30.0,140.0,140.0,105450.0,66.0,32.0,$100k-$137k,,True,
GA,Griffin Zip Market,30224,63.8,0.2753623188405797,138,38.0,138.0,138.0,316000.0,59.0,44.0,$190k-$411k,,True,
GA,Atlanta Zip Market,30342,48.76,0.2608695652173913,138,36.0,138.0,138.0,732000.0,51.0,40.0,$439k-$450k,,True,
GA,Senoia Zip Market,30276,57.88,0.40875912408759124,137,56.0,137.0,137.0,599500.0,55.0,48.0,$360k-$450k,,True,
GA,Atlanta Zip Market,30327,43.74,0.21897810218978103,137,30.0,137.0,137.0,1700000.0,65.0,40.0,"$1,020k-$450k",,True,
GA,Warner Robins Zip Market,31088,76.49,0.5514705882352942,136,75.0,136.0,136.0,269900.0,59.0,48.0,$162k-$351k,,True,
GA,Woodstock Zip Market,30189,68.55,0.4117647058823529,136,56.0,136.0,136.0,460000.0,57.0,64.0,$276k-$450k,,True,
GA,Tucker Zip Market,30084,64.59,0.3088235294117647,136,42.0,136.0,136.0,410400.0,52.0,44.0,$246k-$450k,,True,
GA,Port Wentworth Zip Market,31407,71.85,0.43703703703703706,135,59.0,135.0,135.0,337645.0,67.0,52.0,$203k-$439k,,True,
GA,Hephzibah Zip Market,30815,72.24,0.5267175572519084,131,69.0,131.0,131.0,250250.0,72.0,40.0,$150k-$325k,,True,
GA,Atlanta Zip Market,30312,53.44,0.2204724409448819,127,28.0,127.0,127.0,402400.0,72.0,32.0,$241k-$450k,,True,
GA,Stone Mountain Zip Market,30088,66.21,0.31746031746031744,126,40.0,126.0,126.0,250000.0,63.0,60.0,$150k-$325k,,True,
GA,Tybee Island Zip Market,31328,32.46,0.11904761904761904,126,15.0,126.0,126.0,675000.0,113.0,24.0,$405k-$450k,,True,
GA,Lawrenceville Zip Market,30046,67.87,0.376,125,47.0,125.0,125.0,375000.0,59.0,40.0,$225k-$450k,,True,
GA,Smyrna Zip Market,30082,62.55,0.344,125,43.0,125.0,125.0,469950.0,60.0,56.0,$282k-$450k,,True,
GA,Augusta Zip Market,30904,62.52,0.336,125,42.0,125.0,125.0,210900.0,85.0,40.0,$127k-$274k,,True,
GA,Lagrange Zip Market,30240,64.02,0.32786885245901637,122,40.0,122.0,122.0,307500.0,75.0,56.0,$184k-$400k,,True,
GA,Atlanta Zip Market,30326,47.02,0.09090909090909091,121,11.0,121.0,121.0,413500.0,77.0,28.0,$248k-$450k,,True,
GA,Decatur Zip Market,30030,46.1,0.24793388429752067,121,30.0,121.0,121.0,590000.0,51.0,36.0,$354k-$450k,,True,
GA,Riverdale Zip Market,30274,57.13,0.21666666666666667,120,26.0,120.0,120.0,225250.0,65.0,40.0,$135k-$293k,,True,
GA,Savannah Zip Market,31406,62.44,0.31092436974789917,119,37.0,119.0,119.0,374000.0,66.0,44.0,$224k-$450k,,True,
GA,Grayson Zip Market,30017,56.4,0.2605042016806723,119,31.0,119.0,119.0,479500.0,58.0,64.0,$288k-$450k,,True,
GA,Carrollton Zip Market,30116,59.05,0.3050847457627119,118,36.0,118.0,118.0,409900.0,66.0,32.0,$246k-$450k,,True,
GA,Thomaston Zip Market,30286,56.99,0.2542372881355932,118,30.0,118.0,118.0,249900.0,77.0,40.0,$150k-$325k,,True,
GA,Alpharetta Zip Market,30005,44.49,0.19658119658119658,117,23.0,117.0,117.0,754950.0,54.0,64.0,$453k-$450k,,True,
GA,Marietta Zip Market,30060,58.46,0.27586206896551724,116,32.0,116.0,116.0,449000.0,51.0,40.0,$269k-$450k,,True,
GA,Atlanta Zip Market,30306,46.85,0.3017241379310345,116,35.0,116.0,116.0,777553.0,58.0,24.0,$467k-$450k,,True,
GA,Decatur Zip Market,30035,56.17,0.22123893805309736,113,25.0,113.0,113.0,237950.0,68.0,40.0,$143k-$309k,,True,
GA,Atlanta Zip Market,30341,51.79,0.23008849557522124,113,26.0,113.0,113.0,510000.0,52.0,40.0,$306k-$450k,,True,
GA,Midway Zip Market,31320,58.27,0.2857142857142857,112,32.0,112.0,112.0,365000.0,73.0,40.0,$219k-$450k,,True,
GA,Marietta Zip Market,30068,56.18,0.38392857142857145,112,43.0,112.0,112.0,739950.0,45.0,52.0,$444k-$450k,,True,
GA,Cartersville Zip Market,30121,59.19,0.26126126126126126,111,29.0,111.0,111.0,359495.0,63.0,44.0,$216k-$450k,,True,
GA,Waleska Zip Market,30183,40.11,0.1651376146788991,109,18.0,109.0,109.0,561850.0,68.0,20.0,$337k-$450k,,True,
GA,Atlanta Zip Market,30354,55.63,0.22641509433962265,106,24.0,106.0,106.0,300000.0,67.0,36.0,$180k-$390k,,True,
GA,Hiram Zip Market,30141,62.64,0.2857142857142857,105,30.0,105.0,105.0,355000.0,54.0,52.0,$213k-$450k,,True,
GA,Lagrange Zip Market,30241,63.06,0.3076923076923077,104,32.0,104.0,104.0,310000.0,59.0,44.0,$186k-$403k,,True,
GA,Norcross Zip Market,30093,65.32,0.32038834951456313,103,33.0,103.0,103.0,335000.0,51.0,44.0,$201k-$436k,,True,
GA,Dublin Zip Market,31021,64.53,0.4563106796116505,103,47.0,103.0,103.0,278333.0,92.0,32.0,$167k-$362k,,True,
GA,Palmetto Zip Market,30268,33.54,0.19607843137254902,102,20.0,102.0,102.0,655000.0,87.0,20.0,$393k-$450k,,True,
GA,Atlanta Zip Market,30307,40.3,0.2,100,20.0,100.0,100.0,625000.0,52.0,28.0,$375k-$450k,,True,
GA,Bonaire Zip Market,31005,71.0,0.6597938144329897,97,64.0,97.0,97.0,375164.0,54.0,20.0,$225k-$450k,,True,
GA,Peachtree Corners Zip Market,30092,64.25,0.422680412371134,97,41.0,97.0,97.0,466900.0,48.0,36.0,$280k-$450k,,True,
GA,Marietta Zip Market,30008,56.76,0.1958762886597938,97,19.0,97.0,97.0,346950.0,50.0,44.0,$208k-$450k,,True,
GA,Kathleen Zip Market,31047,65.1,0.75,96,72.0,96.0,96.0,409944.0,75.0,12.0,$246k-$450k,,True,
GA,Rockmart Zip Market,30153,63.69,0.3020833333333333,96,29.0,96.0,96.0,315000.0,52.0,56.0,$189k-$410k,,True,
GA,Temple Zip Market,30179,65.44,0.3368421052631579,95,32.0,95.0,95.0,315000.0,51.0,44.0,$189k-$410k,,True,
GA,Atlanta Zip Market,30350,61.75,0.3684210526315789,95,35.0,95.0,95.0,434500.0,57.0,36.0,$261k-$450k,,True,
GA,Cordele Zip Market,31015,43.67,0.14736842105263157,95,14.0,95.0,95.0,238700.0,116.0,16.0,$143k-$310k,,True,
GA,Atlanta Zip Market,30317,41.27,0.2127659574468085,94,20.0,94.0,94.0,595000.0,53.0,40.0,$357k-$450k,,True,
GA,Atlanta Zip Market,30338,48.34,0.3333333333333333,93,31.0,93.0,93.0,625000.0,53.0,32.0,$375k-$450k,,True,
GA,Byron Zip Market,31008,68.81,0.5108695652173914,92,47.0,92.0,92.0,294650.0,63.0,32.0,$177k-$383k,,True,
GA,Adairsville Zip Market,30103,60.55,0.29347826086956524,92,27.0,92.0,92.0,344750.0,50.0,32.0,$207k-$448k,,True,
GA,Cedartown Zip Market,30125,55.55,0.20652173913043478,92,19.0,92.0,92.0,260000.0,44.0,28.0,$156k-$338k,,True,
GA,Atlanta Zip Market,30363,42.68,0.05434782608695652,92,5.0,92.0,92.0,315000.0,110.0,20.0,$189k-$410k,,True,
GA,Townsend Zip Market,31331,39.89,0.15217391304347827,92,14.0,92.0,92.0,489000.0,88.0,28.0,$293k-$450k,,True,
GA,Union City Zip Market,30291,67.58,0.43956043956043955,91,40.0,91.0,91.0,229950.0,50.0,24.0,$138k-$299k,,True,
GA,Riverdale Zip Market,30296,63.05,0.31868131868131866,91,29.0,91.0,91.0,249900.0,51.0,40.0,$150k-$325k,,True,
GA,Sharpsburg Zip Market,30277,54.39,0.34065934065934067,91,31.0,91.0,91.0,510000.0,63.0,36.0,$306k-$450k,,True,
GA,Morrow Zip Market,30260,64.83,0.4943820224719101,89,44.0,89.0,89.0,240000.0,72.0,24.0,$144k-$312k,,True,
GA,Austell Zip Market,30106,58.68,0.29213483146067415,89,26.0,89.0,89.0,325000.0,62.0,40.0,$195k-$422k,,True,
GA,Norcross Zip Market,30071,52.17,0.19318181818181818,88,17.0,88.0,88.0,389000.0,46.0,28.0,$233k-$450k,,True,
GA,Forsyth Zip Market,31029,51.12,0.367816091954023,87,32.0,87.0,87.0,549900.0,66.0,24.0,$330k-$450k,,True,
GA,Atlanta Zip Market,30345,39.96,0.25,84,21.0,84.0,84.0,649700.0,61.0,36.0,$390k-$450k,,True,
GA,Forest Park Zip Market,30297,51.89,0.2716049382716049,81,22.0,81.0,81.0,215000.0,78.0,28.0,$129k-$280k,,True,
GA,Macon Zip Market,31216,65.53,0.6375,80,51.0,80.0,80.0,279900.0,71.0,16.0,$168k-$364k,,True,
GA,Monticello Zip Market,31064,44.65,0.21518987341772153,79,17.0,79.0,79.0,460000.0,72.0,32.0,$276k-$450k,,True,
GA,Macon Zip Market,31211,57.41,0.3717948717948718,78,29.0,78.0,78.0,245855.0,76.0,20.0,$148k-$320k,,True,
GA,Thomson Zip Market,30824,56.24,0.39473684210526316,76,30.0,76.0,76.0,269475.0,98.0,20.0,$162k-$350k,,True,
GA,Bremen Zip Market,30110,55.91,0.32,75,24.0,75.0,75.0,339950.0,68.0,24.0,$204k-$442k,,True,
GA,Lithia Springs Zip Market,30122,62.75,0.38028169014084506,71,27.0,71.0,71.0,336000.0,50.0,28.0,$202k-$437k,,True,
GA,Macon Zip Market,31217,51.93,0.30985915492957744,71,22.0,71.0,71.0,120000.0,70.0,24.0,$100k-$156k,,True,
GA,Social Circle Zip Market,30025,56.17,0.4857142857142857,70,34.0,70.0,70.0,499900.0,65.0,24.0,$300k-$450k,,True,
GA,Talking Rock Zip Market,30175,28.31,0.15714285714285714,70,11.0,70.0,70.0,612000.0,74.0,16.0,$367k-$450k,,True,
GA,Winston Zip Market,30187,46.48,0.2463768115942029,69,17.0,69.0,69.0,445000.0,66.0,28.0,$267k-$450k,,True,
GA,Bloomingdale Zip Market,31302,67.85,0.9852941176470589,68,67.0,68.0,68.0,346495.0,67.0,20.0,$208k-$450k,,True,
GA,Warner Robins Zip Market,31093,65.55,0.5441176470588235,68,37.0,68.0,68.0,223000.0,57.0,20.0,$134k-$290k,,True,
GA,Savannah Zip Market,31411,48.34,0.5147058823529411,68,35.0,68.0,68.0,800000.0,65.0,20.0,$480k-$450k,,True,
GA,Columbus Zip Market,31909,70.71,0.7014925373134329,67,47.0,67.0,67.0,265000.0,45.0,28.0,$159k-$344k,,True,
GA,Sparta Zip Market,31087,37.28,0.16923076923076924,65,11.0,65.0,65.0,449900.0,85.0,16.0,$270k-$450k,,True,
GA,Rex Zip Market,30273,59.23,0.34375,64,22.0,64.0,64.0,257100.0,56.0,32.0,$154k-$334k,,True,
GA,Mansfield Zip Market,30055,44.17,0.171875,64,11.0,64.0,64.0,451235.0,49.0,24.0,$271k-$450k,,True,
GA,Macon Zip Market,31220,60.65,0.4444444444444444,63,28.0,63.0,63.0,303875.0,60.0,16.0,$182k-$395k,,True,
GA,Austell Zip Market,30168,58.39,0.36507936507936506,63,23.0,63.0,63.0,338450.0,64.0,28.0,$203k-$440k,,True,
GA,Columbus Zip Market,31906,56.54,0.31746031746031744,63,20.0,63.0,63.0,217450.0,50.0,20.0,$130k-$283k,,True,
GA,Atlanta Zip Market,30340,51.78,0.2857142857142857,63,18.0,63.0,63.0,396950.0,58.0,28.0,$238k-$450k,,True,
GA,Oxford Zip Market,30054,46.92,0.27419354838709675,62,17.0,62.0,62.0,447500.0,69.0,32.0,$268k-$450k,,True,
GA,Atlanta Zip Market,30329,36.56,0.11475409836065574,61,7.0,61.0,61.0,467000.0,71.0,20.0,$280k-$450k,,True,
GA,Columbus Zip Market,31903,37.05,0.26666666666666666,60,16.0,60.0,60.0,85000.0,85.0,12.0,$100k-$110k,,True,
GA,Atlanta Zip Market,30337,44.64,0.2542372881355932,59,15.0,59.0,59.0,427448.0,64.0,16.0,$256k-$450k,,True,
GA,Tyrone Zip Market,30290,31.34,0.25925925925925924,54,14.0,54.0,54.0,582500.0,75.0,24.0,$350k-$450k,,True,
GA,Fort Valley Zip Market,31030,48.58,0.32075471698113206,53,17.0,53.0,53.0,185000.0,82.0,16.0,$111k-$240k,,True,
GA,Williamson Zip Market,30292,40.12,0.3269230769230769,52,17.0,52.0,52.0,513650.0,81.0,12.0,$308k-$450k,,True,
GA,Springfield Zip Market,31329,55.28,0.3333333333333333,51,17.0,51.0,51.0,342400.0,58.0,32.0,$205k-$445k,,True,
GA,Allenhurst Zip Market,31301,52.28,0.4117647058823529,51,21.0,51.0,51.0,290725.0,74.0,8.0,$174k-$378k,,True,
GA,Augusta Zip Market,30901,42.46,0.23529411764705882,51,12.0,51.0,51.0,177500.0,79.0,16.0,$106k-$231k,,True,
GA,Darien Zip Market,31305,45.52,0.22,50,11.0,50.0,50.0,334900.0,56.0,16.0,$201k-$435k,,True,
GA,Barnesville Zip Market,30204,43.4,0.2916666666666667,48,14.0,48.0,48.0,365000.0,82.0,12.0,$219k-$450k,,True,
GA,Macon Zip Market,31201,34.17,0.10638297872340426,47,5.0,47.0,47.0,152500.0,99.0,12.0,$100k-$198k,,True,
GA,Ellabell Zip Market,31308,47.6,0.2826086956521739,46,13.0,46.0,46.0,319900.0,56.0,12.0,$192k-$416k,,True,
GA,Savannah Zip Market,31415,41.39,0.21739130434782608,46,10.0,46.0,46.0,213500.0,74.0,20.0,$128k-$278k,,True,
GA,Hawkinsville Zip Market,31036,39.58,0.24444444444444444,45,11.0,45.0,45.0,264000.0,80.0,8.0,$158k-$343k,,True,
GA,Kingston Zip Market,30145,49.63,0.3409090909090909,44,15.0,44.0,44.0,339000.0,70.0,16.0,$203k-$441k,,True,
GA,Hogansville Zip Market,30230,62.17,0.9534883720930233,43,41.0,43.0,43.0,307495.0,65.0,16.0,$184k-$400k,,True,
GA,Eastman Zip Market,31023,35.88,0.21951219512195122,41,9.0,41.0,41.0,166500.0,85.0,4.0,$100k-$216k,,True,
GA,Atlanta Zip Market,30303,32.38,0.075,40,3.0,40.0,40.0,224900.0,87.0,8.0,$135k-$292k,,True,
GA,Columbus Zip Market,31901,40.07,0.23684210526315788,38,9.0,38.0,38.0,289000.0,61.0,4.0,$173k-$376k,,True,
GA,Lincolnton Zip Market,30817,17.83,0.15789473684210525,38,6.0,38.0,38.0,639000.0,116.0,12.0,$383k-$450k,,True,
GA,Lizella Zip Market,31052,52.08,0.5135135135135135,37,19.0,37.0,37.0,319450.0,86.0,12.0,$192k-$415k,,True,
GA,Atlanta Zip Market,30360,42.57,0.35135135135135137,37,13.0,37.0,37.0,516750.0,49.0,8.0,$310k-$450k,,True,
GA,Bowdon Zip Market,30108,54.74,0.4166666666666667,36,15.0,36.0,36.0,340350.0,22.0,4.0,$204k-$442k,,True,
GA,Gray Zip Market,31032,55.33,0.4857142857142857,35,17.0,35.0,35.0,362339.0,54.0,12.0,$217k-$450k,,True,
GA,Waynesboro Zip Market,30830,35.7,0.2,35,7.0,35.0,35.0,281950.0,83.0,12.0,$169k-$367k,,True,
GA,Conley Zip Market,30288,52.76,0.45454545454545453,33,15.0,33.0,33.0,225000.0,67.0,16.0,$135k-$292k,,True,
GA,Cochran Zip Market,31014,43.27,0.2727272727272727,33,9.0,33.0,33.0,227500.0,46.0,4.0,$136k-$296k,,True,
GA,Appling Zip Market,30802,25.71,0.30303030303030304,33,10.0,33.0,33.0,650000.0,74.0,4.0,$390k-$450k,,True,
GA,Harlem Zip Market,30814,56.34,0.9375,32,30.0,32.0,32.0,336200.0,72.0,8.0,$202k-$437k,,True,
GA,Tallapoosa Zip Market,30176,52.48,0.375,32,12.0,32.0,32.0,291817.0,40.0,12.0,$175k-$379k,,True,
GA,White Zip Market,30184,31.61,0.28125,32,9.0,32.0,32.0,641950.0,53.0,24.0,$385k-$450k,,True,
GA,Milner Zip Market,30257,36.91,0.23333333333333334,30,7.0,30.0,30.0,384900.0,62.0,8.0,$231k-$450k,,True,
GA,Roopville Zip Market,30170,21.44,0.2,30,6.0,30.0,30.0,644914.0,64.0,8.0,$387k-$450k,,True,
GA,Silver Creek Zip Market,30173,43.43,0.2962962962962963,27,8.0,27.0,27.0,294450.0,42.0,4.0,$177k-$383k,,True,
GA,Moreland Zip Market,30259,23.06,0.2222222222222222,27,6.0,27.0,27.0,577450.0,49.0,4.0,$346k-$450k,,True,
GA,Rydal Zip Market,30171,21.6,0.2222222222222222,27,6.0,27.0,27.0,799900.0,64.0,8.0,$480k-$450k,,True,
GA,Grantville Zip Market,30220,53.45,0.6538461538461539,26,17.0,26.0,26.0,317500.0,65.0,8.0,$190k-$413k,,True,
GA,Scottdale Zip Market,30079,29.24,0.15384615384615385,26,4.0,26.0,26.0,467450.0,65.0,16.0,$280k-$450k,,True,
GA,Pembroke Zip Market,31321,39.07,0.32,25,8.0,25.0,25.0,355000.0,93.0,12.0,$213k-$450k,,True,
MI,Detroit Zip Market,48224,73.58,0.2896551724137931,290,84.0,290.0,290.0,90000.0,59.0,84.0,$70k-$120k,,True,
MI,Detroit Zip Market,48205,62.93,0.23555555555555555,225,53.0,225.0,225.0,74950.0,63.0,52.0,$70k-$100k,,True,
MI,Detroit Zip Market,48228,72.91,0.32211538461538464,208,67.0,208.0,208.0,84000.0,50.0,60.0,$70k-$112k,,True,
MI,Detroit Zip Market,48221,79.42,0.44808743169398907,183,82.0,183.0,183.0,174900.0,50.0,60.0,$87k-$233k,,True,
MI,Detroit Zip Market,48227,74.89,0.39106145251396646,179,70.0,179.0,179.0,89000.0,57.0,48.0,$70k-$119k,,True,
MI,Ann Arbor Zip Market,48103,61.42,0.3502824858757062,177,62.0,177.0,177.0,507450.0,36.0,72.0,$254k-$350k,,True,
MI,Detroit Zip Market,48219,75.51,0.391812865497076,171,67.0,171.0,171.0,91000.0,51.0,48.0,$70k-$121k,,True,
MI,Detroit Zip Market,48238,57.59,0.1927710843373494,166,32.0,166.0,166.0,86500.0,75.0,48.0,$70k-$115k,,True,
MI,Detroit Zip Market,48235,76.93,0.4875,160,78.0,160.0,160.0,134825.0,58.0,48.0,$70k-$180k,,True,
MI,Grand Blanc Zip Market,48439,77.63,0.6266666666666667,150,94.0,150.0,150.0,367900.0,37.0,80.0,$184k-$350k,,True,
MI,Royal Oak Zip Market,48073,67.92,0.3597122302158273,139,50.0,139.0,139.0,374950.0,31.0,60.0,$187k-$350k,,True,
MI,Macomb Zip Market,48042,63.58,0.5539568345323741,139,77.0,139.0,139.0,589000.0,46.0,44.0,$294k-$350k,,True,
MI,Detroit Zip Market,48234,59.58,0.291044776119403,134,39.0,134.0,134.0,70000.0,54.0,32.0,$70k-$93k,,True,
MI,South Lyon Zip Market,48178,64.83,0.640625,128,82.0,128.0,128.0,575000.0,43.0,52.0,$288k-$350k,,True,
MI,Warren Zip Market,48089,73.81,0.424,125,53.0,125.0,125.0,140000.0,46.0,48.0,$70k-$187k,,True,
MI,Birmingham Zip Market,48009,50.19,0.312,125,39.0,125.0,125.0,1025000.0,45.0,24.0,$512k-$350k,,True,
MI,Muskegon Zip Market,49441,71.93,0.5528455284552846,123,68.0,123.0,123.0,379900.0,38.0,52.0,$190k-$350k,,True,
MI,Detroit Zip Market,48214,57.65,0.25203252032520324,123,31.0,123.0,123.0,240000.0,71.0,32.0,$120k-$320k,,True,
MI,Royal Oak Zip Market,48067,66.73,0.4380165289256198,121,53.0,121.0,121.0,399900.0,37.0,44.0,$200k-$350k,,True,
MI,Roseville Zip Market,48066,78.02,0.5169491525423728,118,61.0,118.0,118.0,170000.0,37.0,68.0,$85k-$227k,,True,
MI,Highland Park Zip Market,48203,49.56,0.2288135593220339,118,27.0,118.0,118.0,60000.0,59.0,28.0,$70k-$80k,,True,
MI,Lansing Zip Market,48910,78.67,0.5862068965517241,116,68.0,116.0,116.0,130000.0,31.0,48.0,$70k-$173k,,True,
MI,Howell Zip Market,48843,64.67,0.7964601769911505,113,90.0,113.0,113.0,451740.0,38.0,40.0,$226k-$350k,,True,
MI,Ann Arbor Zip Market,48105,48.16,0.3125,112,35.0,112.0,112.0,599900.0,58.0,32.0,$300k-$350k,,True,
MI,Canton Zip Market,48188,70.63,0.6238532110091743,109,68.0,109.0,109.0,415000.0,30.0,64.0,$208k-$350k,,True,
MI,Kalamazoo Zip Market,49009,63.21,0.6857142857142857,105,72.0,105.0,105.0,499900.0,38.0,44.0,$250k-$350k,,True,
MI,East Lansing Zip Market,48823,68.39,0.4326923076923077,104,45.0,104.0,104.0,345000.0,45.0,52.0,$172k-$350k,,True,
MI,Detroit Zip Market,48204,51.97,0.21153846153846154,104,22.0,104.0,104.0,73700.0,61.0,36.0,$70k-$98k,,True,
MI,Muskegon Zip Market,49442,77.49,0.5686274509803921,102,58.0,102.0,102.0,209900.0,33.0,60.0,$105k-$280k,,True,
MI,Fenton Zip Market,48430,69.27,0.7647058823529411,102,78.0,102.0,102.0,429900.0,36.0,48.0,$215k-$350k,,True,
MI,Harrison Township Zip Market,48045,55.51,0.3235294117647059,102,33.0,102.0,102.0,434900.0,40.0,36.0,$217k-$350k,,True,
MI,Ferndale Zip Market,48220,73.37,0.43,100,43.0,100.0,100.0,259900.0,32.0,56.0,$130k-$347k,,True,
MI,Saline Zip Market,48176,57.35,0.5102040816326531,98,50.0,98.0,98.0,552045.0,40.0,28.0,$276k-$350k,,True,
MI,Taylor Zip Market,48180,79.86,0.9690721649484536,97,94.0,97.0,97.0,185000.0,33.0,48.0,$92k-$247k,,True,
MI,Belleville Zip Market,48111,75.75,0.6288659793814433,97,61.0,97.0,97.0,259450.0,18.0,28.0,$130k-$346k,,True,
MI,Detroit Zip Market,48213,55.53,0.32989690721649484,97,32.0,97.0,97.0,65000.0,61.0,28.0,$70k-$87k,,True,
MI,Warren Zip Market,48091,67.37,0.3645833333333333,96,35.0,96.0,96.0,154450.0,43.0,36.0,$77k-$206k,,True,
MI,Ann Arbor Zip Market,48104,55.58,0.3541666666666667,96,34.0,96.0,96.0,450000.0,45.0,40.0,$225k-$350k,,True,
MI,Spring Lake Zip Market,49456,55.42,0.4583333333333333,96,44.0,96.0,96.0,499995.0,51.0,36.0,$250k-$350k,,True,
MI,West Bloomfield Zip Market,48322,64.46,0.4631578947368421,95,44.0,95.0,95.0,409000.0,33.0,44.0,$204k-$350k,,True,
MI,Rockford Zip Market,49341,61.88,0.6421052631578947,95,61.0,95.0,95.0,549900.0,38.0,52.0,$275k-$350k,,True,
MI,Detroit Zip Market,48223,58.58,0.29473684210526313,95,28.0,95.0,95.0,99900.0,63.0,28.0,$70k-$133k,,True,
MI,Utica Zip Market,48315,57.73,0.5483870967741935,93,51.0,93.0,93.0,600000.0,39.0,28.0,$300k-$350k,,True,
MI,Port Huron Zip Market,48060,75.91,0.6304347826086957,92,58.0,92.0,92.0,191950.0,36.0,44.0,$96k-$256k,,True,
MI,Eastpointe Zip Market,48021,74.99,0.6956521739130435,92,64.0,92.0,92.0,165000.0,47.0,36.0,$82k-$220k,,True,
MI,Harper Woods Zip Market,48225,64.26,0.3695652173913043,92,34.0,92.0,92.0,140000.0,59.0,32.0,$70k-$187k,,True,
MI,Plymouth Zip Market,48170,61.25,0.7065217391304348,92,65.0,92.0,92.0,549950.0,30.0,32.0,$275k-$350k,,True,
MI,Detroit Zip Market,48206,55.93,0.2608695652173913,92,24.0,92.0,92.0,179999.0,64.0,32.0,$90k-$240k,,True,
MI,Grand Haven Zip Market,49417,54.3,0.44565217391304346,92,41.0,92.0,92.0,488700.0,43.0,28.0,$244k-$350k,,True,
MI,Saint Joseph Zip Market,49085,59.0,0.5714285714285714,91,52.0,91.0,91.0,472000.0,40.0,40.0,$236k-$350k,,True,
MI,Detroit Zip Market,48202,49.19,0.13186813186813187,91,12.0,91.0,91.0,265000.0,65.0,28.0,$132k-$350k,,True,
MI,New Baltimore Zip Market,48047,66.1,0.6555555555555556,90,59.0,90.0,90.0,428450.0,39.0,48.0,$214k-$350k,,True,
MI,Flint Zip Market,48503,58.14,0.3333333333333333,90,30.0,90.0,90.0,60000.0,43.0,56.0,$70k-$80k,,True,
MI,Mount Pleasant Zip Market,48858,70.28,0.5056179775280899,89,45.0,89.0,89.0,269900.0,56.0,40.0,$135k-$350k,,True,
MI,Macomb Zip Market,48044,62.22,0.7528089887640449,89,67.0,89.0,89.0,499000.0,32.0,44.0,$250k-$350k,,True,
MI,Rochester Zip Market,48306,47.51,0.3146067415730337,89,28.0,89.0,89.0,847450.0,38.0,28.0,$424k-$350k,,True,
MI,Grosse Pointe Zip Market,48236,62.85,0.4659090909090909,88,41.0,88.0,88.0,399000.0,25.0,28.0,$200k-$350k,,True,
MI,Holland Zip Market,49424,61.39,0.7954545454545454,88,70.0,88.0,88.0,457450.0,39.0,40.0,$229k-$350k,,True,
MI,Ypsilanti Zip Market,48197,72.25,0.9770114942528736,87,85.0,87.0,87.0,367450.0,38.0,48.0,$184k-$350k,,True,
MI,Rochester Zip Market,48307,60.22,0.45348837209302323,86,39.0,86.0,86.0,442450.0,36.0,44.0,$221k-$350k,,True,
MI,Bloomfield Hills Zip Market,48304,44.65,0.29069767441860467,86,25.0,86.0,86.0,655000.0,37.0,24.0,$328k-$350k,,True,
MI,Flint Zip Market,48506,62.26,0.35294117647058826,85,30.0,85.0,85.0,69900.0,36.0,52.0,$70k-$93k,,True,
MI,Detroit Zip Market,48207,46.23,0.21176470588235294,85,18.0,85.0,85.0,195000.0,87.0,16.0,$98k-$260k,,True,
MI,Sterling Heights Zip Market,48312,70.06,0.5119047619047619,84,43.0,84.0,84.0,309900.0,35.0,40.0,$155k-$350k,,True,
MI,Northville Zip Market,48167,57.6,0.6904761904761905,84,58.0,84.0,84.0,675000.0,49.0,28.0,$338k-$350k,,True,
MI,Grand Rapids Zip Market,49503,62.29,0.3614457831325301,83,30.0,83.0,83.0,314900.0,47.0,36.0,$157k-$350k,,True,
MI,Flint Zip Market,48507,69.52,0.573170731707317,82,47.0,82.0,82.0,80000.0,52.0,44.0,$70k-$107k,,True,
MI,Flint Zip Market,48504,34.06,0.2345679012345679,81,19.0,81.0,81.0,49900.0,71.0,16.0,$70k-$170k,,True,
MI,Sterling Heights Zip Market,48310,67.76,0.525,80,42.0,80.0,80.0,355000.0,30.0,44.0,$178k-$350k,,True,
MI,Saint Clair Shores Zip Market,48080,73.34,0.5822784810126582,79,46.0,79.0,79.0,241750.0,37.0,48.0,$121k-$322k,,True,
MI,Muskegon Zip Market,49444,73.25,0.6835443037974683,79,54.0,79.0,79.0,192400.0,47.0,40.0,$96k-$257k,,True,
MI,Trenton Zip Market,48183,72.61,0.7692307692307693,78,60.0,78.0,78.0,269900.0,29.0,16.0,$135k-$350k,,True,
MI,Lansing Zip Market,48906,67.79,0.42857142857142855,77,33.0,77.0,77.0,159500.0,35.0,32.0,$80k-$213k,,True,
MI,Clinton Township Zip Market,48038,72.85,0.7368421052631579,76,56.0,76.0,76.0,289900.0,36.0,32.0,$145k-$350k,,True,
MI,Canton Zip Market,48187,67.41,0.6447368421052632,76,49.0,76.0,76.0,370000.0,33.0,36.0,$185k-$350k,,True,
MI,Coldwater Zip Market,49036,59.69,0.32894736842105265,76,25.0,76.0,76.0,299900.0,49.0,32.0,$150k-$350k,,True,
MI,Ypsilanti Zip Market,48198,71.79,0.6533333333333333,75,49.0,75.0,75.0,236750.0,32.0,24.0,$118k-$316k,,True,
MI,Holland Zip Market,49423,65.5,0.7027027027027027,74,52.0,74.0,74.0,395950.0,40.0,36.0,$198k-$350k,,True,
MI,Lansing Zip Market,48912,65.11,0.3918918918918919,74,29.0,74.0,74.0,128000.0,42.0,32.0,$70k-$171k,,True,
MI,Three Rivers Zip Market,49093,64.4,0.44594594594594594,74,33.0,74.0,74.0,314839.0,42.0,28.0,$157k-$350k,,True,
MI,Commerce Township Zip Market,48382,53.79,0.4594594594594595,74,34.0,74.0,74.0,648722.0,36.0,36.0,$324k-$350k,,True,
MI,West Bloomfield Zip Market,48323,51.83,0.4864864864864865,74,36.0,74.0,74.0,649000.0,43.0,20.0,$324k-$350k,,True,
MI,Bloomfield Hills Zip Market,48302,42.63,0.3108108108108108,74,23.0,74.0,74.0,1195000.0,38.0,12.0,$598k-$350k,,True,
MI,Clinton Township Zip Market,48035,70.7,0.6164383561643836,73,45.0,73.0,73.0,268000.0,41.0,28.0,$134k-$350k,,True,
MI,Walled Lake Zip Market,48390,66.79,0.589041095890411,73,43.0,73.0,73.0,349900.0,40.0,36.0,$175k-$350k,,True,
MI,Utica Zip Market,48316,64.12,0.7945205479452054,73,58.0,73.0,73.0,439000.0,39.0,44.0,$220k-$350k,,True,
MI,Westland Zip Market,48185,73.5,0.7083333333333334,72,51.0,72.0,72.0,214000.0,32.0,36.0,$107k-$285k,,True,
MI,Benton Harbor Zip Market,49022,69.36,0.5694444444444444,72,41.0,72.0,72.0,204995.0,50.0,32.0,$102k-$273k,,True,
MI,Linden Zip Market,48451,60.7,0.7638888888888888,72,55.0,72.0,72.0,442990.0,44.0,24.0,$221k-$350k,,True,
MI,South Haven Zip Market,49090,53.59,0.5555555555555556,72,40.0,72.0,72.0,550000.0,53.0,32.0,$275k-$350k,,True,
MI,Rochester Zip Market,48309,56.58,0.6571428571428571,70,46.0,70.0,70.0,545000.0,33.0,28.0,$272k-$350k,,True,
MI,Battle Creek Zip Market,49015,72.39,0.6811594202898551,69,47.0,69.0,69.0,295000.0,36.0,48.0,$148k-$350k,,True,
MI,Grand Rapids Zip Market,49507,72.21,0.6376811594202898,69,44.0,69.0,69.0,260000.0,37.0,40.0,$130k-$347k,,True,
MI,Davison Zip Market,48423,68.04,0.7058823529411765,68,48.0,68.0,68.0,329900.0,52.0,40.0,$165k-$350k,,True,
MI,Algonac Zip Market,48001,50.87,0.3235294117647059,68,22.0,68.0,68.0,374950.0,68.0,40.0,$187k-$350k,,True,
MI,Grand Rapids Zip Market,49506,63.14,0.6119402985074627,67,41.0,67.0,67.0,399000.0,38.0,36.0,$200k-$350k,,True,
MI,Westland Zip Market,48186,72.79,0.8787878787878788,66,58.0,66.0,66.0,209900.0,36.0,28.0,$105k-$280k,,True,
MI,Redford Zip Market,48239,72.63,0.7727272727272727,66,51.0,66.0,66.0,189900.0,30.0,28.0,$95k-$253k,,True,
MI,Flushing Zip Market,48433,72.17,0.6212121212121212,66,41.0,66.0,66.0,275000.0,37.0,48.0,$138k-$350k,,True,
MI,Warren Zip Market,48093,70.83,0.6515151515151515,66,43.0,66.0,66.0,230000.0,26.0,24.0,$115k-$307k,,True,
MI,Southfield Zip Market,48075,59.69,0.36363636363636365,66,24.0,66.0,66.0,250000.0,52.0,20.0,$125k-$333k,,True,
MI,Hazel Park Zip Market,48030,67.93,0.49230769230769234,65,32.0,65.0,65.0,178950.0,39.0,36.0,$89k-$239k,,True,
MI,Ann Arbor Zip Market,48108,62.65,0.7230769230769231,65,47.0,65.0,65.0,419450.0,31.0,28.0,$210k-$350k,,True,
MI,Caledonia Zip Market,49316,54.01,0.7692307692307693,65,50.0,65.0,65.0,577500.0,56.0,24.0,$289k-$350k,,True,
MI,Hamtramck Zip Market,48212,61.58,0.375,64,24.0,64.0,64.0,159000.0,37.0,20.0,$80k-$212k,,True,
MI,Okemos Zip Market,48864,49.12,0.4375,64,28.0,64.0,64.0,529900.0,50.0,28.0,$265k-$350k,,True,
MI,Madison Heights Zip Market,48071,72.6,0.7301587301587301,63,46.0,63.0,63.0,239900.0,38.0,44.0,$120k-$320k,,True,
MI,Dearborn Heights Zip Market,48127,67.25,0.5396825396825397,63,34.0,63.0,63.0,289950.0,30.0,24.0,$145k-$350k,,True,
MI,Brighton Zip Market,48116,65.05,0.9682539682539683,63,61.0,63.0,63.0,409900.0,34.0,36.0,$205k-$350k,,True,
MI,Dearborn Zip Market,48124,70.5,0.7419354838709677,62,46.0,62.0,62.0,249900.0,36.0,24.0,$125k-$333k,,True,
MI,Lapeer Zip Market,48446,66.77,0.6129032258064516,62,38.0,62.0,62.0,320000.0,35.0,28.0,$160k-$350k,,True,
MI,Waterford Zip Market,48328,65.19,0.5,62,31.0,62.0,62.0,274900.0,37.0,16.0,$137k-$350k,,True,
MI,Portage Zip Market,49024,63.93,0.9032258064516129,62,56.0,62.0,62.0,389500.0,40.0,24.0,$195k-$350k,,True,
MI,Muskegon Zip Market,49445,60.25,0.46774193548387094,62,29.0,62.0,62.0,349957.0,50.0,28.0,$175k-$350k,,True,
MI,Troy Zip Market,48085,54.38,0.5645161290322581,62,35.0,62.0,62.0,500000.0,32.0,32.0,$250k-$350k,,True,
MI,Lexington Zip Market,48450,47.21,0.24193548387096775,62,15.0,62.0,62.0,294450.0,71.0,28.0,$147k-$350k,,True,
MI,Lincoln Park Zip Market,48146,71.2,0.8524590163934426,61,52.0,61.0,61.0,168950.0,34.0,24.0,$84k-$225k,,True,
MI,Warren Zip Market,48092,67.18,0.47540983606557374,61,29.0,61.0,61.0,269000.0,30.0,32.0,$134k-$350k,,True,
MI,Hudsonville Zip Market,49426,58.31,1.0491803278688525,61,64.0,61.0,61.0,525000.0,30.0,32.0,$262k-$350k,,True,
MI,Inkster Zip Market,48141,68.76,0.7,60,42.0,60.0,60.0,124950.0,45.0,24.0,$70k-$167k,,True,
MI,Saint Clair Shores Zip Market,48081,68.67,0.55,60,33.0,60.0,60.0,269900.0,37.0,36.0,$135k-$350k,,True,
MI,Byron Center Zip Market,49315,57.42,0.8333333333333334,60,50.0,60.0,60.0,625000.0,38.0,40.0,$312k-$350k,,True,
MI,Oxford Zip Market,48371,52.86,0.5666666666666667,60,34.0,60.0,60.0,525000.0,20.0,20.0,$262k-$350k,,True,
MI,Pinckney Zip Market,48169,51.39,0.55,60,33.0,60.0,60.0,531500.0,39.0,20.0,$266k-$350k,,True,
MI,Saint Clair Shores Zip Market,48082,70.29,0.5932203389830508,59,35.0,59.0,59.0,243750.0,33.0,44.0,$122k-$325k,,True,
MI,Farmington Zip Market,48336,66.15,0.6610169491525424,59,39.0,59.0,59.0,310000.0,42.0,24.0,$155k-$350k,,True,
MI,Oak Park Zip Market,48237,63.67,0.4067796610169492,59,24.0,59.0,59.0,240000.0,30.0,28.0,$120k-$320k,,True,
MI,Big Rapids Zip Market,49307,61.03,0.4067796610169492,59,24.0,59.0,59.0,274450.0,51.0,24.0,$137k-$350k,,True,
MI,Washington Zip Market,48094,50.62,0.5084745762711864,59,30.0,59.0,59.0,719900.0,40.0,24.0,$360k-$350k,,True,
MI,Portage Zip Market,49002,68.43,0.6379310344827587,58,37.0,58.0,58.0,248750.0,24.0,20.0,$124k-$332k,,True,
MI,Owosso Zip Market,48867,68.12,0.6896551724137931,58,40.0,58.0,58.0,225000.0,39.0,20.0,$112k-$300k,,True,
MI,Waterford Zip Market,48329,67.19,0.6724137931034483,58,39.0,58.0,58.0,332450.0,31.0,36.0,$166k-$350k,,True,
MI,Grand Rapids Zip Market,49525,56.25,0.7758620689655172,58,45.0,58.0,58.0,504950.0,37.0,36.0,$252k-$350k,,True,
MI,White Lake Zip Market,48386,55.61,0.5344827586206896,58,31.0,58.0,58.0,450000.0,37.0,28.0,$225k-$350k,,True,
MI,Brighton Zip Market,48114,54.44,0.7192982456140351,57,41.0,57.0,57.0,551400.0,32.0,24.0,$276k-$350k,,True,
MI,West Bloomfield Zip Market,48324,50.19,0.47368421052631576,57,27.0,57.0,57.0,574000.0,37.0,28.0,$287k-$350k,,True,
MI,Grand Rapids Zip Market,49504,70.35,0.875,56,49.0,56.0,56.0,304950.0,30.0,36.0,$152k-$350k,,True,
MI,Grand Rapids Zip Market,49508,64.27,0.6785714285714286,56,38.0,56.0,56.0,359000.0,38.0,32.0,$180k-$350k,,True,
MI,Northville Zip Market,48168,53.01,0.6071428571428571,56,34.0,56.0,56.0,689900.0,30.0,24.0,$345k-$350k,,True,
MI,Milford Zip Market,48381,49.56,0.6428571428571429,56,36.0,56.0,56.0,599000.0,56.0,16.0,$300k-$350k,,True,
MI,Franklin Zip Market,48025,47.96,0.42857142857142855,56,24.0,56.0,56.0,724500.0,37.0,24.0,$362k-$350k,,True,
MI,Southfield Zip Market,48076,66.4,0.6,55,33.0,55.0,55.0,299000.0,35.0,28.0,$150k-$350k,,True,
MI,Dearborn Heights Zip Market,48125,65.45,0.5272727272727272,55,29.0,55.0,55.0,167500.0,32.0,20.0,$84k-$223k,,True,
MI,Dowagiac Zip Market,49047,62.57,0.45454545454545453,55,25.0,55.0,55.0,259000.0,48.0,24.0,$130k-$345k,,True,
MI,Grandville Zip Market,49418,61.12,0.9272727272727272,55,51.0,55.0,55.0,413990.0,32.0,20.0,$207k-$350k,,True,
MI,Ludington Zip Market,49431,49.95,0.41818181818181815,55,23.0,55.0,55.0,425000.0,52.0,16.0,$212k-$350k,,True,
MI,Livonia Zip Market,48152,66.54,0.7037037037037037,54,38.0,54.0,54.0,339900.0,30.0,36.0,$170k-$350k,,True,
MI,Mount Morris Zip Market,48458,59.14,0.4074074074074074,54,22.0,54.0,54.0,120000.0,57.0,24.0,$70k-$160k,,True,
MI,Lansing Zip Market,48915,57.23,0.35185185185185186,54,19.0,54.0,54.0,140000.0,46.0,20.0,$70k-$187k,,True,
MI,Lansing Zip Market,48911,69.94,1.0943396226415094,53,58.0,53.0,53.0,184000.0,31.0,20.0,$92k-$245k,,True,
MI,Redford Zip Market,48240,67.58,0.6037735849056604,53,32.0,53.0,53.0,165000.0,33.0,28.0,$82k-$220k,,True,
MI,Grand Rapids Zip Market,49546,53.38,0.6226415094339622,53,33.0,53.0,53.0,572400.0,32.0,32.0,$286k-$350k,,True,
MI,Clarkston Zip Market,48348,50.43,0.660377358490566,53,35.0,53.0,53.0,634900.0,51.0,20.0,$317k-$350k,,True,
MI,Clio Zip Market,48420,68.86,0.8076923076923077,52,42.0,52.0,52.0,254950.0,42.0,28.0,$127k-$340k,,True,
MI,Wyandotte Zip Market,48192,68.67,0.7115384615384616,52,37.0,52.0,52.0,227900.0,35.0,28.0,$114k-$304k,,True,
MI,Battle Creek Zip Market,49017,67.52,0.6923076923076923,52,36.0,52.0,52.0,195000.0,52.0,36.0,$98k-$260k,,True,
MI,Allegan Zip Market,49010,63.89,0.7307692307692307,52,38.0,52.0,52.0,334900.0,52.0,32.0,$167k-$350k,,True,
MI,Monroe Zip Market,48161,60.38,0.5576923076923077,52,29.0,52.0,52.0,306150.0,62.0,24.0,$153k-$350k,,True,
MI,Detroit Zip Market,48215,54.12,0.36538461538461536,52,19.0,52.0,52.0,149900.0,60.0,12.0,$75k-$200k,,True,
MI,Zeeland Zip Market,49464,51.61,0.6346153846153846,52,33.0,52.0,52.0,459900.0,39.0,24.0,$230k-$350k,,True,
MI,Romulus Zip Market,48174,67.4,0.7450980392156863,51,38.0,51.0,51.0,240000.0,43.0,24.0,$120k-$320k,,True,
MI,Kalamazoo Zip Market,49006,58.84,0.37254901960784315,51,19.0,51.0,51.0,260000.0,40.0,24.0,$130k-$347k,,True,
MI,Troy Zip Market,48098,48.53,0.5882352941176471,51,30.0,51.0,51.0,604990.0,30.0,8.0,$302k-$350k,,True,
MI,Farmington Zip Market,48331,49.51,0.54,50,27.0,50.0,50.0,499950.0,31.0,20.0,$250k-$350k,,True,
MI,Grand Rapids Zip Market,49505,66.97,0.8163265306122449,49,40.0,49.0,49.0,322450.0,26.0,32.0,$161k-$350k,,True,
MI,Clinton Township Zip Market,48036,66.68,0.6326530612244898,49,31.0,49.0,49.0,205000.0,29.0,24.0,$102k-$273k,,True,
MI,Utica Zip Market,48317,65.01,0.6122448979591837,49,30.0,49.0,49.0,299900.0,34.0,28.0,$150k-$350k,,True,
MI,Bloomfield Hills Zip Market,48301,48.34,0.5306122448979592,49,26.0,49.0,49.0,812450.0,32.0,16.0,$406k-$350k,,True,
MI,Stanwood Zip Market,49346,46.82,0.3877551020408163,49,19.0,49.0,49.0,429900.0,64.0,32.0,$215k-$350k,,True,
MI,Lake Orion Zip Market,48362,45.18,0.3877551020408163,49,19.0,49.0,49.0,537500.0,34.0,28.0,$269k-$350k,,True,
MI,Kalamazoo Zip Market,49048,67.47,0.6875,48,33.0,48.0,48.0,225900.0,38.0,32.0,$113k-$301k,,True,
MI,Livonia Zip Market,48150,67.02,0.8333333333333334,48,40.0,48.0,48.0,299900.0,29.0,24.0,$150k-$350k,,True,
MI,Kalamazoo Zip Market,49008,63.37,0.625,48,30.0,48.0,48.0,247450.0,59.0,28.0,$124k-$330k,,True,
MI,Marshall Zip Market,49068,60.61,0.5416666666666666,48,26.0,48.0,48.0,289500.0,64.0,32.0,$145k-$350k,,True,
MI,Garden City Zip Market,48135,69.93,1.0638297872340425,47,50.0,47.0,47.0,219950.0,31.0,32.0,$110k-$293k,,True,
MI,Warren Zip Market,48088,67.52,0.7872340425531915,47,37.0,47.0,47.0,270000.0,34.0,24.0,$135k-$350k,,True,
MI,Battle Creek Zip Market,49014,64.62,0.5957446808510638,47,28.0,47.0,47.0,280000.0,37.0,24.0,$140k-$350k,,True,
MI,Baldwin Zip Market,49304,48.21,0.2978723404255319,47,14.0,47.0,47.0,222450.0,67.0,20.0,$111k-$297k,,True,
MI,Lake Orion Zip Market,48359,36.54,0.1276595744680851,47,6.0,47.0,47.0,397450.0,23.0,16.0,$199k-$350k,,True,
MI,Lansing Zip Market,48917,66.65,0.8695652173913043,46,40.0,46.0,46.0,282500.0,35.0,20.0,$141k-$350k,,True,
MI,Sterling Heights Zip Market,48313,65.41,0.8695652173913043,46,40.0,46.0,46.0,319900.0,30.0,24.0,$160k-$350k,,True,
MI,Livonia Zip Market,48154,64.23,0.8260869565217391,46,38.0,46.0,46.0,348700.0,26.0,28.0,$174k-$350k,,True,
MI,Fort Gratiot Zip Market,48059,56.07,0.43478260869565216,46,20.0,46.0,46.0,349450.0,44.0,28.0,$175k-$350k,,True,
MI,Howell Zip Market,48855,60.0,1.0666666666666667,45,48.0,45.0,45.0,395900.0,24.0,16.0,$198k-$350k,,True,
MI,New Baltimore Zip Market,48051,58.07,0.7111111111111111,45,32.0,45.0,45.0,379900.0,47.0,20.0,$190k-$350k,,True,
MI,Allendale Zip Market,49401,48.33,0.6666666666666666,45,30.0,45.0,45.0,507450.0,48.0,16.0,$254k-$350k,,True,
MI,Holt Zip Market,48842,66.67,0.7272727272727273,44,32.0,44.0,44.0,267500.0,30.0,24.0,$134k-$350k,,True,
MI,Sterling Heights Zip Market,48314,59.07,0.6590909090909091,44,29.0,44.0,44.0,386950.0,24.0,24.0,$193k-$350k,,True,
MI,Clarkston Zip Market,48346,57.21,0.8863636363636364,44,39.0,44.0,44.0,446000.0,32.0,28.0,$223k-$350k,,True,
MI,Farmington Zip Market,48334,60.63,0.5348837209302325,43,23.0,43.0,43.0,269900.0,40.0,12.0,$135k-$350k,,True,
MI,Dearborn Zip Market,48126,58.86,0.5116279069767442,43,22.0,43.0,43.0,312500.0,38.0,16.0,$156k-$350k,,True,
MI,Newaygo Zip Market,49337,54.25,0.37209302325581395,43,16.0,43.0,43.0,319900.0,40.0,24.0,$160k-$350k,,True,
MI,Novi Zip Market,48375,52.18,0.6511627906976745,43,28.0,43.0,43.0,439900.0,28.0,8.0,$220k-$350k,,True,
MI,Swartz Creek Zip Market,48473,66.58,0.7857142857142857,42,33.0,42.0,42.0,282450.0,26.0,24.0,$141k-$350k,,True,
MI,Pontiac Zip Market,48342,59.63,0.5,42,21.0,42.0,42.0,139900.0,52.0,20.0,$70k-$187k,,True,
MI,Grand Rapids Zip Market,49512,47.08,0.5476190476190477,42,23.0,42.0,42.0,360994.0,93.0,8.0,$180k-$350k,,True,
MI,Waterford Zip Market,48327,63.54,0.7804878048780488,41,32.0,41.0,41.0,325000.0,31.0,24.0,$162k-$350k,,True,
MI,Holly Zip Market,48442,60.15,0.7560975609756098,41,31.0,41.0,41.0,369900.0,28.0,20.0,$185k-$350k,,True,
MI,Troy Zip Market,48083,56.31,0.5365853658536586,41,22.0,41.0,41.0,387400.0,28.0,24.0,$194k-$350k,,True,
MI,Flint Zip Market,48505,34.12,0.36585365853658536,41,15.0,41.0,41.0,25000.0,84.0,20.0,$70k-$170k,,True,
MI,Detroit Zip Market,48201,28.14,0.0975609756097561,41,4.0,41.0,41.0,414900.0,60.0,8.0,$207k-$350k,,True,
MI,Greenville Zip Market,48838,62.6,0.975,40,39.0,40.0,40.0,349950.0,34.0,24.0,$175k-$350k,,True,
MI,Auburn Hills Zip Market,48326,56.43,0.45,40,18.0,40.0,40.0,336450.0,36.0,24.0,$168k-$350k,,True,
MI,Grosse Pointe Zip Market,48230,46.42,0.55,40,22.0,40.0,40.0,584000.0,30.0,12.0,$292k-$350k,,True,
MI,Battle Creek Zip Market,49037,64.38,0.9743589743589743,39,38.0,39.0,39.0,141950.0,48.0,16.0,$71k-$189k,,True,
MI,Monroe Zip Market,48162,63.5,0.8205128205128205,39,32.0,39.0,39.0,244900.0,42.0,12.0,$122k-$327k,,True,
MI,Dexter Zip Market,48130,49.81,0.8974358974358975,39,35.0,39.0,39.0,649900.0,31.0,12.0,$325k-$350k,,True,
MI,Sturgis Zip Market,49091,59.1,0.631578947368421,38,24.0,38.0,38.0,299900.0,60.0,24.0,$150k-$350k,,True,
MI,Southfield Zip Market,48033,54.34,0.39473684210526316,38,15.0,38.0,38.0,199948.0,53.0,16.0,$100k-$267k,,True,
MI,Troy Zip Market,48084,47.45,0.3157894736842105,38,12.0,38.0,38.0,354450.0,36.0,20.0,$177k-$350k,,True,
MI,Fennville Zip Market,49408,38.18,0.42105263157894735,38,16.0,38.0,38.0,649000.0,66.0,16.0,$324k-$350k,,True,
MI,Charlotte Zip Market,48813,64.49,0.8648648648648649,37,32.0,37.0,37.0,270000.0,37.0,16.0,$135k-$350k,,True,
MI,Flint Zip Market,48532,63.85,0.6756756756756757,37,25.0,37.0,37.0,153500.0,39.0,24.0,$77k-$205k,,True,
MI,Hastings Zip Market,49058,64.83,0.9722222222222222,36,35.0,36.0,36.0,274000.0,42.0,20.0,$137k-$350k,,True,
MI,Kalamazoo Zip Market,49004,63.49,0.7222222222222222,36,26.0,36.0,36.0,239900.0,33.0,16.0,$120k-$320k,,True,
MI,Temperance Zip Market,48182,60.8,0.9722222222222222,36,35.0,36.0,36.0,339500.0,44.0,20.0,$170k-$350k,,True,
MI,Allen Park Zip Market,48101,66.12,1.1714285714285715,35,41.0,35.0,35.0,225000.0,24.0,20.0,$112k-$300k,,True,
MI,Mount Clemens Zip Market,48043,60.86,0.5428571428571428,35,19.0,35.0,35.0,209950.0,41.0,24.0,$105k-$280k,,True,
MI,Vicksburg Zip Market,49097,60.35,0.7428571428571429,35,26.0,35.0,35.0,319900.0,44.0,20.0,$160k-$350k,,True,
MI,Pontiac Zip Market,48341,60.01,0.6857142857142857,35,24.0,35.0,35.0,205750.0,52.0,12.0,$103k-$274k,,True,
MI,Berkley Zip Market,48072,55.79,0.6,35,21.0,35.0,35.0,364500.0,23.0,12.0,$182k-$350k,,True,
MI,Ada Zip Market,49301,44.66,0.6,35,21.0,35.0,35.0,997000.0,45.0,12.0,$498k-$350k,,True,
MI,Detroit Zip Market,48208,44.01,0.34285714285714286,35,12.0,35.0,35.0,279900.0,80.0,8.0,$140k-$350k,,True,
MI,Metamora Zip Market,48455,41.85,0.42857142857142855,35,15.0,35.0,35.0,595000.0,37.0,16.0,$298k-$350k,,True,
MI,Kalamazoo Zip Market,49001,65.83,1.0294117647058822,34,35.0,34.0,34.0,177250.0,31.0,24.0,$89k-$236k,,True,
MI,Pontiac Zip Market,48340,60.44,0.7647058823529411,34,26.0,34.0,34.0,139500.0,60.0,20.0,$70k-$186k,,True,
MI,Alma Zip Market,48801,58.24,0.5882352941176471,34,20.0,34.0,34.0,189900.0,57.0,16.0,$95k-$253k,,True,
MI,Saint Clair Zip Market,48079,54.92,0.7647058823529411,34,26.0,34.0,34.0,392400.0,44.0,16.0,$196k-$350k,,True,
MI,Detroit Zip Market,48226,47.55,0.6764705882352942,34,23.0,34.0,34.0,345000.0,88.0,4.0,$172k-$350k,,True,
MI,Jenison Zip Market,49428,54.01,1.0303030303030303,33,34.0,33.0,33.0,422400.0,34.0,12.0,$211k-$350k,,True,
MI,Lake Orion Zip Market,48360,44.12,0.5454545454545454,33,18.0,33.0,33.0,463160.0,33.0,12.0,$232k-$350k,,True,
MI,River Rouge Zip Market,48218,42.27,0.21212121212121213,33,7.0,33.0,33.0,106500.0,48.0,16.0,$70k-$142k,,True,
MI,Romeo Zip Market,48065,39.11,0.45454545454545453,33,15.0,33.0,33.0,650000.0,56.0,12.0,$325k-$350k,,True,
MI,Grosse Ile Zip Market,48138,49.25,0.5,32,16.0,32.0,32.0,395000.0,33.0,8.0,$198k-$350k,,True,
MI,Ortonville Zip Market,48462,47.14,0.6875,32,22.0,32.0,32.0,474950.0,31.0,16.0,$237k-$350k,,True,
MI,Fremont Zip Market,49412,46.36,0.34375,32,11.0,32.0,32.0,331500.0,50.0,12.0,$166k-$350k,,True,
MI,Grand Rapids Zip Market,49548,64.99,0.9032258064516129,31,28.0,31.0,31.0,239900.0,24.0,24.0,$120k-$320k,,True,
MI,Mason Zip Market,48854,62.56,0.967741935483871,31,30.0,31.0,31.0,299000.0,25.0,16.0,$150k-$350k,,True,
MI,Marysville Zip Market,48040,61.64,0.8064516129032258,31,25.0,31.0,31.0,247000.0,46.0,16.0,$124k-$329k,,True,
MI,Eaton Rapids Zip Market,48827,60.21,0.8333333333333334,30,25.0,30.0,30.0,314900.0,33.0,16.0,$157k-$350k,,True,
MI,Fowlerville Zip Market,48836,60.0,1.0,30,30.0,30.0,30.0,319900.0,31.0,12.0,$160k-$350k,,True,
MI,Milan Zip Market,48160,56.87,0.7333333333333333,30,22.0,30.0,30.0,319900.0,49.0,12.0,$160k-$350k,,True,
MI,Saint Johns Zip Market,48879,53.73,0.7,30,21.0,30.0,30.0,360000.0,30.0,4.0,$180k-$350k,,True,
MI,Paw Paw Zip Market,49079,52.99,0.7,30,21.0,30.0,30.0,379750.0,46.0,12.0,$190k-$350k,,True,
MI,Williamston Zip Market,48895,49.66,0.5,30,15.0,30.0,30.0,394900.0,32.0,12.0,$197k-$350k,,True,
MI,Farmington Zip Market,48335,46.91,0.7333333333333333,30,22.0,30.0,30.0,455000.0,32.0,16.0,$228k-$350k,,True,
MI,Whitehall Zip Market,49461,45.79,0.5,30,15.0,30.0,30.0,444450.0,38.0,12.0,$222k-$350k,,True,
MI,Grand Rapids Zip Market,49534,43.42,0.5666666666666667,30,17.0,30.0,30.0,459000.0,45.0,16.0,$230k-$350k,,True,
MI,Southgate Zip Market,48195,63.82,1.2413793103448276,29,36.0,29.0,29.0,219900.0,21.0,16.0,$110k-$293k,,True,
MI,Grand Ledge Zip Market,48837,62.1,0.9655172413793104,29,28.0,29.0,29.0,287500.0,32.0,16.0,$144k-$350k,,True,
MI,Wayland Zip Market,49348,48.08,0.896551724137931,29,26.0,29.0,29.0,517450.0,33.0,20.0,$259k-$350k,,True,
MI,Wixom Zip Market,48393,47.21,0.3793103448275862,29,11.0,29.0,29.0,350000.0,40.0,12.0,$175k-$350k,,True,
MI,Burton Zip Market,48529,59.86,0.5714285714285714,28,16.0,28.0,28.0,99200.0,29.0,20.0,$70k-$132k,,True,
MI,Novi Zip Market,48374,47.17,0.75,28,21.0,28.0,28.0,675000.0,30.0,20.0,$338k-$350k,,True,
MI,Lowell Zip Market,49331,45.08,0.75,28,21.0,28.0,28.0,529900.0,38.0,12.0,$265k-$350k,,True,
MI,Richmond Zip Market,48062,40.48,0.4642857142857143,28,13.0,28.0,28.0,529900.0,32.0,12.0,$265k-$350k,,True,
MI,Richland Zip Market,49083,39.65,0.5714285714285714,28,16.0,28.0,28.0,475000.0,65.0,16.0,$238k-$350k,,True,
MI,Cassopolis Zip Market,49031,35.04,0.5,28,14.0,28.0,28.0,472000.0,71.0,8.0,$236k-$350k,,True,
MI,Haslett Zip Market,48840,55.2,0.6666666666666666,27,18.0,27.0,27.0,329450.0,41.0,12.0,$165k-$350k,,True,
MI,Plainwell Zip Market,49080,54.72,0.9259259259259259,27,25.0,27.0,27.0,362495.0,46.0,12.0,$181k-$350k,,True,
MI,Novi Zip Market,48377,52.13,0.6296296296296297,27,17.0,27.0,27.0,354950.0,41.0,8.0,$177k-$350k,,True,
MI,Twin Lake Zip Market,49457,44.43,0.4074074074074074,27,11.0,27.0,27.0,398000.0,41.0,12.0,$199k-$350k,,True,
MI,White Lake Zip Market,48383,41.3,0.5925925925925926,27,16.0,27.0,27.0,525000.0,51.0,12.0,$262k-$350k,,True,
MI,Detroit Zip Market,48216,34.75,0.2222222222222222,27,6.0,27.0,27.0,257500.0,73.0,8.0,$129k-$343k,,True,
MI,Ionia Zip Market,48846,58.14,0.6923076923076923,26,18.0,26.0,26.0,249900.0,35.0,8.0,$125k-$333k,,True,
MI,Chelsea Zip Market,48118,45.89,0.5769230769230769,26,15.0,26.0,26.0,449000.0,24.0,8.0,$224k-$350k,,True,
MI,Sparta Zip Market,49345,39.71,0.6153846153846154,26,16.0,26.0,26.0,487000.0,55.0,8.0,$244k-$350k,,True,
MI,Saugatuck Zip Market,49453,32.3,0.38461538461538464,26,10.0,26.0,26.0,897000.0,60.0,8.0,$448k-$350k,,True,
MI,Port Austin Zip Market,48467,31.35,0.19230769230769232,26,5.0,26.0,26.0,299000.0,73.0,8.0,$150k-$350k,,True,
MI,Fraser Zip Market,48026,59.51,0.68,25,17.0,25.0,25.0,262450.0,33.0,16.0,$131k-$350k,,True,
MI,Burton Zip Market,48509,57.71,0.72,25,18.0,25.0,25.0,242500.0,49.0,12.0,$121k-$323k,,True,
MI,Mattawan Zip Market,49071,53.3,0.8,25,20.0,25.0,25.0,410000.0,23.0,20.0,$205k-$350k,,True,
MI,Pentwater Zip Market,49449,34.05,0.4,25,10.0,25.0,25.0,639000.0,52.0,8.0,$320k-$350k,,True,
