State,County,ZIP,ZIP Score,Pending Ratio,Active Listing Count,Pending Listing Count,Estimated Population,Estimated Lead Volume,Median Listing Price,Median Days on Market,Price Decrease Count,Recommended Home Value Range,Last Used Date,Eligible Based on Cooldown,Manual Review Flag
AL,Gulf Shores Zip Market,36542,49.22,0.14456391875746716,837,121.0,837.0,837.0,531150.0,101.0,186.0,$279k-$350k,,True,
AL,Orange Beach Zip Market,36561,49.06,0.1583710407239819,663,105.0,663.0,663.0,759250.0,102.0,124.0,$399k-$350k,,True,
AL,Foley Zip Market,36535,80.17,0.5416666666666666,312,169.0,312.0,312.0,347300.0,60.0,114.0,$182k-$350k,,True,
AL,Athens Zip Market,35613,64.39,0.38387096774193546,310,119.0,310.0,310.0,463900.0,56.0,98.0,$244k-$350k,,True,
AL,Fairhope Zip Market,36532,62.17,0.3737704918032787,305,114.0,305.0,305.0,675974.0,63.0,84.0,$355k-$350k,,True,
AL,Daphne Zip Market,36526,74.83,0.4758364312267658,269,128.0,269.0,269.0,371250.0,65.0,112.0,$195k-$350k,,True,
AL,Madison Zip Market,35756,68.74,0.6404494382022472,267,171.0,267.0,267.0,458575.0,64.0,80.0,$241k-$350k,,True,
AL,Harvest Zip Market,35749,77.07,0.5375939849624061,266,143.0,266.0,266.0,336725.0,72.0,94.0,$177k-$350k,,True,
AL,Athens Zip Market,35611,69.41,0.3872340425531915,235,91.0,235.0,235.0,323942.0,77.0,54.0,$170k-$350k,,True,
AL,Montgomery Zip Market,36117,71.39,0.38738738738738737,222,86.0,222.0,222.0,338750.0,65.0,80.0,$178k-$350k,,True,
AL,Huntsville Zip Market,35811,73.08,0.4909090909090909,220,108.0,220.0,220.0,374950.0,66.0,96.0,$197k-$350k,,True,
AL,Birmingham Zip Market,35215,78.03,0.430622009569378,209,90.0,209.0,209.0,149900.0,58.0,86.0,$79k-$205k,,True,
AL,Birmingham Zip Market,35244,72.4,1.2311557788944723,199,245.0,199.0,199.0,594000.0,45.0,58.0,$312k-$350k,,True,
AL,Birmingham Zip Market,35242,68.24,0.5909090909090909,198,117.0,198.0,198.0,629975.0,50.0,80.0,$331k-$350k,,True,
AL,Madison Zip Market,35758,65.24,0.4742268041237113,194,92.0,194.0,194.0,450000.0,70.0,74.0,$236k-$350k,,True,
AL,Mobile Zip Market,36695,78.23,0.6067415730337079,178,108.0,178.0,178.0,299450.0,66.0,82.0,$157k-$350k,,True,
AL,Meridianville Zip Market,35759,64.47,0.36416184971098264,173,63.0,173.0,173.0,343982.0,76.0,54.0,$181k-$350k,,True,
AL,Trussville Zip Market,35173,69.3,0.6477987421383647,159,103.0,159.0,159.0,449675.0,54.0,64.0,$236k-$350k,,True,
AL,Decatur Zip Market,35603,72.21,0.4810126582278481,158,76.0,158.0,158.0,336175.0,59.0,60.0,$176k-$350k,,True,
AL,Huntsville Zip Market,35803,63.68,0.527027027027027,148,78.0,148.0,148.0,414925.0,81.0,58.0,$218k-$350k,,True,
AL,Owens Cross Roads Zip Market,35763,59.21,0.4897959183673469,147,72.0,147.0,147.0,451395.0,61.0,50.0,$237k-$350k,,True,
AL,Mobile Zip Market,36608,69.26,0.4041095890410959,146,59.0,146.0,146.0,298000.0,66.0,56.0,$156k-$350k,,True,
AL,Montgomery Zip Market,36109,66.14,0.3076923076923077,143,44.0,143.0,143.0,166975.0,58.0,58.0,$88k-$229k,,True,
AL,Huntsville Zip Market,35810,72.07,0.43884892086330934,139,61.0,139.0,139.0,214725.0,67.0,72.0,$113k-$294k,,True,
AL,Cullman Zip Market,35055,65.34,0.35766423357664234,137,49.0,137.0,137.0,299000.0,66.0,46.0,$157k-$350k,,True,
AL,Montgomery Zip Market,36116,74.62,0.5147058823529411,136,70.0,136.0,136.0,250100.0,60.0,54.0,$131k-$343k,,True,
AL,New Market Zip Market,35761,71.55,0.5671641791044776,134,76.0,134.0,134.0,339900.0,64.0,64.0,$178k-$350k,,True,
AL,Bessemer Zip Market,35023,70.74,0.4090909090909091,132,54.0,132.0,132.0,184250.0,60.0,54.0,$97k-$252k,,True,
AL,Florence Zip Market,35630,67.46,0.344,125,43.0,125.0,125.0,217250.0,52.0,48.0,$114k-$298k,,True,
AL,Huntsville Zip Market,35806,63.62,0.41935483870967744,124,52.0,124.0,124.0,378725.0,54.0,36.0,$199k-$350k,,True,
AL,Alexander City Zip Market,35010,46.76,0.21666666666666667,120,26.0,120.0,120.0,344500.0,96.0,26.0,$181k-$350k,,True,
AL,Bessemer Zip Market,35022,67.26,0.5126050420168067,119,61.0,119.0,119.0,315000.0,75.0,44.0,$165k-$350k,,True,
AL,Daphne Zip Market,36527,64.02,0.6956521739130435,115,80.0,115.0,115.0,433750.0,60.0,32.0,$228k-$350k,,True,
AL,Calera Zip Market,35040,75.88,0.584070796460177,113,66.0,113.0,113.0,274570.0,48.0,50.0,$144k-$350k,,True,
AL,Birmingham Zip Market,35226,63.85,0.7256637168141593,113,82.0,113.0,113.0,501925.0,39.0,48.0,$264k-$350k,,True,
AL,Madison Zip Market,35757,58.79,0.37272727272727274,110,41.0,110.0,110.0,400675.0,56.0,44.0,$210k-$350k,,True,
AL,Crane Hill Zip Market,35053,31.47,0.045871559633027525,109,5.0,109.0,109.0,786725.0,105.0,32.0,$413k-$350k,,True,
AL,Decatur Zip Market,35601,72.34,0.4722222222222222,108,51.0,108.0,108.0,257375.0,51.0,54.0,$135k-$350k,,True,
AL,Muscle Shoals Zip Market,35661,57.48,0.2777777777777778,108,30.0,108.0,108.0,325475.0,57.0,46.0,$171k-$350k,,True,
AL,Pelham Zip Market,35124,65.36,0.6822429906542056,107,73.0,107.0,107.0,421175.0,47.0,26.0,$221k-$350k,,True,
AL,Dauphin Island Zip Market,36528,29.4,0.14423076923076922,104,15.0,104.0,104.0,551225.0,100.0,12.0,$289k-$350k,,True,
AL,Chelsea Zip Market,35043,66.17,0.5816326530612245,98,57.0,98.0,98.0,399750.0,50.0,50.0,$210k-$350k,,True,
AL,Birmingham Zip Market,35216,65.74,0.4020618556701031,97,39.0,97.0,97.0,328625.0,38.0,36.0,$173k-$350k,,True,
AL,Pike Road Zip Market,36064,56.57,0.6702127659574468,94,63.0,94.0,94.0,450000.0,75.0,22.0,$236k-$350k,,True,
AL,Huntsville Zip Market,35801,44.35,0.35106382978723405,94,33.0,94.0,94.0,527400.0,85.0,44.0,$277k-$350k,,True,
AL,Eufaula Zip Market,36027,41.77,0.10638297872340426,94,10.0,94.0,94.0,303425.0,105.0,18.0,$159k-$350k,,True,
AL,Tuscumbia Zip Market,35674,63.15,0.3763440860215054,93,35.0,93.0,93.0,239225.0,66.0,42.0,$126k-$328k,,True,
AL,Arab Zip Market,35016,60.08,0.3978494623655914,93,37.0,93.0,93.0,291175.0,77.0,28.0,$153k-$350k,,True,
AL,Birmingham Zip Market,35211,65.54,0.45054945054945056,91,41.0,91.0,91.0,102000.0,62.0,28.0,$75k-$140k,,True,
AL,Montgomery Zip Market,36106,52.2,0.1978021978021978,91,18.0,91.0,91.0,225000.0,58.0,26.0,$118k-$308k,,True,
AL,Alabaster Zip Market,35007,70.01,0.7078651685393258,89,63.0,89.0,89.0,347225.0,52.0,48.0,$182k-$350k,,True,
AL,Birmingham Zip Market,35205,54.83,0.25842696629213485,89,23.0,89.0,89.0,269200.0,62.0,30.0,$141k-$350k,,True,
AL,Odenville Zip Market,35120,69.43,0.6136363636363636,88,54.0,88.0,88.0,272700.0,61.0,30.0,$143k-$350k,,True,
AL,Mc Calla Zip Market,35111,61.85,0.5,88,44.0,88.0,88.0,359888.0,64.0,36.0,$189k-$350k,,True,
AL,Birmingham Zip Market,35206,55.91,0.3181818181818182,88,28.0,88.0,88.0,125975.0,71.0,22.0,$75k-$173k,,True,
AL,Huntsville Zip Market,35802,58.52,0.6511627906976745,86,56.0,86.0,86.0,395175.0,77.0,24.0,$207k-$350k,,True,
AL,Mobile Zip Market,36606,62.81,0.5,84,42.0,84.0,84.0,199450.0,81.0,28.0,$105k-$273k,,True,
AL,Killen Zip Market,35645,48.88,0.2976190476190476,84,25.0,84.0,84.0,374900.0,73.0,36.0,$197k-$350k,,True,
AL,Hartselle Zip Market,35640,64.21,0.5,82,41.0,82.0,82.0,309750.0,60.0,30.0,$163k-$350k,,True,
AL,Toney Zip Market,35773,65.38,0.654320987654321,81,53.0,81.0,81.0,309581.0,70.0,30.0,$163k-$350k,,True,
AL,Birmingham Zip Market,35208,56.55,0.35802469135802467,81,29.0,81.0,81.0,102250.0,74.0,20.0,$75k-$140k,,True,
AL,Florence Zip Market,35633,59.86,0.4050632911392405,79,32.0,79.0,79.0,344475.0,50.0,26.0,$181k-$350k,,True,
AL,Hazel Green Zip Market,35750,60.16,0.46153846153846156,78,36.0,78.0,78.0,317150.0,72.0,32.0,$167k-$350k,,True,
AL,Birmingham Zip Market,35235,66.75,0.4605263157894737,76,35.0,76.0,76.0,197425.0,49.0,36.0,$104k-$270k,,True,
AL,Mobile Zip Market,36693,61.26,0.39473684210526316,76,30.0,76.0,76.0,298714.0,50.0,24.0,$157k-$350k,,True,
AL,Helena Zip Market,35080,60.25,0.5789473684210527,76,44.0,76.0,76.0,423725.0,52.0,40.0,$222k-$350k,,True,
AL,Talladega Zip Market,35160,54.07,0.34210526315789475,76,26.0,76.0,76.0,262425.0,70.0,12.0,$138k-$350k,,True,
AL,Mobile Zip Market,36609,62.89,0.4266666666666667,75,32.0,75.0,75.0,259200.0,54.0,22.0,$136k-$350k,,True,
AL,Pinson Zip Market,35126,71.08,0.7567567567567568,74,56.0,74.0,74.0,251950.0,52.0,32.0,$132k-$345k,,True,
AL,Huntsville Zip Market,35805,54.27,0.273972602739726,73,20.0,73.0,73.0,224975.0,57.0,30.0,$118k-$308k,,True,
AL,Robertsdale Zip Market,36567,47.16,0.273972602739726,73,20.0,73.0,73.0,340419.0,75.0,30.0,$179k-$350k,,True,
AL,Springville Zip Market,35146,59.78,0.5694444444444444,72,41.0,72.0,72.0,375000.0,57.0,22.0,$197k-$350k,,True,
AL,Montgomery Zip Market,36111,55.09,0.34285714285714286,70,24.0,70.0,70.0,224500.0,70.0,24.0,$118k-$308k,,True,
AL,Cullman Zip Market,35057,29.6,0.21739130434782608,69,15.0,69.0,69.0,462475.0,76.0,14.0,$243k-$350k,,True,
AL,Birmingham Zip Market,35209,51.53,0.35294117647058826,68,24.0,68.0,68.0,419950.0,41.0,28.0,$220k-$350k,,True,
AL,Hanceville Zip Market,35077,60.11,0.373134328358209,67,25.0,67.0,67.0,264152.0,42.0,18.0,$139k-$350k,,True,
AL,Leeds Zip Market,35094,57.87,0.6268656716417911,67,42.0,67.0,67.0,317000.0,84.0,14.0,$166k-$350k,,True,
AL,Clanton Zip Market,35045,52.73,0.3283582089552239,67,22.0,67.0,67.0,278650.0,69.0,18.0,$146k-$350k,,True,
AL,Theodore Zip Market,36582,63.06,0.6212121212121212,66,41.0,66.0,66.0,278250.0,73.0,24.0,$146k-$350k,,True,
AL,Montevallo Zip Market,35115,46.25,0.2727272727272727,66,18.0,66.0,66.0,317913.0,65.0,12.0,$167k-$350k,,True,
AL,Sheffield Zip Market,35660,49.01,0.1875,64,12.0,64.0,64.0,192225.0,49.0,24.0,$101k-$263k,,True,
AL,Mobile Zip Market,36605,54.61,0.30158730158730157,63,19.0,63.0,63.0,133161.0,52.0,24.0,$75k-$182k,,True,
AL,Warrior Zip Market,35180,45.51,0.23809523809523808,63,15.0,63.0,63.0,296225.0,75.0,26.0,$156k-$350k,,True,
AL,Saraland Zip Market,36571,60.32,0.3870967741935484,62,24.0,62.0,62.0,282450.0,46.0,26.0,$148k-$350k,,True,
AL,Bay Minette Zip Market,36507,48.49,0.3225806451612903,62,20.0,62.0,62.0,306313.0,81.0,20.0,$161k-$350k,,True,
AL,Elberta Zip Market,36530,41.33,0.3064516129032258,62,19.0,62.0,62.0,449250.0,62.0,22.0,$236k-$350k,,True,
AL,Bessemer Zip Market,35020,56.25,0.4426229508196721,61,27.0,61.0,61.0,99700.0,72.0,12.0,$75k-$137k,,True,
AL,Cullman Zip Market,35058,44.41,0.29508196721311475,61,18.0,61.0,61.0,316175.0,85.0,14.0,$166k-$350k,,True,
AL,Moody Zip Market,35004,61.99,0.5,58,29.0,58.0,58.0,304950.0,51.0,28.0,$160k-$350k,,True,
AL,Loxley Zip Market,36551,47.93,0.41379310344827586,58,24.0,58.0,58.0,369310.0,81.0,14.0,$194k-$350k,,True,
AL,Birmingham Zip Market,35210,58.17,0.38596491228070173,57,22.0,57.0,57.0,315000.0,41.0,28.0,$165k-$350k,,True,
AL,Sylacauga Zip Market,35150,51.48,0.375,56,21.0,56.0,56.0,179600.0,89.0,20.0,$94k-$246k,,True,
AL,Prattville Zip Market,36067,64.78,0.6909090909090909,55,38.0,55.0,55.0,298700.0,45.0,18.0,$157k-$350k,,True,
AL,Gardendale Zip Market,35071,53.52,0.35185185185185186,54,19.0,54.0,54.0,301700.0,50.0,16.0,$158k-$350k,,True,
AL,Birmingham Zip Market,35214,61.67,0.5849056603773585,53,31.0,53.0,53.0,148000.0,56.0,14.0,$78k-$203k,,True,
AL,Semmes Zip Market,36575,61.14,0.7169811320754716,53,38.0,53.0,53.0,283825.0,76.0,24.0,$149k-$350k,,True,
AL,Huntsville Zip Market,35824,56.87,0.6037735849056604,53,32.0,53.0,53.0,370188.0,56.0,18.0,$194k-$350k,,True,
AL,Pell City Zip Market,35128,39.19,0.36538461538461536,52,19.0,52.0,52.0,480950.0,61.0,20.0,$252k-$350k,,True,
AL,Wetumpka Zip Market,36092,64.1,0.8823529411764706,51,45.0,51.0,51.0,316200.0,51.0,20.0,$166k-$350k,,True,
AL,Deatsville Zip Market,36022,61.25,0.84,50,42.0,50.0,50.0,343400.0,46.0,12.0,$180k-$350k,,True,
AL,Rogersville Zip Market,35652,39.5,0.38,50,19.0,50.0,50.0,439200.0,87.0,16.0,$231k-$350k,,True,
AL,Scottsboro Zip Market,35769,32.0,0.34,50,17.0,50.0,50.0,501200.0,91.0,14.0,$263k-$350k,,True,
AL,Lincoln Zip Market,35096,60.13,1.0204081632653061,49,50.0,49.0,49.0,279225.0,82.0,14.0,$147k-$350k,,True,
AL,Lillian Zip Market,36549,45.12,0.30612244897959184,49,15.0,49.0,49.0,329450.0,68.0,20.0,$173k-$350k,,True,
AL,Mobile Zip Market,36604,43.0,0.32653061224489793,49,16.0,49.0,49.0,299925.0,129.0,12.0,$157k-$350k,,True,
AL,Oneonta Zip Market,35121,40.15,0.22448979591836735,49,11.0,49.0,49.0,360475.0,58.0,20.0,$189k-$350k,,True,
AL,Birmingham Zip Market,35228,54.69,0.4791666666666667,48,23.0,48.0,48.0,99638.0,74.0,14.0,$75k-$137k,,True,
AL,Wetumpka Zip Market,36093,52.38,0.8125,48,39.0,48.0,48.0,393175.0,74.0,12.0,$206k-$350k,,True,
AL,Birmingham Zip Market,35243,49.01,0.5833333333333334,48,28.0,48.0,48.0,698175.0,33.0,16.0,$367k-$350k,,True,
AL,Montgomery Zip Market,36107,42.46,0.2708333333333333,48,13.0,48.0,48.0,109250.0,90.0,16.0,$75k-$150k,,True,
AL,Troy Zip Market,36081,37.65,0.125,48,6.0,48.0,48.0,270625.0,64.0,6.0,$142k-$350k,,True,
AL,Florence Zip Market,35634,34.99,0.3333333333333333,48,16.0,48.0,48.0,525000.0,65.0,16.0,$276k-$350k,,True,
AL,Tallassee Zip Market,36078,52.12,0.48936170212765956,47,23.0,47.0,47.0,307250.0,76.0,12.0,$161k-$350k,,True,
AL,Birmingham Zip Market,35212,51.31,0.4444444444444444,45,20.0,45.0,45.0,200975.0,99.0,18.0,$106k-$275k,,True,
AL,Moulton Zip Market,35650,46.04,0.28888888888888886,45,13.0,45.0,45.0,320425.0,60.0,26.0,$168k-$350k,,True,
AL,Prattville Zip Market,36066,61.61,1.6136363636363635,44,71.0,44.0,44.0,343950.0,55.0,22.0,$181k-$350k,,True,
AL,Troy Zip Market,36079,33.63,0.11363636363636363,44,5.0,44.0,44.0,325375.0,63.0,6.0,$171k-$350k,,True,
AL,Eclectic Zip Market,36024,35.46,0.3488372093023256,43,15.0,43.0,43.0,411200.0,83.0,4.0,$216k-$350k,,True,
AL,Birmingham Zip Market,35217,46.56,0.3170731707317073,41,13.0,41.0,41.0,90825.0,60.0,16.0,$75k-$124k,,True,
AL,Montgomery Zip Market,36108,48.79,0.4,40,16.0,40.0,40.0,77450.0,53.0,10.0,$75k-$106k,,True,
AL,Gurley Zip Market,35748,44.68,0.625,40,25.0,40.0,40.0,677500.0,56.0,16.0,$356k-$350k,,True,
AL,Columbiana Zip Market,35051,54.44,0.868421052631579,38,33.0,38.0,38.0,376725.0,56.0,10.0,$198k-$350k,,True,
AL,Montgomery Zip Market,36105,45.31,0.47368421052631576,38,18.0,38.0,38.0,78250.0,89.0,8.0,$75k-$107k,,True,
AL,Mobile Zip Market,36618,60.71,0.6756756756756757,37,25.0,37.0,37.0,197388.0,46.0,12.0,$104k-$270k,,True,
AL,Grand Bay Zip Market,36541,55.83,0.6756756756756757,37,25.0,37.0,37.0,308900.0,74.0,24.0,$162k-$350k,,True,
AL,Montgomery Zip Market,36110,44.86,0.43243243243243246,37,16.0,37.0,37.0,79900.0,85.0,10.0,$75k-$109k,,True,
AL,Cropwell Zip Market,35054,43.89,0.43243243243243246,37,16.0,37.0,37.0,426413.0,60.0,16.0,$224k-$350k,,True,
AL,Bremen Zip Market,35033,18.78,0.13513513513513514,37,5.0,37.0,37.0,812425.0,89.0,14.0,$427k-$350k,,True,
AL,Pleasant Grove Zip Market,35127,52.52,0.4722222222222222,36,17.0,36.0,36.0,223613.0,67.0,12.0,$117k-$306k,,True,
AL,Huntsville Zip Market,35816,51.21,0.3888888888888889,36,14.0,36.0,36.0,156950.0,56.0,12.0,$82k-$215k,,True,
AL,Fairfield Zip Market,35064,42.59,0.3333333333333333,36,12.0,36.0,36.0,86850.0,61.0,4.0,$75k-$119k,,True,
AL,Birmingham Zip Market,35222,48.1,0.6857142857142857,35,24.0,35.0,35.0,409900.0,67.0,12.0,$215k-$350k,,True,
AL,Summerdale Zip Market,36580,47.51,0.42857142857142855,35,15.0,35.0,35.0,382775.0,44.0,10.0,$201k-$350k,,True,
AL,Scottsboro Zip Market,35768,47.11,0.4,35,14.0,35.0,35.0,266950.0,83.0,12.0,$140k-$350k,,True,
AL,Russellville Zip Market,35653,33.51,0.17142857142857143,35,6.0,35.0,35.0,322400.0,67.0,10.0,$169k-$350k,,True,
AL,Dora Zip Market,35062,32.03,0.14285714285714285,35,5.0,35.0,35.0,272475.0,89.0,8.0,$143k-$350k,,True,
AL,Mobile Zip Market,36619,60.39,0.7352941176470589,34,25.0,34.0,34.0,275450.0,52.0,16.0,$145k-$350k,,True,
AL,Birmingham Zip Market,35203,30.48,0.20588235294117646,34,7.0,34.0,34.0,324450.0,86.0,6.0,$170k-$350k,,True,
AL,Kimberly Zip Market,35091,56.55,1.1515151515151516,33,38.0,33.0,33.0,301825.0,77.0,18.0,$158k-$350k,,True,
AL,Atmore Zip Market,36502,55.95,0.53125,32,17.0,32.0,32.0,218500.0,51.0,12.0,$115k-$299k,,True,
AL,Clanton Zip Market,35046,27.1,0.15625,32,5.0,32.0,32.0,387450.0,69.0,8.0,$203k-$350k,,True,
AL,Birmingham Zip Market,35224,45.07,0.2903225806451613,31,9.0,31.0,31.0,99000.0,44.0,10.0,$75k-$136k,,True,
AL,Sterrett Zip Market,35147,29.09,0.3870967741935484,31,12.0,31.0,31.0,461150.0,99.0,12.0,$242k-$350k,,True,
AL,Athens Zip Market,35614,42.12,0.4,30,12.0,30.0,30.0,389050.0,72.0,24.0,$204k-$350k,,True,
AL,Grant Zip Market,35747,25.67,0.26666666666666666,30,8.0,30.0,30.0,423650.0,93.0,6.0,$222k-$350k,,True,
AL,Silverhill Zip Market,36576,58.75,1.1379310344827587,29,33.0,29.0,29.0,312500.0,56.0,20.0,$164k-$350k,,True,
AL,Hayden Zip Market,35079,55.47,0.5517241379310345,29,16.0,29.0,29.0,281950.0,46.0,10.0,$148k-$350k,,True,
AL,Birmingham Zip Market,35204,46.32,0.5517241379310345,29,16.0,29.0,29.0,92500.0,111.0,8.0,$75k-$127k,,True,
AL,Montgomery Zip Market,36104,34.65,0.13793103448275862,29,4.0,29.0,29.0,221225.0,62.0,10.0,$116k-$303k,,True,
AL,Elkmont Zip Market,35620,52.87,0.5357142857142857,28,15.0,28.0,28.0,329500.0,37.0,10.0,$173k-$350k,,True,
AL,Greenville Zip Market,36037,42.0,0.39285714285714285,28,11.0,28.0,28.0,174950.0,89.0,4.0,$92k-$240k,,True,
AL,Cherokee Zip Market,35616,31.06,0.25,28,7.0,28.0,28.0,378100.0,63.0,6.0,$199k-$350k,,True,
AL,Fultondale Zip Market,35068,61.1,1.4074074074074074,27,38.0,27.0,27.0,266198.0,40.0,10.0,$140k-$350k,,True,
AL,Jemison Zip Market,35085,56.12,0.5925925925925926,27,16.0,27.0,27.0,259000.0,45.0,10.0,$136k-$350k,,True,
AL,Mount Olive Zip Market,35117,54.42,0.7037037037037037,27,19.0,27.0,27.0,314975.0,54.0,12.0,$165k-$350k,,True,
AL,Childersburg Zip Market,35044,50.46,0.37037037037037035,27,10.0,27.0,27.0,202785.0,44.0,18.0,$106k-$278k,,True,
AL,Morris Zip Market,35116,47.9,0.7037037037037037,27,19.0,27.0,27.0,400125.0,51.0,6.0,$210k-$350k,,True,
AL,Birmingham Zip Market,35223,44.08,0.6296296296296297,27,17.0,27.0,27.0,957500.0,28.0,14.0,$503k-$350k,,True,
AL,Birmingham Zip Market,35218,31.61,0.25925925925925924,27,7.0,27.0,27.0,86250.0,77.0,2.0,$75k-$118k,,True,
AL,Citronelle Zip Market,36522,31.48,0.14814814814814814,27,4.0,27.0,27.0,200950.0,74.0,8.0,$105k-$275k,,True,
AL,Adamsville Zip Market,35005,46.53,0.38461538461538464,26,10.0,26.0,26.0,132450.0,63.0,12.0,$75k-$181k,,True,
AL,Jackson Zip Market,36545,30.56,0.24,25,6.0,25.0,25.0,233750.0,103.0,4.0,$123k-$320k,,True,
AL,Wilsonville Zip Market,35186,17.78,0.12,25,3.0,25.0,25.0,561925.0,62.0,10.0,$295k-$350k,,True,
AL,Ardmore Zip Market,35739,49.6,0.4166666666666667,24,10.0,24.0,24.0,283750.0,51.0,14.0,$149k-$350k,,True,
AL,Russellville Zip Market,35654,44.01,0.375,24,9.0,24.0,24.0,195200.0,65.0,8.0,$102k-$267k,,True,
AL,Vinemont Zip Market,35179,52.78,0.7391304347826086,23,17.0,23.0,23.0,314925.0,48.0,6.0,$165k-$350k,,True,
AL,Mobile Zip Market,36610,23.79,0.21739130434782608,23,5.0,23.0,23.0,51250.0,58.0,6.0,$75k-$175k,,True,
AL,Pell City Zip Market,35125,57.44,0.7727272727272727,22,17.0,22.0,22.0,262150.0,45.0,14.0,$138k-$350k,,True,
AL,Irvington Zip Market,36544,54.25,0.7727272727272727,22,17.0,22.0,22.0,250000.0,53.0,6.0,$131k-$342k,,True,
AL,Birmingham Zip Market,35207,37.61,0.5,22,11.0,22.0,22.0,65675.0,91.0,8.0,$75k-$90k,,True,
AL,Alabaster Zip Market,35114,45.04,0.6190476190476191,21,13.0,21.0,21.0,377500.0,65.0,12.0,$198k-$350k,,True,
AL,Mobile Zip Market,36607,36.67,0.3333333333333333,21,7.0,21.0,21.0,182200.0,88.0,6.0,$96k-$250k,,True,
AL,Sylacauga Zip Market,35151,36.55,0.42857142857142855,21,9.0,21.0,21.0,348875.0,98.0,6.0,$183k-$350k,,True,
AL,Millbrook Zip Market,36054,51.35,0.85,20,17.0,20.0,20.0,317905.0,54.0,6.0,$167k-$350k,,True,
AL,Mobile Zip Market,36611,47.02,0.55,20,11.0,20.0,20.0,130750.0,71.0,6.0,$75k-$179k,,True,
AL,Blountsville Zip Market,35031,30.6,0.2,20,4.0,20.0,20.0,252975.0,67.0,4.0,$133k-$347k,,True,
AL,Union Grove Zip Market,35175,27.63,0.35,20,7.0,20.0,20.0,448938.0,79.0,8.0,$236k-$350k,,True,
AL,Birmingham Zip Market,35234,43.08,0.5263157894736842,19,10.0,19.0,19.0,166250.0,99.0,6.0,$87k-$228k,,True,
AL,Holly Pond Zip Market,35083,32.94,0.3157894736842105,19,6.0,19.0,19.0,224950.0,93.0,0.0,$118k-$308k,,True,
AL,Eight Mile Zip Market,36613,47.49,0.6111111111111112,18,11.0,18.0,18.0,167500.0,77.0,10.0,$88k-$229k,,True,
AL,Birmingham Zip Market,35213,43.3,1.0555555555555556,18,19.0,18.0,18.0,454975.0,24.0,10.0,$239k-$350k,,True,
AL,Mobile Zip Market,36603,42.89,0.5555555555555556,18,10.0,18.0,18.0,205000.0,99.0,4.0,$108k-$281k,,True,
AL,Trinity Zip Market,35673,50.52,0.8823529411764706,17,15.0,17.0,17.0,278750.0,66.0,6.0,$146k-$350k,,True,
AL,Wilmer Zip Market,36587,40.64,0.5294117647058824,17,9.0,17.0,17.0,377000.0,56.0,2.0,$198k-$350k,,True,
AL,Brownsboro Zip Market,35741,28.65,0.35294117647058826,17,6.0,17.0,17.0,584900.0,33.0,4.0,$307k-$350k,,True,
AL,Centreville Zip Market,35042,24.68,0.23529411764705882,17,4.0,17.0,17.0,328000.0,84.0,0.0,$172k-$350k,,True,
AL,Birmingham Zip Market,35221,37.93,0.375,16,6.0,16.0,16.0,94000.0,69.0,4.0,$75k-$129k,,True,
AL,Remlap Zip Market,35133,18.62,0.1875,16,3.0,16.0,16.0,369725.0,95.0,0.0,$194k-$350k,,True,
AL,Satsuma Zip Market,36572,50.51,0.6666666666666666,15,10.0,15.0,15.0,295125.0,47.0,8.0,$155k-$350k,,True,
AL,Somerville Zip Market,35670,42.53,0.6666666666666666,15,10.0,15.0,15.0,377450.0,57.0,4.0,$198k-$350k,,True,
AL,Bridgeport Zip Market,35740,35.75,0.26666666666666666,15,4.0,15.0,15.0,199900.0,40.0,0.0,$105k-$274k,,True,
AL,Quinton Zip Market,35130,33.39,0.2,15,3.0,15.0,15.0,148650.0,41.0,6.0,$78k-$204k,,True,
AL,Leighton Zip Market,35646,16.46,0.2,15,3.0,15.0,15.0,422400.0,93.0,6.0,$222k-$350k,,True,
AL,Town Creek Zip Market,35672,38.69,0.42857142857142855,14,6.0,14.0,14.0,259675.0,88.0,6.0,$136k-$350k,,True,
AL,Falkville Zip Market,35622,28.42,0.21428571428571427,14,3.0,14.0,14.0,190625.0,75.0,8.0,$100k-$261k,,True,
AL,Mobile Zip Market,36617,51.71,0.7692307692307693,13,10.0,13.0,13.0,105120.0,44.0,6.0,$75k-$144k,,True,
AL,Danville Zip Market,35619,45.9,0.5384615384615384,13,7.0,13.0,13.0,322475.0,34.0,4.0,$169k-$350k,,True,
AL,West Blocton Zip Market,35184,31.79,0.23076923076923078,13,3.0,13.0,13.0,189724.0,49.0,2.0,$100k-$260k,,True,
AL,Mulga Zip Market,35118,46.68,0.5,12,6.0,12.0,12.0,139900.0,49.0,8.0,$75k-$192k,,True,
AL,New Hope Zip Market,35760,38.61,1.0833333333333333,12,13.0,12.0,12.0,377400.0,86.0,0.0,$198k-$350k,,True,
FL,North Miami Beach Zip Market,33160,56.35,0.0894828588030215,1721,154.0,1721.0,1721.0,599000.0,109.0,206.0,$320k-$550k,,True,
FL,Kissimmee Zip Market,34747,63.97,0.1356521739130435,1150,156.0,1150.0,1150.0,453225.0,101.0,254.0,$242k-$512k,,True,
FL,Hallandale Zip Market,33009,63.29,0.11132254995242626,1051,117.0,1051.0,1051.0,319500.0,107.0,168.0,$171k-$361k,,True,
FL,Miami Beach Zip Market,33139,60.89,0.14860335195530727,895,133.0,895.0,895.0,500000.0,106.0,82.0,$268k-$550k,,True,
FL,Miami Zip Market,33180,61.09,0.11511627906976744,860,99.0,860.0,860.0,498613.0,108.0,156.0,$267k-$550k,,True,
FL,Miami Zip Market,33131,46.67,0.0673076923076923,832,56.0,832.0,832.0,799000.0,103.0,74.0,$427k-$550k,,True,
FL,Kissimmee Zip Market,34746,68.32,0.24283935242839352,803,195.0,803.0,803.0,399450.0,96.0,208.0,$214k-$451k,,True,
FL,Miami Zip Market,33132,53.5,0.06905710491367861,753,52.0,753.0,753.0,647000.0,102.0,98.0,$346k-$550k,,True,
FL,Cape Coral Zip Market,33993,71.67,0.278393351800554,722,201.0,722.0,722.0,399702.0,82.0,282.0,$214k-$452k,,True,
FL,Fort Myers Zip Market,33908,64.23,0.16417910447761194,670,110.0,670.0,670.0,369450.0,109.0,148.0,$198k-$417k,,True,
FL,Winter Garden Zip Market,34787,78.95,0.5053435114503817,655,331.0,655.0,655.0,588725.0,66.0,258.0,$315k-$550k,,True,
FL,Fort Lauderdale Zip Market,33319,62.01,0.1971383147853736,629,124.0,629.0,629.0,150000.0,109.0,98.0,$130k-$169k,,True,
FL,Hollywood Zip Market,33019,55.94,0.11075441412520064,623,69.0,623.0,623.0,599450.0,95.0,88.0,$321k-$550k,,True,
FL,Pompano Beach Zip Market,33062,58.72,0.1610305958132045,621,100.0,621.0,621.0,567000.0,99.0,106.0,$303k-$550k,,True,
FL,Miami Zip Market,33137,45.29,0.09363957597173145,566,53.0,566.0,566.0,796000.0,104.0,50.0,$426k-$550k,,True,
FL,Cape Coral Zip Market,33914,65.93,0.2701252236135957,559,151.0,559.0,559.0,539000.0,91.0,166.0,$288k-$550k,,True,
FL,Fort Lauderdale Zip Market,33308,61.01,0.1844484629294756,553,102.0,553.0,553.0,547500.0,85.0,92.0,$293k-$550k,,True,
FL,Miami Beach Zip Market,33141,59.66,0.16,550,88.0,550.0,550.0,530750.0,98.0,80.0,$284k-$550k,,True,
FL,Miami Zip Market,33130,53.95,0.10095238095238095,525,53.0,525.0,525.0,620000.0,107.0,80.0,$332k-$550k,,True,
FL,Miami Beach Zip Market,33140,46.2,0.126,500,63.0,500.0,500.0,787000.0,102.0,56.0,$421k-$550k,,True,
FL,Fernandina Beach Zip Market,32034,65.45,0.3360488798370672,491,165.0,491.0,491.0,698800.0,71.0,172.0,$374k-$550k,,True,
FL,Fort Lauderdale Zip Market,33304,47.36,0.1038135593220339,472,49.0,472.0,472.0,768750.0,87.0,70.0,$411k-$550k,,True,
FL,Fort Lauderdale Zip Market,33313,59.32,0.1762208067940552,471,83.0,471.0,471.0,138575.0,104.0,70.0,$130k-$157k,,True,
FL,Venice Zip Market,34293,81.73,0.46444444444444444,450,209.0,450.0,450.0,399250.0,75.0,132.0,$214k-$451k,,True,
FL,Cape Coral Zip Market,33904,67.36,0.24186046511627907,430,104.0,430.0,430.0,400000.0,91.0,104.0,$214k-$452k,,True,
FL,Miami Zip Market,33179,64.71,0.19767441860465115,430,85.0,430.0,430.0,233500.0,88.0,72.0,$130k-$264k,,True,
FL,Hollywood Zip Market,33027,68.96,0.24532710280373832,428,105.0,428.0,428.0,270200.0,76.0,94.0,$145k-$305k,,True,
FL,Fort Myers Beach Zip Market,33931,45.36,0.09154929577464789,426,39.0,426.0,426.0,749700.0,124.0,64.0,$401k-$550k,,True,
FL,Lehigh Acres Zip Market,33974,71.55,0.3089622641509434,424,131.0,424.0,424.0,324123.0,89.0,98.0,$173k-$366k,,True,
FL,Fort Myers Zip Market,33913,68.37,0.27423167848699764,423,116.0,423.0,423.0,475000.0,92.0,118.0,$254k-$537k,,True,
FL,Lake Worth Zip Market,33467,77.12,0.35,420,147.0,420.0,420.0,291055.0,71.0,150.0,$156k-$329k,,True,
FL,Cape Coral Zip Market,33909,78.02,0.3923444976076555,418,164.0,418.0,418.0,342500.0,81.0,174.0,$183k-$387k,,True,
FL,Delray Beach Zip Market,33446,72.33,0.29904306220095694,418,125.0,418.0,418.0,199250.0,74.0,86.0,$130k-$225k,,True,
FL,Fort Lauderdale Zip Market,33321,74.9,0.357487922705314,414,148.0,414.0,414.0,209875.0,89.0,118.0,$130k-$237k,,True,
FL,Pompano Beach Zip Market,33063,64.73,0.20531400966183574,414,85.0,414.0,414.0,170000.0,89.0,116.0,$130k-$192k,,True,
FL,Fort Lauderdale Zip Market,33322,64.5,0.2645631067961165,412,109.0,412.0,412.0,137125.0,90.0,90.0,$130k-$155k,,True,
FL,West Palm Beach Zip Market,33411,78.2,0.36253041362530414,411,149.0,411.0,411.0,433475.0,65.0,100.0,$232k-$490k,,True,
FL,Kissimmee Zip Market,34759,74.27,0.3357664233576642,411,138.0,411.0,411.0,287475.0,80.0,104.0,$154k-$325k,,True,
FL,Miami Beach Zip Market,33154,46.49,0.17980295566502463,406,73.0,406.0,406.0,1679550.0,112.0,50.0,$899k-$550k,,True,
FL,Deerfield Beach Zip Market,33442,63.87,0.24752475247524752,404,100.0,404.0,404.0,139500.0,87.0,92.0,$130k-$158k,,True,
FL,Saint Petersburg Zip Market,33706,55.77,0.16129032258064516,403,65.0,403.0,403.0,612000.0,101.0,102.0,$327k-$550k,,True,
FL,Saint Augustine Zip Market,32092,86.83,0.7462311557788944,398,297.0,398.0,398.0,515725.0,58.0,178.0,$276k-$550k,,True,
FL,Delray Beach Zip Market,33484,68.25,0.24744897959183673,392,97.0,392.0,392.0,195000.0,81.0,106.0,$130k-$220k,,True,
FL,New Port Richey Zip Market,34652,64.86,0.17091836734693877,392,67.0,392.0,392.0,269750.0,85.0,146.0,$144k-$305k,,True,
FL,Fort Myers Zip Market,33919,65.38,0.21227621483375958,391,83.0,391.0,391.0,245250.0,92.0,110.0,$131k-$277k,,True,
FL,Port Charlotte Zip Market,33981,62.49,0.1958762886597938,388,76.0,388.0,388.0,489950.0,94.0,92.0,$262k-$550k,,True,
FL,Pompano Beach Zip Market,33064,67.98,0.2708333333333333,384,104.0,384.0,384.0,365000.0,96.0,86.0,$195k-$412k,,True,
FL,Wellington Zip Market,33414,53.69,0.26370757180156656,383,101.0,383.0,383.0,823500.0,80.0,82.0,$441k-$550k,,True,
FL,Lehigh Acres Zip Market,33971,73.12,0.32717678100263853,379,124.0,379.0,379.0,325000.0,85.0,130.0,$174k-$367k,,True,
FL,Boynton Beach Zip Market,33435,62.85,0.16886543535620052,379,64.0,379.0,379.0,267500.0,94.0,78.0,$143k-$302k,,True,
FL,Hollywood Zip Market,33020,61.69,0.13262599469496023,377,50.0,377.0,377.0,399900.0,96.0,80.0,$214k-$452k,,True,
FL,Parrish Zip Market,34219,89.87,0.8453333333333334,375,317.0,375.0,375.0,433628.0,60.0,154.0,$232k-$490k,,True,
FL,Punta Gorda Zip Market,33950,63.17,0.184,375,69.0,375.0,375.0,398950.0,95.0,78.0,$213k-$451k,,True,
FL,Saint Cloud Zip Market,34771,83.87,0.6514745308310992,373,243.0,373.0,373.0,475000.0,76.0,172.0,$254k-$537k,,True,
FL,Hudson Zip Market,34667,68.3,0.23655913978494625,372,88.0,372.0,372.0,339000.0,76.0,142.0,$181k-$383k,,True,
FL,Saint Augustine Zip Market,32080,60.48,0.22849462365591397,372,85.0,372.0,372.0,577000.0,85.0,90.0,$309k-$550k,,True,
FL,Homestead Zip Market,33033,72.47,0.3288409703504043,371,122.0,371.0,371.0,444750.0,85.0,88.0,$238k-$503k,,True,
FL,Hollywood Zip Market,33021,63.73,0.2,370,74.0,370.0,370.0,317500.0,97.0,82.0,$170k-$359k,,True,
FL,Homestead Zip Market,33032,66.79,0.23333333333333334,360,84.0,360.0,360.0,455000.0,75.0,72.0,$243k-$514k,,True,
FL,Leesburg Zip Market,34748,69.73,0.26536312849162014,358,95.0,358.0,358.0,314975.0,76.0,122.0,$169k-$356k,,True,
FL,Fort Lauderdale Zip Market,33311,68.6,0.2801120448179272,357,100.0,357.0,357.0,398000.0,85.0,72.0,$213k-$450k,,True,
FL,Sarasota Zip Market,34236,60.21,0.44662921348314605,356,159.0,356.0,356.0,1862250.0,143.0,54.0,$996k-$550k,,True,
FL,West Palm Beach Zip Market,33417,62.32,0.23163841807909605,354,82.0,354.0,354.0,129800.0,80.0,94.0,$130k-$147k,,True,
FL,Estero Zip Market,33928,64.58,0.28125,352,99.0,352.0,352.0,555000.0,85.0,98.0,$297k-$550k,,True,
FL,Saint Petersburg Zip Market,33708,56.15,0.21022727272727273,352,74.0,352.0,352.0,624975.0,103.0,102.0,$334k-$550k,,True,
FL,Clermont Zip Market,34711,74.54,0.32857142857142857,350,115.0,350.0,350.0,499991.0,60.0,144.0,$267k-$550k,,True,
FL,Sun City Center Zip Market,33573,71.86,0.29310344827586204,348,102.0,348.0,348.0,282000.0,74.0,144.0,$151k-$319k,,True,
FL,Clearwater Beach Zip Market,33767,46.38,0.17341040462427745,346,60.0,346.0,346.0,825000.0,116.0,68.0,$441k-$550k,,True,
FL,Apollo Beach Zip Market,33572,69.47,0.2936046511627907,344,101.0,344.0,344.0,515950.0,71.0,176.0,$276k-$550k,,True,
FL,Palm Beach Gardens Zip Market,33418,58.21,0.3119533527696793,343,107.0,343.0,343.0,750225.0,72.0,132.0,$401k-$550k,,True,
FL,Fort Lauderdale Zip Market,33301,45.52,0.16715542521994134,341,57.0,341.0,341.0,1295000.0,94.0,44.0,$693k-$550k,,True,
FL,Saint Johns Zip Market,32259,80.09,0.5794117647058824,340,197.0,340.0,340.0,599000.0,57.0,172.0,$320k-$550k,,True,
FL,Bradenton Zip Market,34211,80.92,0.7410714285714286,336,249.0,336.0,336.0,568500.0,72.0,152.0,$304k-$550k,,True,
FL,Saint Augustine Zip Market,32084,72.59,0.32142857142857145,336,108.0,336.0,336.0,406475.0,78.0,112.0,$217k-$459k,,True,
FL,Sarasota Zip Market,34242,43.83,0.15773809523809523,336,53.0,336.0,336.0,1100000.0,121.0,40.0,$588k-$550k,,True,
FL,West Palm Beach Zip Market,33404,53.25,0.1762917933130699,329,58.0,329.0,329.0,627250.0,92.0,52.0,$336k-$550k,,True,
FL,Boynton Beach Zip Market,33437,76.56,0.36890243902439024,328,121.0,328.0,328.0,369900.0,71.0,118.0,$198k-$418k,,True,
FL,Pompano Beach Zip Market,33069,64.09,0.18960244648318042,327,62.0,327.0,327.0,258000.0,81.0,86.0,$138k-$292k,,True,
FL,West Palm Beach Zip Market,33401,57.27,0.22018348623853212,327,72.0,327.0,327.0,553000.0,99.0,44.0,$296k-$550k,,True,
FL,Boca Raton Zip Market,33432,45.63,0.17956656346749225,323,58.0,323.0,323.0,1298225.0,89.0,40.0,$695k-$550k,,True,
FL,Miami Zip Market,33178,61.39,0.2367601246105919,321,76.0,321.0,321.0,572500.0,67.0,52.0,$306k-$550k,,True,
FL,Loxahatchee Zip Market,33470,54.9,0.265625,320,85.0,320.0,320.0,796500.0,70.0,104.0,$426k-$550k,,True,
FL,Port Richey Zip Market,34668,73.96,0.3238993710691824,318,103.0,318.0,318.0,259983.0,71.0,134.0,$139k-$294k,,True,
FL,Palmetto Zip Market,34221,80.42,0.47318611987381703,317,150.0,317.0,317.0,419749.0,75.0,144.0,$225k-$474k,,True,
FL,Sanibel Zip Market,33957,41.57,0.134185303514377,313,42.0,313.0,313.0,980000.0,154.0,28.0,$524k-$550k,,True,
FL,Lehigh Acres Zip Market,33972,65.02,0.23948220064724918,309,74.0,309.0,309.0,359000.0,84.0,66.0,$192k-$406k,,True,
FL,Saint Petersburg Zip Market,33707,66.04,0.2435064935064935,308,75.0,308.0,308.0,372450.0,88.0,112.0,$199k-$421k,,True,
FL,Saint Cloud Zip Market,34772,78.16,0.38436482084690554,307,118.0,307.0,307.0,422450.0,64.0,118.0,$226k-$477k,,True,
FL,Hollywood Zip Market,33025,64.69,0.2459016393442623,305,75.0,305.0,305.0,295000.0,84.0,54.0,$158k-$333k,,True,
FL,Palm Beach Zip Market,33480,42.48,0.16721311475409836,305,51.0,305.0,305.0,1517500.0,121.0,28.0,$812k-$550k,,True,
FL,Port Charlotte Zip Market,33952,73.04,0.34983498349834985,303,106.0,303.0,303.0,239900.0,82.0,98.0,$130k-$271k,,True,
FL,Boca Raton Zip Market,33433,72.29,0.3102310231023102,303,94.0,303.0,303.0,440225.0,66.0,78.0,$236k-$497k,,True,
FL,Key West Zip Market,33040,45.72,0.18874172185430463,302,57.0,302.0,302.0,1211000.0,103.0,56.0,$648k-$550k,,True,
FL,Bradenton Zip Market,34209,66.85,0.26174496644295303,298,78.0,298.0,298.0,379950.0,87.0,104.0,$203k-$429k,,True,
FL,Fort Lauderdale Zip Market,33316,43.26,0.12457912457912458,297,37.0,297.0,297.0,913750.0,105.0,50.0,$489k-$550k,,True,
FL,Cape Coral Zip Market,33991,70.06,0.3152542372881356,295,93.0,295.0,295.0,479450.0,78.0,118.0,$257k-$542k,,True,
FL,Riverview Zip Market,33578,72.0,0.28027681660899656,289,81.0,289.0,289.0,339225.0,62.0,132.0,$181k-$383k,,True,
FL,North Fort Myers Zip Market,33917,73.83,0.3797909407665505,287,109.0,287.0,287.0,322000.0,83.0,80.0,$172k-$364k,,True,
FL,Riverview Zip Market,33579,68.34,0.22996515679442509,287,66.0,287.0,287.0,419975.0,65.0,136.0,$225k-$475k,,True,
FL,Miami Zip Market,33133,46.88,0.2578397212543554,287,74.0,287.0,287.0,1877293.0,88.0,24.0,"$1,004k-$550k",,True,
FL,Kissimmee Zip Market,34744,67.27,0.24825174825174826,286,71.0,286.0,286.0,422750.0,75.0,116.0,$226k-$478k,,True,
FL,North Palm Beach Zip Market,33408,60.99,0.48771929824561405,285,139.0,285.0,285.0,786945.0,104.0,64.0,$421k-$550k,,True,
FL,Tampa Zip Market,33647,71.35,0.30141843971631205,282,85.0,282.0,282.0,479900.0,63.0,116.0,$257k-$542k,,True,
FL,Miami Zip Market,33181,58.44,0.09574468085106383,282,27.0,282.0,282.0,319750.0,86.0,46.0,$171k-$361k,,True,
FL,Fort Lauderdale Zip Market,33324,69.8,0.286231884057971,276,79.0,276.0,276.0,318725.0,68.0,74.0,$171k-$360k,,True,
FL,Longboat Key Zip Market,34228,43.14,0.18840579710144928,276,52.0,276.0,276.0,1050000.0,134.0,36.0,$562k-$550k,,True,
FL,Wesley Chapel Zip Market,33543,75.39,0.3613138686131387,274,99.0,274.0,274.0,434950.0,69.0,130.0,$233k-$491k,,True,
FL,Fort Myers Zip Market,33905,66.64,0.2600732600732601,273,71.0,273.0,273.0,390536.0,74.0,66.0,$209k-$441k,,True,
FL,Lehigh Acres Zip Market,33976,71.04,0.3247232472324723,271,88.0,271.0,271.0,339000.0,81.0,106.0,$181k-$383k,,True,
FL,Spring Hill Zip Market,34609,78.88,0.4111111111111111,270,111.0,270.0,270.0,357425.0,64.0,122.0,$191k-$404k,,True,
FL,Labelle Zip Market,33935,58.74,0.13333333333333333,270,36.0,270.0,270.0,325900.0,94.0,56.0,$174k-$368k,,True,
FL,Saint Petersburg Zip Market,33703,69.87,0.30337078651685395,267,81.0,267.0,267.0,473375.0,70.0,100.0,$253k-$535k,,True,
FL,Green Cove Springs Zip Market,32043,82.39,0.5225563909774437,266,139.0,266.0,266.0,369348.0,63.0,118.0,$198k-$417k,,True,
FL,Miami Zip Market,33156,48.38,0.2518796992481203,266,67.0,266.0,266.0,2998500.0,89.0,48.0,"$1,604k-$550k",,True,
FL,Dunedin Zip Market,34698,67.48,0.2679245283018868,265,71.0,265.0,265.0,399000.0,80.0,124.0,$213k-$451k,,True,
FL,Titusville Zip Market,32780,67.15,0.2748091603053435,262,72.0,262.0,262.0,295975.0,78.0,74.0,$158k-$334k,,True,
FL,Sanford Zip Market,32771,74.61,0.3448275862068966,261,90.0,261.0,261.0,387450.0,66.0,120.0,$207k-$438k,,True,
FL,Lehigh Acres Zip Market,33936,67.5,0.27413127413127414,259,71.0,259.0,259.0,241225.0,78.0,88.0,$130k-$273k,,True,
FL,Apopka Zip Market,32712,81.51,0.5852713178294574,258,151.0,258.0,258.0,466493.0,69.0,96.0,$250k-$527k,,True,
FL,Sarasota Zip Market,34231,77.81,0.5542635658914729,258,143.0,258.0,258.0,441972.0,98.0,74.0,$236k-$499k,,True,
FL,Boca Raton Zip Market,33434,72.25,0.3992248062015504,258,103.0,258.0,258.0,156000.0,75.0,62.0,$130k-$176k,,True,
FL,Punta Gorda Zip Market,33955,69.46,0.3449612403100775,258,89.0,258.0,258.0,364408.0,91.0,56.0,$195k-$412k,,True,
FL,Englewood Zip Market,34223,64.83,0.28793774319066145,257,74.0,257.0,257.0,478250.0,91.0,66.0,$256k-$540k,,True,
FL,Jacksonville Zip Market,32218,87.28,0.7265625,256,186.0,256.0,256.0,315000.0,54.0,124.0,$169k-$356k,,True,
FL,Key Largo Zip Market,33037,44.64,0.20703125,256,53.0,256.0,256.0,1200000.0,99.0,44.0,$642k-$550k,,True,
FL,Homestead Zip Market,33035,64.41,0.23921568627450981,255,61.0,255.0,255.0,339000.0,80.0,76.0,$181k-$383k,,True,
FL,Coral Springs Zip Market,33065,64.84,0.2440944881889764,254,62.0,254.0,254.0,229000.0,76.0,66.0,$130k-$259k,,True,
FL,Marathon Zip Market,33050,42.32,0.12992125984251968,254,33.0,254.0,254.0,1097000.0,102.0,48.0,$587k-$550k,,True,
FL,Sarasota Zip Market,34238,68.34,0.2908366533864542,251,73.0,251.0,251.0,434000.0,79.0,98.0,$232k-$490k,,True,
FL,Pompano Beach Zip Market,33066,65.35,0.2788844621513944,251,70.0,251.0,251.0,209925.0,85.0,54.0,$130k-$237k,,True,
FL,Bradenton Zip Market,34210,61.19,0.22310756972111553,251,56.0,251.0,251.0,299900.0,103.0,60.0,$160k-$339k,,True,
FL,Delray Beach Zip Market,33445,63.24,0.24,250,60.0,250.0,250.0,279975.0,79.0,50.0,$150k-$316k,,True,
FL,Wesley Chapel Zip Market,33545,77.32,0.3614457831325301,249,90.0,249.0,249.0,444475.0,53.0,102.0,$238k-$502k,,True,
FL,Boca Raton Zip Market,33487,49.7,0.2931726907630522,249,73.0,249.0,249.0,825000.0,88.0,38.0,$441k-$550k,,True,
FL,Mount Dora Zip Market,32757,77.87,0.4634146341463415,246,114.0,246.0,246.0,467000.0,71.0,114.0,$250k-$528k,,True,
FL,Orlando Zip Market,32835,63.25,0.1910569105691057,246,47.0,246.0,246.0,250000.0,72.0,76.0,$134k-$282k,,True,
FL,Deland Zip Market,32724,74.29,0.3469387755102041,245,85.0,245.0,245.0,385000.0,61.0,78.0,$206k-$435k,,True,
FL,Miami Zip Market,33157,53.5,0.2816326530612245,245,69.0,245.0,245.0,748950.0,70.0,80.0,$401k-$550k,,True,
FL,Boynton Beach Zip Market,33436,71.96,0.39094650205761317,243,95.0,243.0,243.0,402500.0,85.0,54.0,$215k-$455k,,True,
FL,Miami Zip Market,33138,43.25,0.17842323651452283,241,43.0,241.0,241.0,855750.0,84.0,32.0,$458k-$550k,,True,
FL,Middleburg Zip Market,32068,80.62,0.49583333333333335,240,119.0,240.0,240.0,370000.0,64.0,118.0,$198k-$418k,,True,
FL,Windermere Zip Market,34786,56.41,0.3263598326359833,239,78.0,239.0,239.0,1111250.0,70.0,86.0,$595k-$550k,,True,
FL,Kissimmee Zip Market,34758,79.41,0.4936708860759494,237,117.0,237.0,237.0,324500.0,69.0,104.0,$174k-$367k,,True,
FL,Lake Worth Zip Market,33463,68.51,0.2869198312236287,237,68.0,237.0,237.0,319450.0,65.0,56.0,$171k-$361k,,True,
FL,Jacksonville Zip Market,32210,81.49,0.5042372881355932,236,119.0,236.0,236.0,227600.0,61.0,118.0,$130k-$257k,,True,
FL,Jacksonville Zip Market,32256,79.25,0.46808510638297873,235,110.0,235.0,235.0,255000.0,64.0,88.0,$136k-$288k,,True,
FL,Saint Petersburg Zip Market,33715,54.65,0.13617021276595745,235,32.0,235.0,235.0,496000.0,113.0,50.0,$265k-$550k,,True,
FL,Ruskin Zip Market,33570,67.17,0.2777777777777778,234,65.0,234.0,234.0,347000.0,76.0,92.0,$186k-$392k,,True,
FL,New Port Richey Zip Market,34655,74.42,0.33620689655172414,232,78.0,232.0,232.0,368500.0,59.0,118.0,$197k-$416k,,True,
FL,Fort Lauderdale Zip Market,33309,69.94,0.34497816593886466,229,79.0,229.0,229.0,283500.0,76.0,52.0,$152k-$320k,,True,
FL,Clermont Zip Market,34714,79.68,0.5526315789473685,228,126.0,228.0,228.0,451370.0,69.0,66.0,$241k-$510k,,True,
FL,Pompano Beach Zip Market,33068,61.88,0.23788546255506607,227,54.0,227.0,227.0,325000.0,88.0,56.0,$174k-$367k,,True,
FL,Kissimmee Zip Market,34741,61.14,0.21145374449339208,227,48.0,227.0,227.0,321225.0,84.0,60.0,$172k-$363k,,True,
FL,Clearwater Zip Market,33756,60.92,0.19469026548672566,226,44.0,226.0,226.0,425000.0,86.0,76.0,$227k-$480k,,True,
FL,Wimauma Zip Market,33598,74.74,0.40444444444444444,225,91.0,225.0,225.0,369500.0,75.0,88.0,$198k-$418k,,True,
FL,Fort Lauderdale Zip Market,33312,61.63,0.3333333333333333,225,75.0,225.0,225.0,665500.0,63.0,52.0,$356k-$550k,,True,
FL,Tampa Zip Market,33611,67.72,0.33482142857142855,224,75.0,224.0,224.0,556500.0,65.0,86.0,$298k-$550k,,True,
FL,Jacksonville Zip Market,32209,61.37,0.22767857142857142,224,51.0,224.0,224.0,144925.0,72.0,88.0,$130k-$164k,,True,
FL,Bradenton Beach Zip Market,34217,39.95,0.09821428571428571,224,22.0,224.0,224.0,1396386.0,131.0,42.0,$747k-$550k,,True,
FL,West Palm Beach Zip Market,33415,68.84,0.32286995515695066,223,72.0,223.0,223.0,228100.0,72.0,50.0,$130k-$258k,,True,
FL,Hollywood Zip Market,33024,76.94,0.41818181818181815,220,92.0,220.0,220.0,466200.0,55.0,58.0,$249k-$527k,,True,
FL,Tampa Zip Market,33615,62.36,0.18181818181818182,220,40.0,220.0,220.0,439125.0,72.0,84.0,$235k-$496k,,True,
FL,Rotonda West Zip Market,33947,62.38,0.2465753424657534,219,54.0,219.0,219.0,404500.0,84.0,54.0,$216k-$457k,,True,
FL,Homestead Zip Market,33034,67.91,0.3225806451612903,217,70.0,217.0,217.0,399995.0,80.0,58.0,$214k-$452k,,True,
FL,Orlando Zip Market,32832,62.26,0.2672811059907834,217,58.0,217.0,217.0,542300.0,71.0,76.0,$290k-$550k,,True,
FL,Lake Worth Zip Market,33461,53.89,0.2073732718894009,217,45.0,217.0,217.0,124900.0,103.0,56.0,$130k-$141k,,True,
FL,North Port Zip Market,34287,67.65,0.3116279069767442,215,67.0,215.0,215.0,290925.0,78.0,68.0,$156k-$329k,,True,
FL,Pompano Beach Zip Market,33060,65.53,0.26976744186046514,215,58.0,215.0,215.0,454500.0,69.0,54.0,$243k-$514k,,True,
FL,Ponte Vedra Beach Zip Market,32082,62.26,0.42790697674418604,215,92.0,215.0,215.0,965000.0,62.0,80.0,$516k-$550k,,True,
FL,Bradenton Zip Market,34202,58.77,0.4046511627906977,215,87.0,215.0,215.0,746950.0,77.0,80.0,$400k-$550k,,True,
FL,Saint Petersburg Zip Market,33701,42.56,0.17757009345794392,214,38.0,214.0,214.0,1258125.0,101.0,50.0,$673k-$550k,,True,
FL,Fort Lauderdale Zip Market,33326,57.01,0.22169811320754718,212,47.0,212.0,212.0,575750.0,67.0,48.0,$308k-$550k,,True,
FL,Fort Myers Zip Market,33907,56.48,0.1792452830188679,212,38.0,212.0,212.0,178700.0,104.0,40.0,$130k-$202k,,True,
FL,North Port Zip Market,34288,66.72,0.2796208530805687,211,59.0,211.0,211.0,360207.0,74.0,88.0,$193k-$407k,,True,
FL,Venice Zip Market,34285,59.04,0.22748815165876776,211,48.0,211.0,211.0,420750.0,98.0,42.0,$225k-$475k,,True,
FL,Fort Lauderdale Zip Market,33334,56.59,0.22274881516587677,211,47.0,211.0,211.0,571000.0,73.0,52.0,$305k-$550k,,True,
FL,Nokomis Zip Market,34275,71.54,0.5741626794258373,209,120.0,209.0,209.0,537000.0,91.0,46.0,$287k-$550k,,True,
FL,Tarpon Springs Zip Market,34689,66.2,0.2679425837320574,209,56.0,209.0,209.0,427500.0,71.0,80.0,$229k-$483k,,True,
FL,Jupiter Zip Market,33477,43.88,0.25,208,52.0,208.0,208.0,797000.0,109.0,32.0,$426k-$550k,,True,
FL,Jacksonville Zip Market,32244,81.22,0.5098039215686274,204,104.0,204.0,204.0,272000.0,57.0,118.0,$146k-$307k,,True,
FL,Land O Lakes Zip Market,34638,80.69,0.6078431372549019,204,124.0,204.0,204.0,413700.0,70.0,102.0,$221k-$467k,,True,
FL,North Port Zip Market,34286,70.07,0.35784313725490197,204,73.0,204.0,204.0,358975.0,76.0,58.0,$192k-$406k,,True,
FL,Deerfield Beach Zip Market,33441,63.23,0.27941176470588236,204,57.0,204.0,204.0,417000.0,89.0,52.0,$223k-$471k,,True,
FL,Port Charlotte Zip Market,33948,65.86,0.30198019801980197,202,61.0,202.0,202.0,302450.0,83.0,66.0,$162k-$342k,,True,
FL,Miami Zip Market,33161,57.98,0.23880597014925373,201,48.0,201.0,201.0,490500.0,91.0,44.0,$262k-$550k,,True,
FL,Delray Beach Zip Market,33483,42.87,0.2537313432835821,201,51.0,201.0,201.0,1372000.0,91.0,18.0,$734k-$550k,,True,
FL,Palm Harbor Zip Market,34684,68.52,0.28,200,56.0,200.0,200.0,299900.0,62.0,90.0,$160k-$339k,,True,
FL,Orlando Zip Market,32827,52.74,0.3,200,60.0,200.0,200.0,849000.0,73.0,88.0,$454k-$550k,,True,
FL,Saint Augustine Zip Market,32086,69.45,0.3065326633165829,199,61.0,199.0,199.0,417500.0,65.0,88.0,$223k-$472k,,True,
FL,Orlando Zip Market,32822,66.7,0.3065326633165829,199,61.0,199.0,199.0,185000.0,76.0,64.0,$130k-$209k,,True,
FL,Orlando Zip Market,32819,55.21,0.20603015075376885,199,41.0,199.0,199.0,537000.0,90.0,58.0,$287k-$550k,,True,
FL,Odessa Zip Market,33556,60.46,0.3756345177664975,197,74.0,197.0,197.0,741224.0,58.0,112.0,$397k-$550k,,True,
FL,Punta Gorda Zip Market,33982,73.4,0.42857142857142855,196,84.0,196.0,196.0,456450.0,75.0,64.0,$244k-$516k,,True,
FL,Saint Petersburg Zip Market,33709,62.1,0.22448979591836735,196,44.0,196.0,196.0,178750.0,77.0,82.0,$130k-$202k,,True,
FL,Ponte Vedra Zip Market,32081,74.04,0.8402061855670103,194,163.0,194.0,194.0,686175.0,60.0,94.0,$367k-$550k,,True,
FL,Miami Zip Market,33129,38.88,0.12886597938144329,194,25.0,194.0,194.0,1367500.0,84.0,22.0,$732k-$550k,,True,
FL,Lake Worth Zip Market,33462,63.75,0.31088082901554404,193,60.0,193.0,193.0,373750.0,90.0,40.0,$200k-$422k,,True,
FL,Clearwater Zip Market,33763,58.9,0.17098445595854922,193,33.0,193.0,193.0,188750.0,81.0,66.0,$130k-$213k,,True,
FL,Sarasota Zip Market,34243,67.76,0.3697916666666667,192,71.0,192.0,192.0,419675.0,96.0,50.0,$225k-$474k,,True,
FL,Jacksonville Beach Zip Market,32250,51.53,0.296875,192,57.0,192.0,192.0,749000.0,73.0,68.0,$401k-$550k,,True,
FL,Tampa Zip Market,33602,43.52,0.14583333333333334,192,28.0,192.0,192.0,799250.0,72.0,50.0,$428k-$550k,,True,
FL,Fort Lauderdale Zip Market,33305,43.97,0.2094240837696335,191,40.0,191.0,191.0,1058348.0,89.0,58.0,$566k-$550k,,True,
FL,Orlando Zip Market,32821,55.84,0.18947368421052632,190,36.0,190.0,190.0,249250.0,110.0,40.0,$133k-$282k,,True,
FL,Cape Coral Zip Market,33990,69.69,0.3439153439153439,189,65.0,189.0,189.0,399900.0,72.0,70.0,$214k-$452k,,True,
FL,Hialeah Zip Market,33015,65.26,0.26595744680851063,188,50.0,188.0,188.0,317500.0,65.0,58.0,$170k-$359k,,True,
FL,Palm Beach Gardens Zip Market,33410,62.7,0.44680851063829785,188,84.0,188.0,188.0,683650.0,78.0,58.0,$366k-$550k,,True,
FL,Saint Petersburg Zip Market,33711,58.04,0.15425531914893617,188,29.0,188.0,188.0,349625.0,79.0,60.0,$187k-$395k,,True,
FL,Boca Raton Zip Market,33428,69.46,0.3422459893048128,187,64.0,187.0,187.0,356150.0,71.0,66.0,$191k-$402k,,True,
FL,Deltona Zip Market,32725,76.93,0.4702702702702703,185,87.0,185.0,185.0,321950.0,66.0,88.0,$172k-$364k,,True,
FL,Jupiter Zip Market,33458,64.58,0.5783783783783784,185,107.0,185.0,185.0,751950.0,60.0,56.0,$402k-$550k,,True,
FL,Orlando Zip Market,32824,69.74,0.31521739130434784,184,58.0,184.0,184.0,416000.0,62.0,80.0,$223k-$470k,,True,
FL,North Fort Myers Zip Market,33903,57.01,0.1793478260869565,184,33.0,184.0,184.0,301125.0,98.0,58.0,$161k-$340k,,True,
FL,Tavares Zip Market,32778,64.01,0.28415300546448086,183,52.0,183.0,183.0,349945.0,81.0,64.0,$187k-$395k,,True,
FL,Jacksonville Zip Market,32205,75.41,0.4010989010989011,182,73.0,182.0,182.0,280000.0,63.0,120.0,$150k-$316k,,True,
FL,Boca Raton Zip Market,33496,58.6,0.41208791208791207,182,75.0,182.0,182.0,854500.0,65.0,52.0,$457k-$550k,,True,
FL,Coral Springs Zip Market,33071,71.96,0.35911602209944754,181,65.0,181.0,181.0,406975.0,59.0,56.0,$218k-$460k,,True,
FL,Pompano Beach Zip Market,33076,63.69,0.5303867403314917,181,96.0,181.0,181.0,1081500.0,61.0,68.0,$579k-$550k,,True,
FL,Orlando Zip Market,32828,73.46,0.40555555555555556,180,73.0,180.0,180.0,492200.0,59.0,76.0,$263k-$550k,,True,
FL,Miami Zip Market,33134,47.89,0.2905027932960894,179,52.0,179.0,179.0,1117500.0,79.0,40.0,$598k-$550k,,True,
FL,Tampa Zip Market,33610,78.91,0.5393258426966292,178,96.0,178.0,178.0,325000.0,55.0,50.0,$174k-$367k,,True,
FL,Saint Augustine Zip Market,32095,75.24,0.5337078651685393,178,95.0,178.0,178.0,520000.0,66.0,90.0,$278k-$550k,,True,
FL,Bradenton Zip Market,34212,71.57,0.5,178,89.0,178.0,178.0,532450.0,76.0,74.0,$285k-$550k,,True,
FL,Miami Zip Market,33162,62.48,0.29775280898876405,178,53.0,178.0,178.0,302250.0,82.0,36.0,$162k-$342k,,True,
FL,Fort Myers Zip Market,33901,57.75,0.2247191011235955,178,40.0,178.0,178.0,280750.0,98.0,46.0,$150k-$317k,,True,
FL,Saint Petersburg Zip Market,33702,69.1,0.3502824858757062,177,62.0,177.0,177.0,360650.0,72.0,60.0,$193k-$408k,,True,
FL,West Palm Beach Zip Market,33412,49.43,0.3163841807909605,177,56.0,177.0,177.0,1117975.0,83.0,46.0,$598k-$550k,,True,
FL,Tampa Zip Market,33629,53.76,0.37714285714285717,175,66.0,175.0,175.0,1694950.0,80.0,52.0,$907k-$550k,,True,
FL,Placida Zip Market,33946,41.89,0.08571428571428572,175,15.0,175.0,175.0,644000.0,150.0,24.0,$345k-$550k,,True,
FL,Tampa Zip Market,33604,74.91,0.40804597701149425,174,71.0,174.0,174.0,415125.0,62.0,92.0,$222k-$469k,,True,
FL,Spring Hill Zip Market,34606,71.19,0.3218390804597701,174,56.0,174.0,174.0,299450.0,55.0,90.0,$160k-$338k,,True,
FL,Holiday Zip Market,34691,64.32,0.2471264367816092,174,43.0,174.0,174.0,253075.0,62.0,68.0,$135k-$286k,,True,
FL,West Palm Beach Zip Market,33407,74.31,0.5317919075144508,173,92.0,173.0,173.0,430000.0,76.0,46.0,$230k-$486k,,True,
FL,Groveland Zip Market,34736,77.32,0.5058139534883721,172,87.0,172.0,172.0,392725.0,66.0,88.0,$210k-$444k,,True,
FL,Saint Petersburg Zip Market,33705,66.43,0.30409356725146197,171,52.0,171.0,171.0,399900.0,71.0,76.0,$214k-$452k,,True,
FL,Yulee Zip Market,32097,79.83,0.6705882352941176,170,114.0,170.0,170.0,447375.0,65.0,66.0,$239k-$506k,,True,
FL,Hollywood Zip Market,33026,69.62,0.34705882352941175,170,59.0,170.0,170.0,328725.0,63.0,52.0,$176k-$371k,,True,
FL,Miami Zip Market,33176,64.48,0.3764705882352941,170,64.0,170.0,170.0,564750.0,63.0,32.0,$302k-$550k,,True,
FL,Winter Park Zip Market,32789,55.23,0.35294117647058826,170,60.0,170.0,170.0,1218000.0,66.0,68.0,$652k-$550k,,True,
FL,Boynton Beach Zip Market,33426,63.73,0.28402366863905326,169,48.0,169.0,169.0,299475.0,73.0,54.0,$160k-$338k,,True,
FL,Port Charlotte Zip Market,33953,62.92,0.3431952662721893,169,58.0,169.0,169.0,362000.0,116.0,34.0,$194k-$409k,,True,
FL,Oviedo Zip Market,32765,75.92,0.5059523809523809,168,85.0,168.0,168.0,516748.0,57.0,100.0,$276k-$550k,,True,
FL,Miami Zip Market,33186,71.07,0.48214285714285715,168,81.0,168.0,168.0,540450.0,58.0,38.0,$289k-$550k,,True,
FL,Miami Zip Market,33169,59.01,0.23809523809523808,168,40.0,168.0,168.0,255000.0,76.0,38.0,$136k-$288k,,True,
FL,Miami Zip Market,33143,40.24,0.20833333333333334,168,35.0,168.0,168.0,1093750.0,82.0,24.0,$585k-$550k,,True,
FL,Fort Myers Zip Market,33912,62.88,0.32335329341317365,167,54.0,167.0,167.0,442475.0,97.0,42.0,$237k-$500k,,True,
FL,Indian Rocks Beach Zip Market,33785,39.12,0.16463414634146342,164,27.0,164.0,164.0,717500.0,102.0,44.0,$384k-$550k,,True,
FL,Orlando Zip Market,32837,64.49,0.2962962962962963,162,48.0,162.0,162.0,398975.0,68.0,48.0,$213k-$451k,,True,
FL,Bradenton Zip Market,34205,60.51,0.2654320987654321,162,43.0,162.0,162.0,273500.0,89.0,60.0,$146k-$309k,,True,
FL,Sarasota Zip Market,34239,43.15,0.25308641975308643,162,41.0,162.0,162.0,1322000.0,96.0,42.0,$707k-$550k,,True,
FL,New Port Richey Zip Market,34653,74.62,0.39751552795031053,161,64.0,161.0,161.0,263650.0,53.0,76.0,$141k-$298k,,True,
FL,Bradenton Zip Market,34203,66.4,0.34782608695652173,161,56.0,161.0,161.0,375000.0,84.0,62.0,$201k-$424k,,True,
FL,Apopka Zip Market,32703,81.14,0.7375,160,118.0,160.0,160.0,401175.0,61.0,80.0,$215k-$453k,,True,
FL,Brandon Zip Market,33511,72.26,0.35625,160,57.0,160.0,160.0,381700.0,53.0,74.0,$204k-$431k,,True,
FL,Orlando Zip Market,32839,55.97,0.1625,160,26.0,160.0,160.0,162500.0,65.0,40.0,$130k-$184k,,True,
FL,Fort Myers Zip Market,33916,68.78,0.41509433962264153,159,66.0,159.0,159.0,284975.0,83.0,44.0,$152k-$322k,,True,
FL,Palm Harbor Zip Market,34683,72.11,0.4394904458598726,157,69.0,157.0,157.0,499950.0,61.0,68.0,$267k-$550k,,True,
FL,Jacksonville Zip Market,32208,70.57,0.4012738853503185,157,63.0,157.0,157.0,184350.0,76.0,78.0,$130k-$208k,,True,
FL,Bradenton Zip Market,34208,65.55,0.33121019108280253,157,52.0,157.0,157.0,453750.0,75.0,56.0,$243k-$513k,,True,
FL,Jacksonville Zip Market,32216,67.78,0.3096774193548387,155,48.0,155.0,155.0,254245.0,58.0,72.0,$136k-$287k,,True,
FL,Fort Lauderdale Zip Market,33315,52.01,0.2645161290322581,155,41.0,155.0,155.0,580875.0,78.0,24.0,$311k-$550k,,True,
FL,Spring Hill Zip Market,34608,78.4,0.5909090909090909,154,91.0,154.0,154.0,340487.0,63.0,84.0,$182k-$385k,,True,
FL,Altamonte Springs Zip Market,32714,66.49,0.3051948051948052,154,47.0,154.0,154.0,220000.0,60.0,58.0,$130k-$249k,,True,
FL,Punta Gorda Zip Market,33980,57.05,0.24675324675324675,154,38.0,154.0,154.0,294923.0,105.0,48.0,$158k-$333k,,True,
FL,Miami Zip Market,33196,54.7,0.2727272727272727,154,42.0,154.0,154.0,624000.0,60.0,32.0,$334k-$550k,,True,
FL,Clearwater Zip Market,33764,58.85,0.24836601307189543,153,38.0,153.0,153.0,286975.0,88.0,60.0,$154k-$324k,,True,
FL,Saint Petersburg Zip Market,33710,69.65,0.37748344370860926,151,57.0,151.0,151.0,456000.0,68.0,72.0,$244k-$515k,,True,
FL,Tampa Zip Market,33617,64.97,0.2781456953642384,151,42.0,151.0,151.0,318874.0,63.0,80.0,$171k-$360k,,True,
FL,Punta Gorda Zip Market,33983,60.93,0.2980132450331126,151,45.0,151.0,151.0,348000.0,93.0,52.0,$186k-$393k,,True,
FL,Jupiter Zip Market,33469,43.94,0.2781456953642384,151,42.0,151.0,151.0,799125.0,83.0,32.0,$428k-$550k,,True,
FL,Lake Mary Zip Market,32746,75.13,0.4666666666666667,150,70.0,150.0,150.0,444875.0,61.0,80.0,$238k-$503k,,True,
FL,Dade City Zip Market,33525,72.15,0.47333333333333333,150,71.0,150.0,150.0,399900.0,73.0,54.0,$214k-$452k,,True,
FL,Homestead Zip Market,33030,42.96,0.24,150,36.0,150.0,150.0,770750.0,79.0,44.0,$412k-$550k,,True,
FL,Orlando Zip Market,32808,72.35,0.38926174496644295,149,58.0,149.0,149.0,285000.0,52.0,52.0,$152k-$322k,,True,
FL,Hobe Sound Zip Market,33455,47.17,0.26174496644295303,149,39.0,149.0,149.0,696450.0,86.0,42.0,$373k-$550k,,True,
FL,Brooksville Zip Market,34613,76.19,0.5374149659863946,147,79.0,147.0,147.0,373725.0,61.0,62.0,$200k-$422k,,True,
FL,Englewood Zip Market,34224,64.56,0.3741496598639456,147,55.0,147.0,147.0,324700.0,94.0,42.0,$174k-$367k,,True,
FL,Orlando Zip Market,32811,57.81,0.24489795918367346,147,36.0,147.0,147.0,200000.0,82.0,46.0,$130k-$226k,,True,
FL,Zephyrhills Zip Market,33541,74.2,0.815068493150685,146,119.0,146.0,146.0,356673.0,93.0,40.0,$191k-$403k,,True,
FL,Jacksonville Zip Market,32246,73.63,0.4041095890410959,146,59.0,146.0,146.0,323950.0,57.0,92.0,$173k-$366k,,True,
FL,West Palm Beach Zip Market,33409,55.97,0.23972602739726026,146,35.0,146.0,146.0,237375.0,82.0,30.0,$130k-$268k,,True,
FL,Fort Lauderdale Zip Market,33317,65.91,0.4,145,58.0,145.0,145.0,509975.0,70.0,42.0,$273k-$550k,,True,
FL,Sarasota Zip Market,34232,62.86,0.2896551724137931,145,42.0,145.0,145.0,349450.0,69.0,52.0,$187k-$395k,,True,
FL,Hollywood Zip Market,33029,55.43,0.4,145,58.0,145.0,145.0,814450.0,57.0,36.0,$436k-$550k,,True,
FL,Delray Beach Zip Market,33444,43.46,0.296551724137931,145,43.0,145.0,145.0,779750.0,88.0,26.0,$417k-$550k,,True,
FL,Oldsmar Zip Market,34677,64.83,0.3194444444444444,144,46.0,144.0,144.0,359700.0,71.0,58.0,$192k-$406k,,True,
FL,Sarasota Zip Market,34241,64.66,0.6736111111111112,144,97.0,144.0,144.0,667138.0,85.0,56.0,$357k-$550k,,True,
FL,Hollywood Zip Market,33023,71.06,0.5524475524475524,143,79.0,143.0,143.0,499750.0,63.0,28.0,$267k-$550k,,True,
FL,Hialeah Zip Market,33018,62.36,0.32867132867132864,143,47.0,143.0,143.0,540000.0,57.0,38.0,$289k-$550k,,True,
FL,Jacksonville Zip Market,32224,80.68,0.8865248226950354,141,125.0,141.0,141.0,456175.0,56.0,58.0,$244k-$515k,,True,
FL,Deltona Zip Market,32738,75.05,0.5531914893617021,141,78.0,141.0,141.0,327500.0,63.0,48.0,$175k-$370k,,True,
FL,Bradenton Zip Market,34207,49.77,0.2127659574468085,141,30.0,141.0,141.0,139400.0,96.0,32.0,$130k-$158k,,True,
FL,Jacksonville Zip Market,32225,79.02,0.5571428571428572,140,78.0,140.0,140.0,425975.0,49.0,78.0,$228k-$481k,,True,
FL,Winter Park Zip Market,32792,70.23,0.38571428571428573,140,54.0,140.0,140.0,437475.0,62.0,62.0,$234k-$494k,,True,
FL,Key Biscayne Zip Market,33149,39.88,0.2642857142857143,140,37.0,140.0,140.0,2682500.0,88.0,18.0,"$1,435k-$550k",,True,
FL,Clearwater Zip Market,33755,66.96,0.35251798561151076,139,49.0,139.0,139.0,425000.0,70.0,62.0,$227k-$480k,,True,
FL,Deland Zip Market,32720,75.99,0.5072463768115942,138,70.0,138.0,138.0,377497.0,54.0,58.0,$202k-$427k,,True,
FL,Clermont Zip Market,34715,72.84,0.855072463768116,138,118.0,138.0,138.0,540000.0,78.0,62.0,$289k-$550k,,True,
FL,Brooksville Zip Market,34614,60.56,0.2971014492753623,138,41.0,138.0,138.0,392238.0,91.0,60.0,$210k-$443k,,True,
FL,Miami Zip Market,33166,54.34,0.31386861313868614,137,43.0,137.0,137.0,574975.0,73.0,20.0,$308k-$550k,,True,
FL,Captiva Zip Market,33924,31.32,0.0948905109489051,137,13.0,137.0,137.0,1499000.0,170.0,14.0,$802k-$550k,,True,
FL,Alva Zip Market,33920,56.0,0.2426470588235294,136,33.0,136.0,136.0,418197.0,89.0,44.0,$224k-$473k,,True,
FL,Miami Zip Market,33127,37.92,0.15441176470588236,136,21.0,136.0,136.0,930000.0,66.0,20.0,$498k-$550k,,True,
FL,Ocoee Zip Market,34761,75.08,0.562962962962963,135,76.0,135.0,135.0,422473.0,63.0,54.0,$226k-$477k,,True,
FL,New Port Richey Zip Market,34654,62.26,0.2518518518518518,135,34.0,135.0,135.0,338475.0,58.0,60.0,$181k-$382k,,True,
FL,Jacksonville Zip Market,32207,73.39,0.40298507462686567,134,54.0,134.0,134.0,359000.0,49.0,72.0,$192k-$406k,,True,
FL,Hialeah Zip Market,33012,62.25,0.3283582089552239,134,44.0,134.0,134.0,269900.0,70.0,28.0,$144k-$305k,,True,
FL,Fort Lauderdale Zip Market,33323,54.53,0.26119402985074625,134,35.0,134.0,134.0,529975.0,74.0,38.0,$284k-$550k,,True,
FL,Winter Springs Zip Market,32708,75.44,0.5757575757575758,132,76.0,132.0,132.0,420748.0,65.0,70.0,$225k-$475k,,True,
FL,Lutz Zip Market,33558,66.21,0.36363636363636365,132,48.0,132.0,132.0,487200.0,65.0,64.0,$261k-$550k,,True,
FL,Dania Zip Market,33004,56.3,0.24242424242424243,132,32.0,132.0,132.0,349000.0,76.0,36.0,$187k-$394k,,True,
FL,Saint Petersburg Zip Market,33713,75.1,0.5343511450381679,131,70.0,131.0,131.0,465125.0,58.0,74.0,$249k-$526k,,True,
FL,Lithia Zip Market,33547,64.49,0.3816793893129771,131,50.0,131.0,131.0,567000.0,62.0,78.0,$303k-$550k,,True,
FL,Lake Worth Beach Zip Market,33460,60.85,0.3282442748091603,131,43.0,131.0,131.0,493225.0,73.0,42.0,$264k-$550k,,True,
FL,Miami Zip Market,33193,59.82,0.32061068702290074,131,42.0,131.0,131.0,359750.0,75.0,22.0,$192k-$407k,,True,
FL,Orlando Zip Market,32836,41.83,0.24427480916030533,131,32.0,131.0,131.0,1090000.0,75.0,40.0,$583k-$550k,,True,
FL,Orange Park Zip Market,32065,75.93,0.5230769230769231,130,68.0,130.0,130.0,339575.0,54.0,68.0,$182k-$384k,,True,
FL,Jacksonville Zip Market,32219,75.02,0.7307692307692307,130,95.0,130.0,130.0,312495.0,73.0,50.0,$167k-$353k,,True,
FL,Saint Cloud Zip Market,34769,61.26,0.2846153846153846,130,37.0,130.0,130.0,329000.0,71.0,58.0,$176k-$372k,,True,
FL,Fort Lauderdale Zip Market,33351,60.48,0.3076923076923077,130,40.0,130.0,130.0,301975.0,74.0,36.0,$162k-$341k,,True,
FL,Sarasota Zip Market,34235,57.34,0.2890625,128,37.0,128.0,128.0,291250.0,93.0,38.0,$156k-$329k,,True,
FL,Orlando Zip Market,32801,49.09,0.109375,128,14.0,128.0,128.0,364250.0,109.0,38.0,$195k-$412k,,True,
FL,West Palm Beach Zip Market,33405,43.3,0.2755905511811024,127,35.0,127.0,127.0,2870000.0,72.0,32.0,"$1,535k-$550k",,True,
FL,Tampa Zip Market,33619,62.65,0.2777777777777778,126,35.0,126.0,126.0,359675.0,59.0,58.0,$192k-$406k,,True,
FL,Altamonte Springs Zip Market,32701,56.93,0.2222222222222222,126,28.0,126.0,126.0,190000.0,73.0,60.0,$130k-$215k,,True,
FL,Orange Park Zip Market,32073,72.54,0.432,125,54.0,125.0,125.0,329625.0,54.0,64.0,$176k-$372k,,True,
FL,Titusville Zip Market,32796,63.46,0.328,125,41.0,125.0,125.0,304950.0,70.0,52.0,$163k-$345k,,True,
FL,San Antonio Zip Market,33576,60.58,0.344,125,43.0,125.0,125.0,352000.0,104.0,44.0,$188k-$398k,,True,
FL,Miami Zip Market,33177,53.32,0.328,125,41.0,125.0,125.0,657875.0,67.0,36.0,$352k-$550k,,True,
FL,Miami Zip Market,33145,37.21,0.192,125,24.0,125.0,125.0,817425.0,82.0,32.0,$437k-$550k,,True,
FL,Jacksonville Zip Market,32226,62.5,0.31451612903225806,124,39.0,124.0,124.0,440000.0,73.0,62.0,$235k-$497k,,True,
FL,Sarasota Zip Market,34240,56.17,0.5040650406504065,123,62.0,123.0,123.0,948500.0,61.0,32.0,$507k-$550k,,True,
FL,Port Charlotte Zip Market,33954,66.83,0.39344262295081966,122,48.0,122.0,122.0,337950.0,69.0,46.0,$181k-$382k,,True,
FL,Miami Zip Market,33125,49.34,0.16393442622950818,122,20.0,122.0,122.0,493250.0,70.0,20.0,$264k-$550k,,True,
FL,Fort Lauderdale Zip Market,33328,63.39,0.33884297520661155,121,41.0,121.0,121.0,544950.0,43.0,42.0,$292k-$550k,,True,
FL,Orlando Zip Market,32806,63.35,0.371900826446281,121,45.0,121.0,121.0,509000.0,69.0,54.0,$272k-$550k,,True,
FL,Sarasota Zip Market,34234,51.18,0.21487603305785125,121,26.0,121.0,121.0,449950.0,97.0,28.0,$241k-$508k,,True,
FL,Miami Zip Market,33175,46.46,0.3305785123966942,121,40.0,121.0,121.0,842250.0,70.0,30.0,$451k-$550k,,True,
FL,Boynton Beach Zip Market,33472,61.76,0.36134453781512604,119,43.0,119.0,119.0,404250.0,82.0,34.0,$216k-$457k,,True,
FL,Pompano Beach Zip Market,33067,51.91,0.3865546218487395,119,46.0,119.0,119.0,782500.0,54.0,26.0,$419k-$550k,,True,
FL,Tampa Zip Market,33609,47.4,0.31932773109243695,119,38.0,119.0,119.0,794000.0,71.0,54.0,$425k-$550k,,True,
FL,Boca Raton Zip Market,33431,46.48,0.36134453781512604,119,43.0,119.0,119.0,764750.0,77.0,26.0,$409k-$550k,,True,
FL,Brooksville Zip Market,34601,66.55,0.5641025641025641,117,66.0,117.0,117.0,480000.0,97.0,36.0,$257k-$542k,,True,
FL,Miami Zip Market,33126,54.9,0.28205128205128205,117,33.0,117.0,117.0,303700.0,79.0,18.0,$162k-$343k,,True,
FL,Saint Petersburg Zip Market,33714,66.16,0.6551724137931034,116,76.0,116.0,116.0,198875.0,100.0,14.0,$130k-$225k,,True,
FL,Fort Myers Zip Market,33967,63.66,0.41379310344827586,116,48.0,116.0,116.0,393225.0,85.0,30.0,$210k-$444k,,True,
FL,Venice Zip Market,34292,62.23,0.3793103448275862,116,44.0,116.0,116.0,420750.0,81.0,30.0,$225k-$475k,,True,
FL,Miami Zip Market,33155,44.05,0.3103448275862069,116,36.0,116.0,116.0,796000.0,67.0,22.0,$426k-$550k,,True,
FL,Clearwater Zip Market,33761,61.17,0.30434782608695654,115,35.0,115.0,115.0,249925.0,70.0,56.0,$134k-$282k,,True,
FL,Orlando Zip Market,32825,75.18,0.5877192982456141,114,67.0,114.0,114.0,418750.0,51.0,44.0,$224k-$473k,,True,
FL,Tampa Zip Market,33614,61.84,0.3333333333333333,114,38.0,114.0,114.0,426250.0,79.0,58.0,$228k-$482k,,True,
FL,Jacksonville Zip Market,32206,56.28,0.22807017543859648,114,26.0,114.0,114.0,189925.0,69.0,50.0,$130k-$215k,,True,
FL,Riverview Zip Market,33569,73.2,0.48672566371681414,113,55.0,113.0,113.0,418750.0,50.0,50.0,$224k-$473k,,True,
FL,Saint Petersburg Zip Market,33704,48.53,0.3893805309734513,113,44.0,113.0,113.0,1100000.0,76.0,34.0,$588k-$550k,,True,
FL,Longwood Zip Market,32779,69.38,0.5357142857142857,112,60.0,112.0,112.0,531000.0,56.0,46.0,$284k-$550k,,True,
FL,Spring Hill Zip Market,34607,55.64,0.26785714285714285,112,30.0,112.0,112.0,506750.0,66.0,40.0,$271k-$550k,,True,
FL,Jacksonville Zip Market,32258,75.43,0.5315315315315315,111,59.0,111.0,111.0,370725.0,46.0,62.0,$198k-$419k,,True,
FL,Jacksonville Zip Market,32257,73.03,0.4594594594594595,111,51.0,111.0,111.0,371623.0,51.0,70.0,$199k-$420k,,True,
FL,Boca Raton Zip Market,33486,48.46,0.3333333333333333,111,37.0,111.0,111.0,760750.0,61.0,42.0,$407k-$550k,,True,
FL,Fort Lauderdale Zip Market,33325,55.46,0.38181818181818183,110,42.0,110.0,110.0,659425.0,59.0,26.0,$353k-$550k,,True,
FL,Tampa Zip Market,33603,54.97,0.2545454545454545,110,28.0,110.0,110.0,503350.0,74.0,64.0,$269k-$550k,,True,
FL,Orlando Zip Market,32812,68.97,0.44036697247706424,109,48.0,109.0,109.0,339975.0,63.0,50.0,$182k-$384k,,True,
FL,Largo Zip Market,33770,58.6,0.29357798165137616,109,32.0,109.0,109.0,414450.0,70.0,38.0,$222k-$468k,,True,
FL,Summerland Key Zip Market,33042,34.81,0.22935779816513763,109,25.0,109.0,109.0,1299250.0,94.0,20.0,$695k-$550k,,True,
FL,Islamorada Zip Market,33036,31.52,0.1559633027522936,109,17.0,109.0,109.0,2667500.0,114.0,22.0,"$1,427k-$550k",,True,
FL,Sanford Zip Market,32773,69.92,0.4444444444444444,108,48.0,108.0,108.0,321172.0,57.0,48.0,$172k-$363k,,True,
FL,Miami Zip Market,33183,66.06,0.4351851851851852,108,47.0,108.0,108.0,365000.0,74.0,42.0,$195k-$412k,,True,
FL,Fort Myers Zip Market,33966,58.82,0.3333333333333333,108,36.0,108.0,108.0,297375.0,84.0,34.0,$159k-$336k,,True,
FL,Tavernier Zip Market,33070,33.65,0.21296296296296297,108,23.0,108.0,108.0,895000.0,104.0,22.0,$479k-$550k,,True,
FL,Largo Zip Market,33774,63.02,0.411214953271028,107,44.0,107.0,107.0,359725.0,83.0,32.0,$192k-$406k,,True,
FL,Land O Lakes Zip Market,34637,61.35,0.3113207547169811,106,33.0,106.0,106.0,432250.0,64.0,48.0,$231k-$488k,,True,
FL,Fort Lauderdale Zip Market,33331,39.47,0.25471698113207547,106,27.0,106.0,106.0,1057248.0,71.0,26.0,$566k-$550k,,True,
FL,Osprey Zip Market,34229,39.31,0.25471698113207547,106,27.0,106.0,106.0,699750.0,97.0,18.0,$374k-$550k,,True,
FL,Miami Zip Market,33172,58.08,0.3523809523809524,105,37.0,105.0,105.0,317500.0,75.0,14.0,$170k-$359k,,True,
FL,Tampa Zip Market,33606,40.69,0.2857142857142857,105,30.0,105.0,105.0,1337125.0,85.0,38.0,$715k-$550k,,True,
FL,Orlando Zip Market,32818,66.17,0.47115384615384615,104,49.0,104.0,104.0,352613.0,73.0,32.0,$189k-$398k,,True,
FL,Saint Petersburg Zip Market,33712,58.39,0.27884615384615385,104,29.0,104.0,104.0,427000.0,66.0,44.0,$228k-$483k,,True,
FL,Zephyrhills Zip Market,33542,54.03,0.25,104,26.0,104.0,104.0,268250.0,80.0,40.0,$144k-$303k,,True,
FL,Miami Zip Market,33170,47.71,0.3076923076923077,104,32.0,104.0,104.0,636625.0,76.0,22.0,$341k-$550k,,True,
FL,Tampa Zip Market,33624,70.12,0.4368932038834951,103,45.0,103.0,103.0,449975.0,52.0,50.0,$241k-$508k,,True,
FL,Kissimmee Zip Market,34743,62.86,0.3592233009708738,103,37.0,103.0,103.0,338000.0,62.0,30.0,$181k-$382k,,True,
FL,Jacksonville Zip Market,32221,74.18,0.5686274509803921,102,58.0,102.0,102.0,322475.0,52.0,56.0,$173k-$364k,,True,
FL,Wesley Chapel Zip Market,33544,59.47,0.27450980392156865,102,28.0,102.0,102.0,450000.0,55.0,38.0,$241k-$508k,,True,
FL,Valrico Zip Market,33594,73.09,0.55,100,55.0,100.0,100.0,434725.0,54.0,54.0,$233k-$491k,,True,
FL,Tampa Zip Market,33618,66.42,0.39,100,39.0,100.0,100.0,343675.0,58.0,46.0,$184k-$388k,,True,
FL,Seminole Zip Market,33777,64.91,0.36,100,36.0,100.0,100.0,329900.0,61.0,56.0,$176k-$373k,,True,
FL,Miami Zip Market,33173,61.17,0.39,100,39.0,100.0,100.0,387000.0,81.0,30.0,$207k-$437k,,True,
FL,Miami Zip Market,33167,53.27,0.31313131313131315,99,31.0,99.0,99.0,530000.0,76.0,28.0,$284k-$550k,,True,
FL,Debary Zip Market,32713,73.3,0.5612244897959183,98,55.0,98.0,98.0,414975.0,48.0,42.0,$222k-$469k,,True,
FL,Tampa Zip Market,33612,64.89,0.37755102040816324,98,37.0,98.0,98.0,374000.0,61.0,44.0,$200k-$423k,,True,
FL,Maitland Zip Market,32751,58.61,0.3673469387755102,98,36.0,98.0,98.0,549745.0,71.0,52.0,$294k-$550k,,True,
FL,Sarasota Zip Market,34233,55.22,0.2755102040816326,98,27.0,98.0,98.0,330600.0,75.0,34.0,$177k-$374k,,True,
FL,Orlando Zip Market,32829,66.75,0.4166666666666667,96,40.0,96.0,96.0,429750.0,59.0,40.0,$230k-$486k,,True,
FL,Saint Cloud Zip Market,34773,60.15,0.40625,96,39.0,96.0,96.0,400000.0,93.0,26.0,$214k-$452k,,True,
FL,Orlando Zip Market,32804,56.48,0.3854166666666667,96,37.0,96.0,96.0,610500.0,71.0,50.0,$327k-$550k,,True,
FL,Tampa Zip Market,33626,67.78,0.49473684210526314,95,47.0,95.0,95.0,498725.0,57.0,46.0,$267k-$550k,,True,
FL,Miami Zip Market,33147,67.23,0.4842105263157895,95,46.0,95.0,95.0,494000.0,51.0,28.0,$264k-$550k,,True,
FL,Pompano Beach Zip Market,33073,64.83,0.43157894736842106,95,41.0,95.0,95.0,486225.0,59.0,32.0,$260k-$549k,,True,
FL,Seminole Zip Market,33772,64.31,0.44680851063829785,94,42.0,94.0,94.0,344725.0,71.0,28.0,$184k-$390k,,True,
FL,Orlando Zip Market,32810,61.75,0.35106382978723405,94,33.0,94.0,94.0,320000.0,66.0,40.0,$171k-$362k,,True,
FL,Largo Zip Market,33771,58.1,0.2978723404255319,94,28.0,94.0,94.0,281450.0,65.0,36.0,$151k-$318k,,True,
FL,Land O Lakes Zip Market,34639,69.49,0.43010752688172044,93,40.0,93.0,93.0,420000.0,47.0,48.0,$225k-$475k,,True,
FL,Eustis Zip Market,32726,67.8,0.6021505376344086,93,56.0,93.0,93.0,332900.0,74.0,30.0,$178k-$376k,,True,
FL,Hialeah Zip Market,33016,61.13,0.3655913978494624,93,34.0,93.0,93.0,311250.0,64.0,24.0,$167k-$352k,,True,
FL,Tampa Zip Market,33616,58.03,0.34408602150537637,93,32.0,93.0,93.0,525000.0,68.0,48.0,$281k-$550k,,True,
FL,Tampa Zip Market,33607,52.51,0.22580645161290322,93,21.0,93.0,93.0,465000.0,66.0,34.0,$249k-$525k,,True,
FL,Tampa Zip Market,33605,67.49,0.40217391304347827,92,37.0,92.0,92.0,332500.0,52.0,48.0,$178k-$376k,,True,
FL,Pinellas Park Zip Market,33782,66.65,0.5217391304347826,92,48.0,92.0,92.0,318888.0,73.0,36.0,$171k-$360k,,True,
FL,Valrico Zip Market,33596,66.62,0.5054945054945055,91,46.0,91.0,91.0,505000.0,63.0,50.0,$270k-$550k,,True,
FL,Fort Lauderdale Zip Market,33327,44.85,0.32967032967032966,91,30.0,91.0,91.0,1049900.0,64.0,34.0,$562k-$550k,,True,
FL,Montverde Zip Market,34756,33.57,0.26373626373626374,91,24.0,91.0,91.0,1361000.0,98.0,14.0,$728k-$550k,,True,
FL,Pinellas Park Zip Market,33781,70.61,0.5555555555555556,90,50.0,90.0,90.0,324500.0,60.0,48.0,$174k-$367k,,True,
FL,Orlando Zip Market,32803,58.91,0.3707865168539326,89,33.0,89.0,89.0,578675.0,51.0,38.0,$310k-$550k,,True,
FL,Saint James City Zip Market,33956,38.31,0.14606741573033707,89,13.0,89.0,89.0,554450.0,121.0,16.0,$297k-$550k,,True,
FL,Seffner Zip Market,33584,65.36,0.36363636363636365,88,32.0,88.0,88.0,399950.0,50.0,52.0,$214k-$452k,,True,
FL,Orange City Zip Market,32763,63.14,0.36363636363636365,88,32.0,88.0,88.0,328400.0,58.0,42.0,$176k-$371k,,True,
FL,Miami Zip Market,33190,49.03,0.2159090909090909,88,19.0,88.0,88.0,422475.0,76.0,24.0,$226k-$477k,,True,
FL,North Port Zip Market,34291,48.35,0.26136363636363635,88,23.0,88.0,88.0,379675.0,91.0,14.0,$203k-$429k,,True,
FL,Fleming Island Zip Market,32003,70.27,0.5632183908045977,87,49.0,87.0,87.0,495725.0,45.0,44.0,$265k-$550k,,True,
FL,Miami Zip Market,33165,47.49,0.39080459770114945,87,34.0,87.0,87.0,751750.0,55.0,20.0,$402k-$550k,,True,
FL,West Palm Beach Zip Market,33403,37.9,0.2988505747126437,87,26.0,87.0,87.0,1308250.0,88.0,28.0,$700k-$550k,,True,
FL,Palm Harbor Zip Market,34685,60.98,0.37209302325581395,86,32.0,86.0,86.0,422450.0,68.0,38.0,$226k-$477k,,True,
FL,Safety Harbor Zip Market,34695,52.67,0.32558139534883723,86,28.0,86.0,86.0,624975.0,50.0,28.0,$334k-$550k,,True,
FL,Seminole Zip Market,33776,52.2,0.313953488372093,86,27.0,86.0,86.0,544700.0,77.0,44.0,$291k-$550k,,True,
FL,Lake Worth Zip Market,33449,42.26,0.3176470588235294,85,27.0,85.0,85.0,957500.0,66.0,30.0,$512k-$550k,,True,
FL,Plant City Zip Market,33565,65.83,0.47619047619047616,84,40.0,84.0,84.0,452225.0,62.0,34.0,$242k-$511k,,True,
FL,Dade City Zip Market,33523,62.06,0.4642857142857143,84,39.0,84.0,84.0,314800.0,82.0,32.0,$168k-$356k,,True,
FL,Miami Zip Market,33150,46.63,0.27380952380952384,84,23.0,84.0,84.0,524700.0,87.0,20.0,$281k-$550k,,True,
FL,Jupiter Zip Market,33478,44.42,0.36904761904761907,84,31.0,84.0,84.0,1441250.0,72.0,32.0,$771k-$550k,,True,
FL,Fort Lauderdale Zip Market,33314,52.3,0.3132530120481928,83,26.0,83.0,83.0,381250.0,91.0,22.0,$204k-$431k,,True,
FL,Sarasota Zip Market,34237,45.55,0.20481927710843373,83,17.0,83.0,83.0,359000.0,97.0,22.0,$192k-$406k,,True,
FL,Lake City Zip Market,32025,45.33,0.21951219512195122,82,18.0,82.0,82.0,276225.0,93.0,16.0,$148k-$312k,,True,
FL,Miami Zip Market,33187,35.45,0.23170731707317074,82,19.0,82.0,82.0,899000.0,61.0,16.0,$481k-$550k,,True,
FL,Casselberry Zip Market,32707,68.88,0.5432098765432098,81,44.0,81.0,81.0,337425.0,48.0,26.0,$181k-$381k,,True,
FL,Jacksonville Zip Market,32277,62.12,0.375,80,30.0,80.0,80.0,321000.0,60.0,40.0,$172k-$363k,,True,
FL,Bokeelia Zip Market,33922,37.63,0.13924050632911392,79,11.0,79.0,79.0,549250.0,103.0,18.0,$294k-$550k,,True,
FL,Jacksonville Zip Market,32223,68.35,0.6153846153846154,78,48.0,78.0,78.0,519450.0,48.0,42.0,$278k-$550k,,True,
FL,Brandon Zip Market,33510,66.28,0.46153846153846156,78,36.0,78.0,78.0,365000.0,53.0,34.0,$195k-$412k,,True,
FL,Orlando Zip Market,32807,65.57,0.5384615384615384,78,42.0,78.0,78.0,348225.0,61.0,22.0,$186k-$393k,,True,
FL,Orlando Zip Market,32809,54.31,0.34615384615384615,78,27.0,78.0,78.0,294975.0,80.0,18.0,$158k-$333k,,True,
FL,Miami Zip Market,33189,51.0,0.3974358974358974,78,31.0,78.0,78.0,599950.0,77.0,20.0,$321k-$550k,,True,
FL,Clearwater Zip Market,33759,49.58,0.2564102564102564,78,20.0,78.0,78.0,173725.0,76.0,26.0,$130k-$196k,,True,
FL,Jacksonville Zip Market,32211,71.36,0.6363636363636364,77,49.0,77.0,77.0,264974.0,43.0,32.0,$142k-$299k,,True,
FL,Leesburg Zip Market,34788,54.38,0.33766233766233766,77,26.0,77.0,77.0,327623.0,94.0,34.0,$175k-$370k,,True,
FL,Anna Maria Zip Market,34216,23.67,0.03896103896103896,77,3.0,77.0,77.0,3272500.0,135.0,10.0,"$1,751k-$550k",,True,
FL,Atlantic Beach Zip Market,32233,64.74,0.5394736842105263,76,41.0,76.0,76.0,469450.0,71.0,42.0,$251k-$530k,,True,
FL,Brooksville Zip Market,34604,56.03,0.3026315789473684,76,23.0,76.0,76.0,369950.0,66.0,42.0,$198k-$418k,,True,
FL,Big Pine Key Zip Market,33043,28.73,0.21052631578947367,76,16.0,76.0,76.0,936750.0,99.0,16.0,$501k-$550k,,True,
FL,Hudson Zip Market,34669,64.04,0.4,75,30.0,75.0,75.0,340000.0,46.0,30.0,$182k-$384k,,True,
FL,Jacksonville Zip Market,32217,67.24,0.4864864864864865,74,36.0,74.0,74.0,341950.0,51.0,40.0,$183k-$386k,,True,
FL,Wildwood Zip Market,34785,63.72,0.7162162162162162,74,53.0,74.0,74.0,304445.0,103.0,28.0,$163k-$344k,,True,
FL,Jacksonville Zip Market,32254,67.79,0.6027397260273972,73,44.0,73.0,73.0,163500.0,52.0,36.0,$130k-$185k,,True,
FL,Tampa Zip Market,33625,63.61,0.410958904109589,73,30.0,73.0,73.0,466000.0,50.0,36.0,$249k-$527k,,True,
FL,Miami Zip Market,33168,56.6,0.5205479452054794,73,38.0,73.0,73.0,580000.0,71.0,22.0,$310k-$550k,,True,
FL,Miami Zip Market,33142,60.99,0.6527777777777778,72,47.0,72.0,72.0,516200.0,72.0,18.0,$276k-$550k,,True,
FL,Clearwater Zip Market,33760,46.05,0.2222222222222222,72,16.0,72.0,72.0,214625.0,85.0,26.0,$130k-$243k,,True,
FL,Hialeah Zip Market,33014,58.98,0.4084507042253521,71,29.0,71.0,71.0,426225.0,65.0,18.0,$228k-$482k,,True,
FL,Eustis Zip Market,32736,46.52,0.28169014084507044,71,20.0,71.0,71.0,584475.0,67.0,30.0,$313k-$550k,,True,
FL,Clewiston Zip Market,33440,44.82,0.22535211267605634,71,16.0,71.0,71.0,389925.0,105.0,26.0,$209k-$441k,,True,
FL,Jacksonville Zip Market,32222,57.41,0.32857142857142857,70,23.0,70.0,70.0,329998.0,61.0,38.0,$177k-$373k,,True,
FL,Lake City Zip Market,32024,56.92,0.4,70,28.0,70.0,70.0,417838.0,71.0,16.0,$224k-$472k,,True,
FL,Umatilla Zip Market,32784,48.27,0.2857142857142857,70,20.0,70.0,70.0,375000.0,96.0,22.0,$201k-$424k,,True,
FL,West Palm Beach Zip Market,33413,54.38,0.391304347826087,69,27.0,69.0,69.0,530000.0,67.0,22.0,$284k-$550k,,True,
FL,Arcadia Zip Market,34266,46.65,0.2898550724637681,69,20.0,69.0,69.0,320000.0,103.0,14.0,$171k-$362k,,True,
FL,Tarpon Springs Zip Market,34688,39.13,0.17391304347826086,69,12.0,69.0,69.0,524600.0,90.0,20.0,$281k-$550k,,True,
FL,Plant City Zip Market,33563,62.07,0.5,68,34.0,68.0,68.0,324900.0,68.0,26.0,$174k-$367k,,True,
FL,Miami Zip Market,33146,27.69,0.22058823529411764,68,15.0,68.0,68.0,2616500.0,94.0,14.0,"$1,400k-$550k",,True,
FL,West Palm Beach Zip Market,33406,58.48,0.3880597014925373,67,26.0,67.0,67.0,365972.0,61.0,22.0,$196k-$414k,,True,
FL,Orlando Zip Market,32805,47.48,0.2537313432835821,67,17.0,67.0,67.0,283500.0,81.0,26.0,$152k-$320k,,True,
FL,Boca Grande Zip Market,33921,20.36,0.11940298507462686,67,8.0,67.0,67.0,3250000.0,163.0,2.0,"$1,739k-$550k",,True,
FL,Lutz Zip Market,33549,61.68,0.4153846153846154,65,27.0,65.0,65.0,456975.0,57.0,36.0,$244k-$516k,,True,
FL,Miami Zip Market,33185,41.59,0.3076923076923077,65,20.0,65.0,65.0,695725.0,61.0,18.0,$372k-$550k,,True,
FL,Miami Zip Market,33135,32.15,0.27692307692307694,65,18.0,65.0,65.0,845975.0,81.0,16.0,$453k-$550k,,True,
FL,Opa Locka Zip Market,33054,64.65,0.671875,64,43.0,64.0,64.0,489950.0,57.0,22.0,$262k-$550k,,True,
FL,Spring Hill Zip Market,34610,57.86,0.375,64,24.0,64.0,64.0,479675.0,57.0,30.0,$257k-$542k,,True,
FL,Tampa Zip Market,33634,54.06,0.328125,64,21.0,64.0,64.0,434900.0,67.0,26.0,$233k-$491k,,True,
FL,Tampa Zip Market,33613,61.44,0.4126984126984127,63,26.0,63.0,63.0,217925.0,51.0,24.0,$130k-$246k,,True,
FL,The Villages Zip Market,34762,52.51,0.2698412698412698,63,17.0,63.0,63.0,379925.0,49.0,20.0,$203k-$429k,,True,
FL,Largo Zip Market,33773,54.65,0.3548387096774194,62,22.0,62.0,62.0,276000.0,63.0,16.0,$148k-$312k,,True,
FL,Boca Raton Zip Market,33498,52.02,0.5967741935483871,62,37.0,62.0,62.0,799000.0,50.0,28.0,$427k-$550k,,True,
FL,Arcadia Zip Market,34269,36.46,0.14516129032258066,62,9.0,62.0,62.0,442000.0,115.0,6.0,$236k-$499k,,True,
FL,Sorrento Zip Market,32776,52.69,0.3442622950819672,61,21.0,61.0,61.0,483750.0,69.0,26.0,$259k-$547k,,True,
FL,Lake City Zip Market,32055,44.66,0.2459016393442623,61,15.0,61.0,61.0,349725.0,90.0,22.0,$187k-$395k,,True,
FL,Bradenton Zip Market,34201,36.48,0.2459016393442623,61,15.0,61.0,61.0,604500.0,108.0,20.0,$323k-$550k,,True,
FL,Holiday Zip Market,34690,54.65,0.3,60,18.0,60.0,60.0,260500.0,43.0,20.0,$139k-$294k,,True,
FL,Fort Lauderdale Zip Market,33330,29.88,0.26666666666666666,60,16.0,60.0,60.0,2274500.0,94.0,18.0,"$1,217k-$550k",,True,
FL,Miami Gardens Zip Market,33056,60.32,0.6779661016949152,59,40.0,59.0,59.0,555000.0,55.0,16.0,$297k-$550k,,True,
FL,Opa Locka Zip Market,33055,56.31,0.4745762711864407,59,28.0,59.0,59.0,561225.0,48.0,12.0,$300k-$550k,,True,
FL,Miami Zip Market,33174,53.22,0.3389830508474576,59,20.0,59.0,59.0,347450.0,56.0,10.0,$186k-$393k,,True,
FL,Hialeah Zip Market,33013,41.14,0.3728813559322034,59,22.0,59.0,59.0,674750.0,82.0,12.0,$361k-$550k,,True,
FL,Largo Zip Market,33778,61.78,0.4482758620689655,58,26.0,58.0,58.0,318168.0,56.0,32.0,$170k-$360k,,True,
FL,Brooksville Zip Market,34602,57.73,0.43103448275862066,58,25.0,58.0,58.0,297675.0,66.0,20.0,$159k-$336k,,True,
FL,Orlando Zip Market,32817,65.65,0.5789473684210527,57,33.0,57.0,57.0,436250.0,44.0,22.0,$233k-$493k,,True,
FL,Clearwater Zip Market,33762,43.01,0.21428571428571427,56,12.0,56.0,56.0,241925.0,84.0,26.0,$130k-$273k,,True,
FL,Homestead Zip Market,33031,25.08,0.16071428571428573,56,9.0,56.0,56.0,1175000.0,68.0,8.0,$629k-$550k,,True,
FL,Orlando Zip Market,32826,62.65,0.509090909090909,55,28.0,55.0,55.0,338500.0,49.0,20.0,$181k-$383k,,True,
FL,Fort Lauderdale Zip Market,33306,25.67,0.16363636363636364,55,9.0,55.0,55.0,868500.0,72.0,14.0,$465k-$550k,,True,
FL,Miami Zip Market,33128,34.38,0.1111111111111111,54,6.0,54.0,54.0,485000.0,117.0,14.0,$259k-$548k,,True,
FL,Longwood Zip Market,32750,63.81,0.6415094339622641,53,34.0,53.0,53.0,433450.0,59.0,26.0,$232k-$490k,,True,
FL,Zephyrhills Zip Market,33540,60.16,0.660377358490566,53,35.0,53.0,53.0,348875.0,73.0,16.0,$187k-$394k,,True,
FL,Tampa Zip Market,33637,48.42,0.2830188679245283,53,15.0,53.0,53.0,309925.0,65.0,20.0,$166k-$350k,,True,
FL,Mims Zip Market,32754,48.31,0.32075471698113206,53,17.0,53.0,53.0,461500.0,77.0,20.0,$247k-$521k,,True,
FL,Orlando Zip Market,32833,43.4,0.39622641509433965,53,21.0,53.0,53.0,660000.0,80.0,20.0,$353k-$550k,,True,
FL,Live Oak Zip Market,32060,41.43,0.18867924528301888,53,10.0,53.0,53.0,428500.0,70.0,14.0,$229k-$484k,,True,
FL,Plant City Zip Market,33566,63.72,0.6538461538461539,52,34.0,52.0,52.0,424725.0,61.0,28.0,$227k-$480k,,True,
FL,Ellenton Zip Market,34222,40.29,0.21153846153846154,52,11.0,52.0,52.0,469250.0,81.0,18.0,$251k-$530k,,True,
FL,Fort Lauderdale Zip Market,33332,37.76,0.36538461538461536,52,19.0,52.0,52.0,1323750.0,67.0,18.0,$708k-$550k,,True,
FL,Key Colony Beach Zip Market,33051,20.97,0.11538461538461539,52,6.0,52.0,52.0,924998.0,128.0,16.0,$495k-$550k,,True,
FL,Gibsonton Zip Market,33534,64.32,0.68,50,34.0,50.0,50.0,326250.0,48.0,16.0,$175k-$369k,,True,
FL,Fruitland Park Zip Market,34731,47.74,0.28,50,14.0,50.0,50.0,392423.0,66.0,22.0,$210k-$443k,,True,
FL,Howey In The Hills Zip Market,34737,40.0,0.24,50,12.0,50.0,50.0,388748.0,101.0,14.0,$208k-$439k,,True,
FL,Starke Zip Market,32091,44.79,0.2653061224489796,49,13.0,49.0,49.0,289500.0,66.0,12.0,$155k-$327k,,True,
FL,Tampa Zip Market,33635,54.74,0.375,48,18.0,48.0,48.0,498000.0,50.0,28.0,$266k-$550k,,True,
FL,Mascotte Zip Market,34753,54.69,0.4375,48,21.0,48.0,48.0,338000.0,74.0,22.0,$181k-$382k,,True,
FL,Macclenny Zip Market,32063,50.39,0.3333333333333333,48,16.0,48.0,48.0,334250.0,71.0,26.0,$179k-$378k,,True,
FL,Pembroke Pines Zip Market,33028,47.47,0.7391304347826086,46,34.0,46.0,46.0,749250.0,61.0,20.0,$401k-$550k,,True,
FL,Jacksonville Zip Market,32204,42.55,0.21739130434782608,46,10.0,46.0,46.0,358725.0,74.0,28.0,$192k-$405k,,True,
FL,Jacksonville Zip Market,32220,53.61,0.35555555555555557,45,16.0,45.0,45.0,299995.0,54.0,22.0,$160k-$339k,,True,
FL,Thonotosassa Zip Market,33592,48.59,0.28888888888888886,45,13.0,45.0,45.0,444950.0,34.0,6.0,$238k-$503k,,True,
FL,Saint Petersburg Zip Market,33716,34.45,0.13333333333333333,45,6.0,45.0,45.0,235000.0,101.0,12.0,$130k-$266k,,True,
FL,Miami Zip Market,33184,31.41,0.2222222222222222,45,10.0,45.0,45.0,672000.0,57.0,6.0,$360k-$550k,,True,
FL,Lutz Zip Market,33559,55.37,0.38636363636363635,44,17.0,44.0,44.0,429975.0,52.0,22.0,$230k-$486k,,True,
FL,Boynton Beach Zip Market,33473,49.18,0.7906976744186046,43,34.0,43.0,43.0,1118500.0,47.0,18.0,$598k-$550k,,True,
FL,Clearwater Zip Market,33765,51.9,0.3333333333333333,42,14.0,42.0,42.0,342500.0,48.0,18.0,$183k-$387k,,True,
FL,Hialeah Zip Market,33010,48.29,0.4523809523809524,42,19.0,42.0,42.0,603500.0,54.0,10.0,$323k-$550k,,True,
FL,Oviedo Zip Market,32766,42.97,0.36585365853658536,41,15.0,41.0,41.0,692500.0,46.0,18.0,$370k-$550k,,True,
FL,Miami Beach Zip Market,33109,15.63,0.14634146341463414,41,6.0,41.0,41.0,10875000.0,147.0,2.0,"$5,818k-$550k",,True,
FL,Belleair Beach Zip Market,33786,18.03,0.1282051282051282,39,5.0,39.0,39.0,1449250.0,100.0,12.0,$775k-$550k,,True,
FL,Jacksonville Zip Market,32234,62.66,0.868421052631579,38,33.0,38.0,38.0,294495.0,52.0,16.0,$158k-$333k,,True,
FL,Miami Zip Market,33144,35.65,0.4473684210526316,38,17.0,38.0,38.0,739000.0,74.0,10.0,$395k-$550k,,True,
FL,Miami Zip Market,33136,26.63,0.16216216216216217,37,6.0,37.0,37.0,566250.0,100.0,6.0,$303k-$550k,,True,
FL,Hilliard Zip Market,32046,38.02,0.25,36,9.0,36.0,36.0,378675.0,90.0,14.0,$203k-$428k,,True,
FL,Bushnell Zip Market,33513,34.08,0.2222222222222222,36,8.0,36.0,36.0,422450.0,108.0,8.0,$226k-$477k,,True,
FL,Miami Zip Market,33158,22.09,0.25,36,9.0,36.0,36.0,1868750.0,85.0,8.0,"$1,000k-$550k",,True,
FL,Callahan Zip Market,32011,49.75,0.45714285714285713,35,16.0,35.0,35.0,479000.0,78.0,18.0,$256k-$541k,,True,
FL,Live Oak Zip Market,32064,31.02,0.11428571428571428,35,4.0,35.0,35.0,265000.0,107.0,10.0,$142k-$299k,,True,
FL,Orlando Zip Market,32820,44.45,0.42424242424242425,33,14.0,33.0,33.0,619843.0,60.0,16.0,$332k-$550k,,True,
FL,Dover Zip Market,33527,41.01,0.3333333333333333,33,11.0,33.0,33.0,554900.0,66.0,14.0,$297k-$550k,,True,
FL,North Port Zip Market,34289,49.42,0.5161290322580645,31,16.0,31.0,31.0,338475.0,85.0,10.0,$181k-$382k,,True,
FL,Webster Zip Market,33597,35.2,0.2413793103448276,29,7.0,29.0,29.0,492694.0,70.0,10.0,$264k-$550k,,True,
FL,Lake Panasoffkee Zip Market,33538,37.11,0.25,28,7.0,28.0,28.0,237425.0,68.0,8.0,$130k-$268k,,True,
FL,Neptune Beach Zip Market,32266,31.17,0.2857142857142857,28,8.0,28.0,28.0,1295000.0,35.0,16.0,$693k-$550k,,True,
FL,Astatula Zip Market,34705,41.24,0.4074074074074074,27,11.0,27.0,27.0,344900.0,100.0,2.0,$185k-$390k,,True,
FL,Lutz Zip Market,33548,31.91,0.3333333333333333,27,9.0,27.0,27.0,716125.0,55.0,20.0,$383k-$550k,,True,
FL,Myakka City Zip Market,34251,29.4,0.44,25,11.0,25.0,25.0,1069500.0,85.0,8.0,$572k-$550k,,True,
GA,Cumming Zip Market,30041,59.41,0.24663677130044842,446,110.0,446.0,446.0,687000.0,51.0,234.0,$412k-$450k,,True,
GA,Loganville Zip Market,30052,76.17,0.3474178403755869,426,148.0,426.0,426.0,445900.0,52.0,158.0,$268k-$450k,,True,
GA,Hinesville Zip Market,31313,72.75,0.26618705035971224,417,111.0,417.0,417.0,268150.0,63.0,120.0,$161k-$349k,,True,
GA,Atlanta Zip Market,30318,69.83,0.2567237163814181,409,105.0,409.0,409.0,389950.0,65.0,116.0,$234k-$450k,,True,
GA,Cumming Zip Market,30040,65.14,0.344559585492228,386,133.0,386.0,386.0,637500.0,51.0,222.0,$382k-$450k,,True,
GA,Suwanee Zip Market,30024,64.3,0.32303370786516855,356,115.0,356.0,356.0,666500.0,44.0,182.0,$400k-$450k,,True,
GA,Villa Rica Zip Market,30180,69.6,0.254957507082153,353,90.0,353.0,353.0,373725.0,67.0,130.0,$224k-$450k,,True,
GA,Grovetown Zip Market,30813,80.74,0.42028985507246375,345,145.0,345.0,345.0,347983.0,65.0,128.0,$209k-$450k,,True,
GA,Douglasville Zip Market,30135,77.19,0.3430232558139535,344,118.0,344.0,344.0,378950.0,54.0,130.0,$227k-$450k,,True,
GA,Mcdonough Zip Market,30252,72.61,0.3293768545994065,337,111.0,337.0,337.0,441828.0,59.0,132.0,$265k-$450k,,True,
GA,Dacula Zip Market,30019,65.07,0.31137724550898205,334,104.0,334.0,334.0,542500.0,64.0,154.0,$326k-$450k,,True,
GA,Dallas Zip Market,30132,74.27,0.31419939577039274,331,104.0,331.0,331.0,409923.0,52.0,168.0,$246k-$450k,,True,
GA,Mcdonough Zip Market,30253,79.75,0.3613707165109034,321,116.0,321.0,321.0,350975.0,51.0,124.0,$211k-$450k,,True,
GA,Acworth Zip Market,30101,71.08,0.33860759493670883,316,107.0,316.0,316.0,519500.0,45.0,148.0,$312k-$450k,,True,
GA,Jasper Zip Market,30143,57.32,0.19365079365079366,315,61.0,315.0,315.0,523725.0,73.0,120.0,$314k-$450k,,True,
GA,Canton Zip Market,30114,68.81,0.3226837060702875,313,101.0,313.0,313.0,530925.0,49.0,132.0,$319k-$450k,,True,
GA,Alpharetta Zip Market,30004,64.15,0.3546325878594249,313,111.0,313.0,313.0,1197500.0,51.0,118.0,$718k-$450k,,True,
GA,Woodstock Zip Market,30188,72.66,0.3717948717948718,312,116.0,312.0,312.0,518750.0,47.0,154.0,$311k-$450k,,True,
GA,Lawrenceville Zip Market,30043,75.14,0.33980582524271846,309,105.0,309.0,309.0,441100.0,44.0,128.0,$265k-$450k,,True,
GA,Atlanta Zip Market,30305,57.77,0.16013071895424835,306,49.0,306.0,306.0,447000.0,77.0,58.0,$268k-$450k,,True,
GA,Newnan Zip Market,30263,69.62,0.3125,304,95.0,304.0,304.0,437747.0,64.0,102.0,$263k-$450k,,True,
GA,Canton Zip Market,30115,65.17,0.39144736842105265,304,119.0,304.0,304.0,685725.0,56.0,128.0,$411k-$450k,,True,
GA,Atlanta Zip Market,30316,65.35,0.19801980198019803,303,60.0,303.0,303.0,426175.0,56.0,130.0,$256k-$450k,,True,
GA,Powder Springs Zip Market,30127,76.12,0.3687707641196013,301,111.0,301.0,301.0,431613.0,51.0,142.0,$259k-$450k,,True,
GA,Dallas Zip Market,30157,78.49,0.35333333333333333,300,106.0,300.0,300.0,377400.0,46.0,154.0,$226k-$450k,,True,
GA,Eatonton Zip Market,31024,52.02,0.1717171717171717,297,51.0,297.0,297.0,567500.0,81.0,88.0,$340k-$450k,,True,
GA,Lithonia Zip Market,30058,74.1,0.3125,288,90.0,288.0,288.0,274425.0,60.0,112.0,$165k-$357k,,True,
GA,Decatur Zip Market,30032,70.07,0.22916666666666666,288,66.0,288.0,288.0,326875.0,53.0,100.0,$196k-$425k,,True,
GA,Atlanta Zip Market,30309,66.31,0.1909722222222222,288,55.0,288.0,288.0,349900.0,64.0,94.0,$210k-$450k,,True,
GA,Atlanta Zip Market,30349,78.46,0.45454545454545453,286,130.0,286.0,286.0,273002.0,72.0,78.0,$164k-$355k,,True,
GA,Covington Zip Market,30014,68.67,0.24912280701754386,285,71.0,285.0,285.0,385175.0,59.0,128.0,$231k-$450k,,True,
GA,Atlanta Zip Market,30310,67.98,0.18505338078291814,281,52.0,281.0,281.0,319600.0,53.0,102.0,$192k-$415k,,True,
GA,Evans Zip Market,30809,72.48,0.40714285714285714,280,114.0,280.0,280.0,499900.0,59.0,110.0,$300k-$450k,,True,
GA,Atlanta Zip Market,30331,73.65,0.32616487455197135,279,91.0,279.0,279.0,295950.0,62.0,76.0,$178k-$385k,,True,
GA,Stockbridge Zip Market,30281,75.1,0.3284132841328413,271,89.0,271.0,271.0,330000.0,54.0,76.0,$198k-$429k,,True,
GA,Smyrna Zip Market,30080,65.68,0.26744186046511625,258,69.0,258.0,258.0,487450.0,49.0,96.0,$292k-$450k,,True,
GA,Ludowici Zip Market,31316,69.2,0.3170731707317073,246,78.0,246.0,246.0,276813.0,81.0,78.0,$166k-$360k,,True,
GA,Hampton Zip Market,30228,73.37,0.3224489795918367,245,79.0,245.0,245.0,341985.0,60.0,94.0,$205k-$445k,,True,
GA,Fayetteville Zip Market,30214,56.88,0.14285714285714285,245,35.0,245.0,245.0,456250.0,72.0,78.0,$274k-$450k,,True,
GA,Atlanta Zip Market,30328,73.09,0.30165289256198347,242,73.0,242.0,242.0,337500.0,52.0,86.0,$202k-$439k,,True,
GA,Savannah Zip Market,31401,44.28,0.18672199170124482,241,45.0,241.0,241.0,757225.0,101.0,58.0,$454k-$450k,,True,
GA,Savannah Zip Market,31419,76.06,0.37916666666666665,240,91.0,240.0,240.0,349475.0,65.0,120.0,$210k-$450k,,True,
GA,Atlanta Zip Market,30308,59.46,0.11764705882352941,238,28.0,238.0,238.0,331250.0,74.0,52.0,$199k-$431k,,True,
GA,Richmond Hill Zip Market,31324,78.22,0.5872340425531914,235,138.0,235.0,235.0,455000.0,62.0,106.0,$273k-$450k,,True,
GA,Lawrenceville Zip Market,30044,77.16,0.37872340425531914,235,89.0,235.0,235.0,388500.0,46.0,104.0,$233k-$450k,,True,
GA,Pooler Zip Market,31322,65.37,0.2680851063829787,235,63.0,235.0,235.0,369375.0,81.0,104.0,$222k-$450k,,True,
GA,Cumming Zip Market,30028,55.49,0.2723404255319149,235,64.0,235.0,235.0,645500.0,57.0,110.0,$387k-$450k,,True,
GA,Covington Zip Market,30016,80.15,0.40869565217391307,230,94.0,230.0,230.0,315000.0,45.0,84.0,$189k-$410k,,True,
GA,Lawrenceville Zip Market,30045,69.8,0.31877729257641924,229,73.0,229.0,229.0,429973.0,54.0,80.0,$258k-$450k,,True,
GA,Atlanta Zip Market,30319,55.12,0.2663755458515284,229,61.0,229.0,229.0,687500.0,53.0,82.0,$412k-$450k,,True,
GA,Atlanta Zip Market,30324,63.69,0.15,220,33.0,220.0,220.0,358250.0,55.0,72.0,$215k-$450k,,True,
GA,Cartersville Zip Market,30120,77.87,0.45161290322580644,217,98.0,217.0,217.0,372450.0,60.0,88.0,$223k-$450k,,True,
GA,Marietta Zip Market,30064,62.92,0.30092592592592593,216,65.0,216.0,216.0,557500.0,47.0,98.0,$334k-$450k,,True,
GA,Fairburn Zip Market,30213,78.12,0.4719626168224299,214,101.0,214.0,214.0,369995.0,59.0,72.0,$222k-$450k,,True,
GA,Alpharetta Zip Market,30022,57.8,0.2850467289719626,214,61.0,214.0,214.0,700000.0,43.0,106.0,$420k-$450k,,True,
GA,Locust Grove Zip Market,30248,77.19,0.4339622641509434,212,92.0,212.0,212.0,377261.0,55.0,72.0,$226k-$450k,,True,
GA,Decatur Zip Market,30034,72.46,0.3584905660377358,212,76.0,212.0,212.0,242600.0,65.0,60.0,$146k-$315k,,True,
GA,Marietta Zip Market,30066,67.73,0.36492890995260663,211,77.0,211.0,211.0,529999.0,50.0,90.0,$318k-$450k,,True,
GA,Milledgeville Zip Market,31061,66.62,0.30952380952380953,210,65.0,210.0,210.0,374925.0,74.0,66.0,$225k-$450k,,True,
GA,Griffin Zip Market,30223,70.31,0.30917874396135264,207,64.0,207.0,207.0,301675.0,62.0,82.0,$181k-$392k,,True,
GA,Marietta Zip Market,30062,63.65,0.3902439024390244,205,80.0,205.0,205.0,624500.0,44.0,98.0,$375k-$450k,,True,
GA,Mableton Zip Market,30126,74.43,0.40594059405940597,202,82.0,202.0,202.0,400568.0,59.0,86.0,$240k-$450k,,True,
GA,Atlanta Zip Market,30315,65.12,0.16831683168316833,202,34.0,202.0,202.0,305000.0,46.0,68.0,$183k-$396k,,True,
GA,Augusta Zip Market,30906,75.49,0.395,200,79.0,200.0,200.0,170000.0,60.0,76.0,$102k-$221k,,True,
GA,Lilburn Zip Market,30047,73.09,0.375,200,75.0,200.0,200.0,446675.0,45.0,96.0,$268k-$450k,,True,
GA,Conyers Zip Market,30094,73.69,0.41414141414141414,198,82.0,198.0,198.0,335750.0,70.0,56.0,$201k-$436k,,True,
GA,Duluth Zip Market,30097,58.12,0.31088082901554404,193,60.0,193.0,193.0,725000.0,40.0,74.0,$435k-$450k,,True,
GA,Kennesaw Zip Market,30144,70.88,0.34375,192,66.0,192.0,192.0,424975.0,47.0,72.0,$255k-$450k,,True,
GA,Roswell Zip Market,30075,62.55,0.4270833333333333,192,82.0,192.0,192.0,808450.0,53.0,70.0,$485k-$450k,,True,
GA,Augusta Zip Market,30907,75.52,0.37894736842105264,190,72.0,190.0,190.0,291250.0,54.0,86.0,$175k-$379k,,True,
GA,Rome Zip Market,30161,65.33,0.26455026455026454,189,50.0,189.0,189.0,309750.0,66.0,64.0,$186k-$403k,,True,
GA,Fayetteville Zip Market,30215,50.93,0.24338624338624337,189,46.0,189.0,189.0,597000.0,58.0,76.0,$358k-$450k,,True,
GA,Newnan Zip Market,30265,73.57,0.42021276595744683,188,79.0,188.0,188.0,432450.0,55.0,84.0,$259k-$450k,,True,
GA,Augusta Zip Market,30909,71.95,0.3516483516483517,182,64.0,182.0,182.0,314500.0,57.0,56.0,$189k-$409k,,True,
GA,Guyton Zip Market,31312,66.96,0.3888888888888889,180,70.0,180.0,180.0,402328.0,95.0,70.0,$241k-$450k,,True,
GA,Alpharetta Zip Market,30009,52.15,0.2722222222222222,180,49.0,180.0,180.0,878225.0,55.0,58.0,$527k-$450k,,True,
GA,Snellville Zip Market,30039,68.77,0.30726256983240224,179,55.0,179.0,179.0,395652.0,52.0,86.0,$237k-$450k,,True,
GA,Atlanta Zip Market,30311,58.15,0.14689265536723164,177,26.0,177.0,177.0,299992.0,72.0,56.0,$180k-$390k,,True,
GA,Savannah Zip Market,31405,66.82,0.3409090909090909,176,60.0,176.0,176.0,399925.0,73.0,82.0,$240k-$450k,,True,
GA,Macon Zip Market,31204,61.56,0.21264367816091953,174,37.0,174.0,174.0,161750.0,65.0,58.0,$100k-$210k,,True,
GA,Peachtree City Zip Market,30269,62.91,0.45664739884393063,173,79.0,173.0,173.0,639900.0,50.0,64.0,$384k-$450k,,True,
GA,Duluth Zip Market,30096,63.74,0.27058823529411763,170,46.0,170.0,170.0,433700.0,52.0,70.0,$260k-$450k,,True,
GA,Lithonia Zip Market,30038,75.66,0.40828402366863903,169,69.0,169.0,169.0,241950.0,51.0,62.0,$145k-$315k,,True,
GA,Douglasville Zip Market,30134,71.18,0.35502958579881655,169,60.0,169.0,169.0,301973.0,62.0,74.0,$181k-$393k,,True,
GA,Atlanta Zip Market,30314,58.32,0.16071428571428573,168,27.0,168.0,168.0,302488.0,65.0,44.0,$181k-$393k,,True,
GA,Atlanta Zip Market,30344,61.41,0.22424242424242424,165,37.0,165.0,165.0,269950.0,68.0,68.0,$162k-$351k,,True,
GA,Atlanta Zip Market,30339,57.75,0.21212121212121213,165,35.0,165.0,165.0,467450.0,54.0,64.0,$280k-$450k,,True,
GA,Kennesaw Zip Market,30152,54.23,0.28484848484848485,165,47.0,165.0,165.0,597650.0,45.0,74.0,$359k-$450k,,True,
GA,Jonesboro Zip Market,30238,72.16,0.39634146341463417,164,65.0,164.0,164.0,255000.0,65.0,64.0,$153k-$332k,,True,
GA,Auburn Zip Market,30011,63.22,0.3231707317073171,164,53.0,164.0,164.0,448635.0,63.0,52.0,$269k-$450k,,True,
GA,Marietta Zip Market,30067,61.88,0.22981366459627328,161,37.0,161.0,161.0,414950.0,51.0,74.0,$249k-$450k,,True,
GA,Savannah Zip Market,31404,60.98,0.225,160,36.0,160.0,160.0,330000.0,71.0,78.0,$198k-$429k,,True,
GA,Roswell Zip Market,30076,55.87,0.31645569620253167,158,50.0,158.0,158.0,619500.0,47.0,84.0,$372k-$450k,,True,
GA,Conyers Zip Market,30013,71.24,0.4585987261146497,157,72.0,157.0,157.0,335000.0,68.0,32.0,$201k-$436k,,True,
GA,Snellville Zip Market,30078,69.03,0.3630573248407643,157,57.0,157.0,157.0,427450.0,46.0,54.0,$256k-$450k,,True,
GA,Rome Zip Market,30165,63.22,0.26282051282051283,156,41.0,156.0,156.0,312200.0,64.0,58.0,$187k-$406k,,True,
GA,Ball Ground Zip Market,30107,50.76,0.2948717948717949,156,46.0,156.0,156.0,695839.0,63.0,64.0,$418k-$450k,,True,
GA,Conyers Zip Market,30012,65.27,0.32,150,48.0,150.0,150.0,278885.0,69.0,52.0,$167k-$363k,,True,
GA,Jonesboro Zip Market,30236,64.37,0.30201342281879195,149,45.0,149.0,149.0,293500.0,67.0,54.0,$176k-$382k,,True,
GA,Savannah Zip Market,31410,58.14,0.26174496644295303,149,39.0,149.0,149.0,457725.0,65.0,72.0,$275k-$450k,,True,
GA,Acworth Zip Market,30102,71.99,0.40540540540540543,148,60.0,148.0,148.0,399495.0,51.0,68.0,$240k-$450k,,True,
GA,Decatur Zip Market,30033,61.24,0.3103448275862069,145,45.0,145.0,145.0,500725.0,46.0,58.0,$300k-$450k,,True,
GA,Stone Mountain Zip Market,30087,65.32,0.3263888888888889,144,47.0,144.0,144.0,410000.0,59.0,72.0,$246k-$450k,,True,
GA,Macon Zip Market,31210,63.51,0.2986111111111111,144,43.0,144.0,144.0,360700.0,61.0,42.0,$216k-$450k,,True,
GA,Columbus Zip Market,31907,75.05,0.4195804195804196,143,60.0,143.0,143.0,177533.0,45.0,62.0,$107k-$231k,,True,
GA,Warner Robins Zip Market,31088,77.72,0.5633802816901409,142,80.0,142.0,142.0,273000.0,55.0,64.0,$164k-$355k,,True,
GA,Atlanta Zip Market,30327,41.73,0.19148936170212766,141,27.0,141.0,141.0,1737500.0,66.0,38.0,"$1,042k-$450k",,True,
GA,Perry Zip Market,31069,77.6,0.7841726618705036,139,109.0,139.0,139.0,319950.0,60.0,36.0,$192k-$416k,,True,
GA,Rincon Zip Market,31326,63.44,0.302158273381295,139,42.0,139.0,139.0,384900.0,57.0,46.0,$231k-$450k,,True,
GA,Carrollton Zip Market,30117,72.85,0.4744525547445255,137,65.0,137.0,137.0,354975.0,56.0,38.0,$213k-$450k,,True,
GA,Ellenwood Zip Market,30294,69.48,0.40145985401459855,137,55.0,137.0,137.0,293500.0,60.0,36.0,$176k-$382k,,True,
GA,Columbus Zip Market,31904,73.05,0.5735294117647058,136,78.0,136.0,136.0,283725.0,70.0,40.0,$170k-$369k,,True,
GA,Stone Mountain Zip Market,30083,71.49,0.47058823529411764,136,64.0,136.0,136.0,262425.0,64.0,40.0,$157k-$341k,,True,
GA,Woodstock Zip Market,30189,68.66,0.5037037037037037,135,68.0,135.0,135.0,494975.0,53.0,56.0,$297k-$450k,,True,
GA,Smyrna Zip Market,30082,63.62,0.3358208955223881,134,45.0,134.0,134.0,469300.0,52.0,74.0,$282k-$450k,,True,
GA,Tucker Zip Market,30084,61.56,0.2835820895522388,134,38.0,134.0,134.0,423225.0,49.0,48.0,$254k-$450k,,True,
GA,Hephzibah Zip Market,30815,73.72,0.5714285714285714,133,76.0,133.0,133.0,249975.0,67.0,46.0,$150k-$325k,,True,
GA,Atlanta Zip Market,30312,56.79,0.2706766917293233,133,36.0,133.0,133.0,417250.0,72.0,48.0,$250k-$450k,,True,
GA,Atlanta Zip Market,30342,47.76,0.2706766917293233,133,36.0,133.0,133.0,729500.0,53.0,42.0,$438k-$450k,,True,
GA,Jackson Zip Market,30233,64.75,0.3333333333333333,132,44.0,132.0,132.0,360225.0,60.0,38.0,$216k-$450k,,True,
GA,Senoia Zip Market,30276,55.8,0.44274809160305345,131,58.0,131.0,131.0,584973.0,61.0,42.0,$351k-$450k,,True,
GA,Tybee Island Zip Market,31328,32.88,0.1076923076923077,130,14.0,130.0,130.0,675000.0,115.0,26.0,$405k-$450k,,True,
GA,Augusta Zip Market,30904,65.57,0.35658914728682173,129,46.0,129.0,129.0,215000.0,73.0,60.0,$129k-$280k,,True,
GA,Macon Zip Market,31206,51.24,0.21705426356589147,129,28.0,129.0,129.0,110000.0,70.0,26.0,$100k-$143k,,True,
GA,Port Wentworth Zip Market,31407,70.21,0.453125,128,58.0,128.0,128.0,332673.0,70.0,56.0,$200k-$432k,,True,
GA,Marietta Zip Market,30068,55.37,0.33858267716535434,127,43.0,127.0,127.0,745000.0,37.0,68.0,$447k-$450k,,True,
GA,Lawrenceville Zip Market,30046,66.07,0.3412698412698413,126,43.0,126.0,126.0,387188.0,48.0,44.0,$232k-$450k,,True,
GA,Decatur Zip Market,30030,48.09,0.28225806451612906,124,35.0,124.0,124.0,600000.0,51.0,42.0,$360k-$450k,,True,
GA,Savannah Zip Market,31406,64.6,0.3360655737704918,122,41.0,122.0,122.0,369000.0,61.0,52.0,$221k-$450k,,True,
GA,Lagrange Zip Market,30240,60.12,0.3114754098360656,122,38.0,122.0,122.0,308175.0,73.0,34.0,$185k-$401k,,True,
GA,Grayson Zip Market,30017,63.1,0.36363636363636365,121,44.0,121.0,121.0,477350.0,52.0,60.0,$286k-$450k,,True,
GA,Carrollton Zip Market,30116,61.86,0.33613445378151263,119,40.0,119.0,119.0,407425.0,61.0,42.0,$244k-$450k,,True,
GA,Thomaston Zip Market,30286,57.12,0.2773109243697479,119,33.0,119.0,119.0,250000.0,74.0,30.0,$150k-$325k,,True,
GA,Decatur Zip Market,30035,64.52,0.288135593220339,118,34.0,118.0,118.0,244925.0,48.0,58.0,$147k-$318k,,True,
GA,Griffin Zip Market,30224,64.41,0.3474576271186441,118,41.0,118.0,118.0,320950.0,66.0,46.0,$193k-$417k,,True,
GA,Atlanta Zip Market,30306,43.06,0.2457627118644068,118,29.0,118.0,118.0,750000.0,58.0,32.0,$450k-$450k,,True,
GA,Cartersville Zip Market,30121,63.55,0.3076923076923077,117,36.0,117.0,117.0,359993.0,56.0,54.0,$216k-$450k,,True,
GA,Marietta Zip Market,30060,57.72,0.28448275862068967,116,33.0,116.0,116.0,452000.0,49.0,36.0,$271k-$450k,,True,
GA,Alpharetta Zip Market,30005,53.84,0.3448275862068966,116,40.0,116.0,116.0,777750.0,44.0,62.0,$467k-$450k,,True,
GA,Stone Mountain Zip Market,30088,65.37,0.391304347826087,115,45.0,115.0,115.0,249675.0,69.0,38.0,$150k-$325k,,True,
GA,Riverdale Zip Market,30274,54.77,0.22123893805309736,113,25.0,113.0,113.0,224974.0,62.0,26.0,$135k-$292k,,True,
GA,Atlanta Zip Market,30354,55.87,0.25225225225225223,111,28.0,111.0,111.0,326000.0,67.0,28.0,$196k-$424k,,True,
GA,Dublin Zip Market,31021,61.18,0.3944954128440367,109,43.0,109.0,109.0,269000.0,88.0,26.0,$161k-$350k,,True,
GA,Atlanta Zip Market,30341,52.54,0.25688073394495414,109,28.0,109.0,109.0,525500.0,46.0,46.0,$315k-$450k,,True,
GA,Waleska Zip Market,30183,43.04,0.2037037037037037,108,22.0,108.0,108.0,550000.0,68.0,30.0,$330k-$450k,,True,
GA,Atlanta Zip Market,30326,41.63,0.1111111111111111,108,12.0,108.0,108.0,434725.0,90.0,16.0,$261k-$450k,,True,
GA,Midway Zip Market,31320,61.77,0.34579439252336447,107,37.0,107.0,107.0,370825.0,72.0,54.0,$222k-$450k,,True,
GA,Hiram Zip Market,30141,63.13,0.3238095238095238,105,34.0,105.0,105.0,359900.0,51.0,36.0,$216k-$450k,,True,
GA,Norcross Zip Market,30093,63.45,0.3300970873786408,103,34.0,103.0,103.0,348191.0,45.0,26.0,$209k-$450k,,True,
GA,Atlanta Zip Market,30350,57.7,0.3106796116504854,103,32.0,103.0,103.0,443475.0,56.0,42.0,$266k-$450k,,True,
GA,Bonaire Zip Market,31005,73.27,0.7227722772277227,101,73.0,101.0,101.0,381792.0,48.0,28.0,$229k-$450k,,True,
GA,Atlanta Zip Market,30317,47.8,0.31313131313131315,99,31.0,99.0,99.0,628725.0,49.0,40.0,$377k-$450k,,True,
GA,Morrow Zip Market,30260,64.5,0.44329896907216493,97,43.0,97.0,97.0,274950.0,61.0,16.0,$165k-$357k,,True,
GA,Palmetto Zip Market,30268,35.97,0.24742268041237114,97,24.0,97.0,97.0,667500.0,79.0,20.0,$400k-$450k,,True,
GA,Atlanta Zip Market,30338,50.26,0.3368421052631579,95,32.0,95.0,95.0,659625.0,43.0,44.0,$396k-$450k,,True,
GA,Atlanta Zip Market,30363,45.52,0.07368421052631578,95,7.0,95.0,95.0,330563.0,85.0,24.0,$198k-$430k,,True,
GA,Byron Zip Market,31008,69.65,0.5319148936170213,94,50.0,94.0,94.0,294263.0,52.0,24.0,$177k-$383k,,True,
GA,Kathleen Zip Market,31047,69.01,0.7634408602150538,93,71.0,93.0,93.0,400950.0,55.0,16.0,$241k-$450k,,True,
GA,Rockmart Zip Market,30153,68.55,0.44086021505376344,93,41.0,93.0,93.0,317499.0,51.0,38.0,$190k-$413k,,True,
GA,Lagrange Zip Market,30241,64.8,0.45161290322580644,93,42.0,93.0,93.0,305841.0,58.0,16.0,$184k-$398k,,True,
GA,Atlanta Zip Market,30307,39.53,0.23655913978494625,93,22.0,93.0,93.0,587500.0,48.0,16.0,$352k-$450k,,True,
GA,Cordele Zip Market,31015,46.35,0.18888888888888888,90,17.0,90.0,90.0,242200.0,93.0,22.0,$145k-$315k,,True,
GA,Forsyth Zip Market,31029,53.41,0.3707865168539326,89,33.0,89.0,89.0,538750.0,55.0,26.0,$323k-$450k,,True,
GA,Atlanta Zip Market,30345,48.76,0.34831460674157305,89,31.0,89.0,89.0,661850.0,48.0,36.0,$397k-$450k,,True,
GA,Monticello Zip Market,31064,43.32,0.20224719101123595,89,18.0,89.0,89.0,448950.0,84.0,24.0,$269k-$450k,,True,
GA,Union City Zip Market,30291,66.15,0.4431818181818182,88,39.0,88.0,88.0,223000.0,56.0,30.0,$134k-$290k,,True,
GA,Peachtree Corners Zip Market,30092,62.75,0.5909090909090909,88,52.0,88.0,88.0,522500.0,53.0,36.0,$314k-$450k,,True,
GA,Austell Zip Market,30106,60.23,0.32954545454545453,88,29.0,88.0,88.0,329038.0,60.0,36.0,$197k-$428k,,True,
GA,Marietta Zip Market,30008,59.71,0.29545454545454547,88,26.0,88.0,88.0,361225.0,49.0,40.0,$217k-$450k,,True,
GA,Sharpsburg Zip Market,30277,57.37,0.4318181818181818,88,38.0,88.0,88.0,523875.0,54.0,28.0,$314k-$450k,,True,
GA,Townsend Zip Market,31331,43.2,0.2413793103448276,87,21.0,87.0,87.0,439950.0,83.0,12.0,$264k-$450k,,True,
GA,Temple Zip Market,30179,65.12,0.4117647058823529,85,35.0,85.0,85.0,310000.0,48.0,24.0,$186k-$403k,,True,
GA,Macon Zip Market,31216,65.12,0.6144578313253012,83,51.0,83.0,83.0,279050.0,86.0,32.0,$167k-$363k,,True,
GA,Bremen Zip Market,30110,53.81,0.24390243902439024,82,20.0,82.0,82.0,364974.0,56.0,36.0,$219k-$450k,,True,
GA,Riverdale Zip Market,30296,61.69,0.35802469135802467,81,29.0,81.0,81.0,255000.0,56.0,36.0,$153k-$332k,,True,
GA,Macon Zip Market,31211,53.69,0.2716049382716049,81,22.0,81.0,81.0,240625.0,67.0,32.0,$144k-$313k,,True,
GA,Cedartown Zip Market,30125,53.26,0.20987654320987653,81,17.0,81.0,81.0,259993.0,47.0,28.0,$156k-$338k,,True,
GA,Forest Park Zip Market,30297,50.83,0.25925925925925924,81,21.0,81.0,81.0,212475.0,70.0,20.0,$127k-$276k,,True,
GA,Thomson Zip Market,30824,58.08,0.3924050632911392,79,31.0,79.0,79.0,279450.0,81.0,26.0,$168k-$363k,,True,
GA,Social Circle Zip Market,30025,59.08,0.4473684210526316,76,34.0,76.0,76.0,465646.0,58.0,32.0,$279k-$450k,,True,
GA,Norcross Zip Market,30071,51.77,0.2236842105263158,76,17.0,76.0,76.0,399675.0,46.0,34.0,$240k-$450k,,True,
GA,Adairsville Zip Market,30103,61.56,0.37333333333333335,75,28.0,75.0,75.0,339675.0,54.0,32.0,$204k-$442k,,True,
GA,Macon Zip Market,31217,47.31,0.24324324324324326,74,18.0,74.0,74.0,117375.0,64.0,20.0,$100k-$153k,,True,
GA,Winston Zip Market,30187,46.23,0.2638888888888889,72,19.0,72.0,72.0,460000.0,67.0,28.0,$276k-$450k,,True,
GA,Warner Robins Zip Market,31093,65.38,0.5070422535211268,71,36.0,71.0,71.0,213700.0,57.0,30.0,$128k-$278k,,True,
GA,Savannah Zip Market,31411,47.76,0.5142857142857142,70,36.0,70.0,70.0,787000.0,69.0,26.0,$472k-$450k,,True,
GA,Talking Rock Zip Market,30175,33.86,0.2608695652173913,69,18.0,69.0,69.0,595950.0,67.0,16.0,$358k-$450k,,True,
GA,Bloomingdale Zip Market,31302,69.26,1.1029411764705883,68,75.0,68.0,68.0,348995.0,61.0,24.0,$209k-$450k,,True,
GA,Lithia Springs Zip Market,30122,64.78,0.47058823529411764,68,32.0,68.0,68.0,336125.0,46.0,24.0,$202k-$437k,,True,
GA,Sparta Zip Market,31087,38.55,0.08955223880597014,67,6.0,67.0,67.0,449925.0,68.0,20.0,$270k-$450k,,True,
GA,Columbus Zip Market,31909,71.3,0.8181818181818182,66,54.0,66.0,66.0,269950.0,42.0,28.0,$162k-$351k,,True,
GA,Mansfield Zip Market,30055,36.84,0.16666666666666666,66,11.0,66.0,66.0,451063.0,90.0,18.0,$271k-$450k,,True,
GA,Columbus Zip Market,31903,33.22,0.21875,64,14.0,64.0,64.0,83375.0,108.0,14.0,$100k-$108k,,True,
GA,Macon Zip Market,31220,60.48,0.45161290322580644,62,28.0,62.0,62.0,315850.0,64.0,26.0,$190k-$411k,,True,
GA,Atlanta Zip Market,30340,50.67,0.24193548387096775,62,15.0,62.0,62.0,395000.0,46.0,34.0,$237k-$450k,,True,
GA,Austell Zip Market,30168,57.56,0.3728813559322034,59,22.0,59.0,59.0,330800.0,56.0,24.0,$198k-$430k,,True,
GA,Oxford Zip Market,30054,43.82,0.288135593220339,59,17.0,59.0,59.0,475000.0,67.0,20.0,$285k-$450k,,True,
GA,Allenhurst Zip Market,31301,50.34,0.3103448275862069,58,18.0,58.0,58.0,292588.0,50.0,4.0,$176k-$380k,,True,
GA,Atlanta Zip Market,30329,42.51,0.22413793103448276,58,13.0,58.0,58.0,463675.0,60.0,26.0,$278k-$450k,,True,
GA,Rex Zip Market,30273,50.8,0.2807017543859649,57,16.0,57.0,57.0,249675.0,56.0,20.0,$150k-$325k,,True,
GA,Atlanta Zip Market,30337,43.69,0.2807017543859649,57,16.0,57.0,57.0,393240.0,88.0,18.0,$236k-$450k,,True,
GA,Columbus Zip Market,31906,58.07,0.42857142857142855,56,24.0,56.0,56.0,208225.0,67.0,28.0,$125k-$271k,,True,
GA,Augusta Zip Market,30901,44.64,0.23636363636363636,55,13.0,55.0,55.0,194450.0,66.0,14.0,$117k-$253k,,True,
GA,Tyrone Zip Market,30290,26.83,0.15384615384615385,52,8.0,52.0,52.0,579925.0,66.0,20.0,$348k-$450k,,True,
GA,Fort Valley Zip Market,31030,52.64,0.43137254901960786,51,22.0,51.0,51.0,187058.0,87.0,16.0,$112k-$243k,,True,
GA,Williamson Zip Market,30292,40.94,0.3333333333333333,51,17.0,51.0,51.0,518338.0,78.0,20.0,$311k-$450k,,True,
GA,Hogansville Zip Market,30230,62.98,0.8958333333333334,48,43.0,48.0,48.0,312900.0,69.0,22.0,$188k-$407k,,True,
GA,Springfield Zip Market,31329,42.13,0.26666666666666666,45,12.0,45.0,45.0,347165.0,80.0,14.0,$208k-$450k,,True,
GA,Macon Zip Market,31201,34.3,0.17777777777777778,45,8.0,45.0,45.0,189000.0,122.0,8.0,$113k-$246k,,True,
GA,Ellabell Zip Market,31308,46.09,0.3409090909090909,44,15.0,44.0,44.0,319900.0,78.0,10.0,$192k-$416k,,True,
GA,Darien Zip Market,31305,43.44,0.25,44,11.0,44.0,44.0,352633.0,56.0,8.0,$212k-$450k,,True,
GA,Savannah Zip Market,31415,42.78,0.25,44,11.0,44.0,44.0,199500.0,70.0,16.0,$120k-$259k,,True,
GA,Hawkinsville Zip Market,31036,45.07,0.30952380952380953,42,13.0,42.0,42.0,264500.0,68.0,10.0,$159k-$344k,,True,
GA,Barnesville Zip Market,30204,34.53,0.14285714285714285,42,6.0,42.0,42.0,382175.0,80.0,14.0,$229k-$450k,,True,
GA,Bowdon Zip Market,30108,56.38,0.4,40,16.0,40.0,40.0,330505.0,21.0,12.0,$198k-$430k,,True,
GA,Lizella Zip Market,31052,38.3,0.25,40,10.0,40.0,40.0,334900.0,82.0,8.0,$201k-$435k,,True,
GA,Kingston Zip Market,30145,37.91,0.275,40,11.0,40.0,40.0,444825.0,73.0,12.0,$267k-$450k,,True,
GA,Lincolnton Zip Market,30817,15.24,0.10256410256410256,39,4.0,39.0,39.0,582000.0,103.0,4.0,$349k-$450k,,True,
GA,Eastman Zip Market,31023,34.45,0.15789473684210525,38,6.0,38.0,38.0,174750.0,82.0,10.0,$105k-$227k,,True,
GA,Gray Zip Market,31032,58.32,0.5945945945945946,37,22.0,37.0,37.0,356457.0,45.0,8.0,$214k-$450k,,True,
GA,Atlanta Zip Market,30360,48.78,0.4857142857142857,35,17.0,35.0,35.0,524950.0,37.0,12.0,$315k-$450k,,True,
GA,Appling Zip Market,30802,30.27,0.2857142857142857,35,10.0,35.0,35.0,668743.0,50.0,10.0,$401k-$450k,,True,
GA,Conley Zip Market,30288,56.14,0.5588235294117647,34,19.0,34.0,34.0,229723.0,59.0,14.0,$138k-$299k,,True,
GA,Atlanta Zip Market,30313,35.42,0.11764705882352941,34,4.0,34.0,34.0,301250.0,72.0,18.0,$181k-$392k,,True,
GA,Columbus Zip Market,31901,39.53,0.2727272727272727,33,9.0,33.0,33.0,340500.0,71.0,8.0,$204k-$443k,,True,
GA,Harlem Zip Market,30814,60.72,1.1290322580645162,31,35.0,31.0,31.0,330275.0,57.0,16.0,$198k-$429k,,True,
GA,Waynesboro Zip Market,30830,43.78,0.3225806451612903,31,10.0,31.0,31.0,283000.0,70.0,14.0,$170k-$368k,,True,
GA,White Zip Market,30184,28.08,0.2903225806451613,31,9.0,31.0,31.0,627425.0,60.0,12.0,$376k-$450k,,True,
GA,Rydal Zip Market,30171,24.59,0.25806451612903225,31,8.0,31.0,31.0,787450.0,62.0,8.0,$472k-$450k,,True,
GA,Tallapoosa Zip Market,30176,45.44,0.3103448275862069,29,9.0,29.0,29.0,288408.0,43.0,8.0,$173k-$375k,,True,
GA,Clarkston Zip Market,30021,45.2,0.3448275862068966,29,10.0,29.0,29.0,313749.0,56.0,6.0,$188k-$408k,,True,
GA,Cochran Zip Market,31014,51.84,0.42857142857142855,28,12.0,28.0,28.0,214900.0,42.0,8.0,$129k-$279k,,True,
GA,Pembroke Zip Market,31321,43.34,0.39285714285714285,28,11.0,28.0,28.0,353725.0,85.0,8.0,$212k-$450k,,True,
GA,Savannah Zip Market,31408,38.23,0.32142857142857145,28,9.0,28.0,28.0,286900.0,100.0,8.0,$172k-$373k,,True,
GA,Milner Zip Market,30257,36.0,0.25,28,7.0,28.0,28.0,391950.0,64.0,8.0,$235k-$450k,,True,
GA,Silver Creek Zip Market,30173,46.78,0.37037037037037035,27,10.0,27.0,27.0,314925.0,51.0,6.0,$189k-$409k,,True,
GA,Scottdale Zip Market,30079,38.6,0.34615384615384615,26,9.0,26.0,26.0,464950.0,66.0,12.0,$279k-$450k,,True,
GA,Roopville Zip Market,30170,14.88,0.19230769230769232,26,5.0,26.0,26.0,649957.0,86.0,4.0,$390k-$450k,,True,
GA,Franklin Zip Market,30217,47.77,0.48,25,12.0,25.0,25.0,333750.0,61.0,2.0,$200k-$434k,,True,
GA,Brooks Zip Market,30205,21.98,0.24,25,6.0,25.0,25.0,830425.0,62.0,10.0,$498k-$450k,,True,
MI,Detroit Zip Market,48224,73.08,0.33088235294117646,272,90.0,272.0,272.0,89450.0,65.0,74.0,$70k-$119k,,True,
MI,Detroit Zip Market,48205,65.77,0.2837209302325581,215,61.0,215.0,215.0,73675.0,53.0,52.0,$70k-$98k,,True,
MI,Detroit Zip Market,48227,71.21,0.3645833333333333,192,70.0,192.0,192.0,85000.0,58.0,46.0,$70k-$113k,,True,
MI,Detroit Zip Market,48228,76.57,0.43783783783783786,185,81.0,185.0,185.0,85975.0,48.0,50.0,$70k-$115k,,True,
MI,Detroit Zip Market,48221,77.84,0.4685714285714286,175,82.0,175.0,175.0,185000.0,46.0,46.0,$92k-$247k,,True,
MI,Detroit Zip Market,48238,57.95,0.17751479289940827,169,30.0,169.0,169.0,85975.0,68.0,50.0,$70k-$115k,,True,
MI,Detroit Zip Market,48219,71.88,0.36585365853658536,164,60.0,164.0,164.0,89975.0,54.0,52.0,$70k-$120k,,True,
MI,Detroit Zip Market,48235,78.72,0.6168831168831169,154,95.0,154.0,154.0,129900.0,55.0,50.0,$70k-$173k,,True,
MI,Ann Arbor Zip Market,48103,64.02,0.47368421052631576,152,72.0,152.0,152.0,549900.0,32.0,62.0,$275k-$350k,,True,
MI,Detroit Zip Market,48234,60.03,0.2835820895522388,134,38.0,134.0,134.0,74900.0,57.0,48.0,$70k-$100k,,True,
MI,South Lyon Zip Market,48178,64.55,0.6796875,128,87.0,128.0,128.0,541175.0,40.0,48.0,$271k-$350k,,True,
MI,Birmingham Zip Market,48009,51.01,0.31496062992125984,127,40.0,127.0,127.0,1098750.0,42.0,34.0,$549k-$350k,,True,
MI,Grand Blanc Zip Market,48439,75.51,0.744,125,93.0,125.0,125.0,359450.0,44.0,68.0,$180k-$350k,,True,
MI,Macomb Zip Market,48042,62.49,0.56,125,70.0,125.0,125.0,592450.0,43.0,56.0,$296k-$350k,,True,
MI,Royal Oak Zip Market,48067,62.97,0.36885245901639346,122,45.0,122.0,122.0,407125.0,33.0,52.0,$204k-$350k,,True,
MI,Warren Zip Market,48089,73.01,0.4406779661016949,118,52.0,118.0,118.0,141250.0,42.0,46.0,$71k-$188k,,True,
MI,Royal Oak Zip Market,48073,69.9,0.5084745762711864,118,60.0,118.0,118.0,381950.0,35.0,56.0,$191k-$350k,,True,
MI,Howell Zip Market,48843,67.82,0.8017241379310345,116,93.0,116.0,116.0,442450.0,40.0,34.0,$221k-$350k,,True,
MI,Muskegon Zip Market,49441,68.0,0.5789473684210527,114,66.0,114.0,114.0,401175.0,41.0,40.0,$201k-$350k,,True,
MI,Highland Park Zip Market,48203,48.98,0.22321428571428573,112,25.0,112.0,112.0,59450.0,57.0,38.0,$70k-$79k,,True,
MI,Detroit Zip Market,48214,63.09,0.36036036036036034,111,40.0,111.0,111.0,212875.0,68.0,34.0,$106k-$284k,,True,
MI,Ann Arbor Zip Market,48105,55.74,0.42727272727272725,110,47.0,110.0,110.0,622475.0,44.0,38.0,$311k-$350k,,True,
MI,Roseville Zip Market,48066,80.0,0.75,104,78.0,104.0,104.0,168450.0,32.0,68.0,$84k-$225k,,True,
MI,East Lansing Zip Market,48823,65.53,0.3942307692307692,104,41.0,104.0,104.0,341175.0,38.0,40.0,$171k-$350k,,True,
MI,Detroit Zip Market,48204,52.69,0.19607843137254902,102,20.0,102.0,102.0,74950.0,53.0,44.0,$70k-$100k,,True,
MI,Kalamazoo Zip Market,49009,61.33,0.6732673267326733,101,68.0,101.0,101.0,455000.0,36.0,36.0,$228k-$350k,,True,
MI,Fenton Zip Market,48430,61.44,0.68,100,68.0,100.0,100.0,455925.0,47.0,54.0,$228k-$350k,,True,
MI,Detroit Zip Market,48213,58.23,0.35,100,35.0,100.0,100.0,65000.0,49.0,30.0,$70k-$87k,,True,
MI,Spring Lake Zip Market,49456,53.27,0.4020618556701031,97,39.0,97.0,97.0,524900.0,48.0,42.0,$262k-$350k,,True,
MI,Ferndale Zip Market,48220,75.05,0.5638297872340425,94,53.0,94.0,94.0,251950.0,27.0,42.0,$126k-$336k,,True,
MI,Eastpointe Zip Market,48021,73.68,0.7362637362637363,91,67.0,91.0,91.0,159975.0,54.0,38.0,$80k-$213k,,True,
MI,Canton Zip Market,48188,67.74,0.6333333333333333,90,57.0,90.0,90.0,398650.0,28.0,42.0,$199k-$350k,,True,
MI,Holland Zip Market,49424,61.53,0.8111111111111111,90,73.0,90.0,90.0,481200.0,35.0,36.0,$241k-$350k,,True,
MI,Detroit Zip Market,48223,58.37,0.34444444444444444,90,31.0,90.0,90.0,81050.0,54.0,18.0,$70k-$108k,,True,
MI,Warren Zip Market,48091,70.74,0.4606741573033708,89,41.0,89.0,89.0,155925.0,40.0,46.0,$78k-$208k,,True,
MI,Ann Arbor Zip Market,48104,54.95,0.5168539325842697,89,46.0,89.0,89.0,521250.0,47.0,28.0,$261k-$350k,,True,
MI,Harper Woods Zip Market,48225,61.92,0.36363636363636365,88,32.0,88.0,88.0,137475.0,60.0,32.0,$70k-$183k,,True,
MI,Harrison Township Zip Market,48045,53.95,0.4318181818181818,88,38.0,88.0,88.0,452425.0,39.0,38.0,$226k-$350k,,True,
MI,Taylor Zip Market,48180,77.48,1.0574712643678161,87,92.0,87.0,87.0,169650.0,31.0,36.0,$85k-$226k,,True,
MI,Rockford Zip Market,49341,60.61,0.6551724137931034,87,57.0,87.0,87.0,562500.0,34.0,52.0,$281k-$350k,,True,
MI,Utica Zip Market,48315,56.6,0.5517241379310345,87,48.0,87.0,87.0,606868.0,38.0,30.0,$303k-$350k,,True,
MI,Lansing Zip Market,48910,75.95,0.8255813953488372,86,71.0,86.0,86.0,139900.0,37.0,38.0,$70k-$187k,,True,
MI,Mount Pleasant Zip Market,48858,68.77,0.6162790697674418,86,53.0,86.0,86.0,314450.0,56.0,42.0,$157k-$350k,,True,
MI,New Baltimore Zip Market,48047,64.85,0.7441860465116279,86,64.0,86.0,86.0,434900.0,33.0,32.0,$217k-$350k,,True,
MI,Northville Zip Market,48167,56.58,0.6823529411764706,85,58.0,85.0,85.0,782450.0,48.0,24.0,$391k-$350k,,True,
MI,Port Huron Zip Market,48060,73.72,0.6666666666666666,84,56.0,84.0,84.0,224950.0,38.0,36.0,$112k-$300k,,True,
MI,West Bloomfield Zip Market,48322,63.4,0.6190476190476191,84,52.0,84.0,84.0,425000.0,40.0,38.0,$212k-$350k,,True,
MI,Plymouth Zip Market,48170,60.22,0.7590361445783133,83,63.0,83.0,83.0,571248.0,36.0,40.0,$286k-$350k,,True,
MI,Grand Haven Zip Market,49417,54.82,0.6024096385542169,83,50.0,83.0,83.0,515725.0,50.0,24.0,$258k-$350k,,True,
MI,Macomb Zip Market,48044,61.59,0.926829268292683,82,76.0,82.0,82.0,495000.0,35.0,42.0,$248k-$350k,,True,
MI,Detroit Zip Market,48202,48.84,0.18518518518518517,81,15.0,81.0,81.0,284900.0,61.0,24.0,$142k-$350k,,True,
MI,Utica Zip Market,48316,64.17,0.65,80,52.0,80.0,80.0,428675.0,31.0,40.0,$214k-$350k,,True,
MI,Ypsilanti Zip Market,48197,70.05,1.0886075949367089,79,86.0,79.0,79.0,364000.0,34.0,28.0,$182k-$350k,,True,
MI,Rochester Zip Market,48307,58.15,0.6708860759493671,79,53.0,79.0,79.0,467000.0,37.0,34.0,$234k-$350k,,True,
MI,Detroit Zip Market,48207,53.37,0.3037974683544304,79,24.0,79.0,79.0,202225.0,77.0,28.0,$101k-$270k,,True,
MI,Saint Clair Shores Zip Market,48080,73.52,0.6153846153846154,78,48.0,78.0,78.0,244825.0,33.0,46.0,$122k-$326k,,True,
MI,Saline Zip Market,48176,56.22,0.782051282051282,78,61.0,78.0,78.0,561781.0,42.0,16.0,$281k-$350k,,True,
MI,Coldwater Zip Market,49036,56.16,0.2948717948717949,78,23.0,78.0,78.0,321950.0,49.0,42.0,$161k-$350k,,True,
MI,Clinton Township Zip Market,48038,75.12,0.8701298701298701,77,67.0,77.0,77.0,274450.0,31.0,32.0,$137k-$350k,,True,
MI,Muskegon Zip Market,49442,72.42,0.7662337662337663,77,59.0,77.0,77.0,186175.0,49.0,34.0,$93k-$248k,,True,
MI,Sterling Heights Zip Market,48312,67.69,0.5454545454545454,77,42.0,77.0,77.0,300000.0,37.0,22.0,$150k-$350k,,True,
MI,Walled Lake Zip Market,48390,66.51,0.5526315789473685,76,42.0,76.0,76.0,356400.0,34.0,40.0,$178k-$350k,,True,
MI,Flint Zip Market,48503,56.96,0.3815789473684211,76,29.0,76.0,76.0,66225.0,52.0,34.0,$70k-$88k,,True,
MI,Clinton Township Zip Market,48035,70.69,0.56,75,42.0,75.0,75.0,264450.0,36.0,34.0,$132k-$350k,,True,
MI,Canton Zip Market,48187,68.09,0.7333333333333333,75,55.0,75.0,75.0,371150.0,25.0,34.0,$186k-$350k,,True,
MI,Rochester Zip Market,48306,56.84,0.6933333333333334,75,52.0,75.0,75.0,913750.0,45.0,34.0,$457k-$350k,,True,
MI,West Bloomfield Zip Market,48323,53.79,0.48,75,36.0,75.0,75.0,649900.0,34.0,34.0,$325k-$350k,,True,
MI,Benton Harbor Zip Market,49022,68.96,0.5135135135135135,74,38.0,74.0,74.0,196120.0,34.0,28.0,$98k-$262k,,True,
MI,Saint Joseph Zip Market,49085,58.62,0.8513513513513513,74,63.0,74.0,74.0,487250.0,39.0,32.0,$244k-$350k,,True,
MI,Caledonia Zip Market,49316,55.0,0.7027027027027027,74,52.0,74.0,74.0,591950.0,55.0,32.0,$296k-$350k,,True,
MI,South Haven Zip Market,49090,50.5,0.4594594594594595,74,34.0,74.0,74.0,499900.0,52.0,32.0,$250k-$350k,,True,
MI,Muskegon Zip Market,49444,72.92,0.821917808219178,73,60.0,73.0,73.0,167950.0,40.0,30.0,$84k-$224k,,True,
MI,Detroit Zip Market,48206,55.98,0.3561643835616438,73,26.0,73.0,73.0,197250.0,67.0,18.0,$99k-$263k,,True,
MI,Flint Zip Market,48504,38.42,0.2876712328767123,73,21.0,73.0,73.0,44700.0,66.0,30.0,$70k-$170k,,True,
MI,Belleville Zip Market,48111,72.97,0.8873239436619719,71,63.0,71.0,71.0,291175.0,26.0,28.0,$146k-$350k,,True,
MI,Holland Zip Market,49423,63.78,0.8591549295774648,71,61.0,71.0,71.0,430000.0,38.0,36.0,$215k-$350k,,True,
MI,Davison Zip Market,48423,67.82,0.6857142857142857,70,48.0,70.0,70.0,339900.0,40.0,36.0,$170k-$350k,,True,
MI,Flint Zip Market,48507,67.07,0.8115942028985508,69,56.0,69.0,69.0,80000.0,56.0,26.0,$70k-$107k,,True,
MI,Grand Rapids Zip Market,49503,61.91,0.4782608695652174,69,33.0,69.0,69.0,319950.0,55.0,30.0,$160k-$350k,,True,
MI,Bloomfield Hills Zip Market,48304,47.98,0.43478260869565216,69,30.0,69.0,69.0,661750.0,36.0,12.0,$331k-$350k,,True,
MI,Grosse Pointe Zip Market,48236,59.77,0.6470588235294118,68,44.0,68.0,68.0,438450.0,26.0,22.0,$219k-$350k,,True,
MI,Algonac Zip Market,48001,50.7,0.29411764705882354,68,20.0,68.0,68.0,369900.0,52.0,40.0,$185k-$350k,,True,
MI,Bloomfield Hills Zip Market,48302,45.39,0.36764705882352944,68,25.0,68.0,68.0,1118750.0,35.0,16.0,$559k-$350k,,True,
MI,Lexington Zip Market,48450,43.23,0.17647058823529413,68,12.0,68.0,68.0,299900.0,67.0,16.0,$150k-$350k,,True,
MI,Brighton Zip Market,48116,64.13,0.7910447761194029,67,53.0,67.0,67.0,408725.0,36.0,36.0,$204k-$350k,,True,
MI,Hazel Park Zip Market,48030,67.49,0.48484848484848486,66,32.0,66.0,66.0,181495.0,33.0,34.0,$91k-$242k,,True,
MI,Portage Zip Market,49024,65.41,0.9242424242424242,66,61.0,66.0,66.0,397475.0,35.0,32.0,$199k-$350k,,True,
MI,Commerce Township Zip Market,48382,54.06,0.5909090909090909,66,39.0,66.0,66.0,649631.0,37.0,28.0,$325k-$350k,,True,
MI,Three Rivers Zip Market,49093,65.17,0.640625,64,41.0,64.0,64.0,349925.0,33.0,26.0,$175k-$350k,,True,
MI,Trenton Zip Market,48183,71.23,0.8571428571428571,63,54.0,63.0,63.0,247425.0,24.0,18.0,$124k-$330k,,True,
MI,Dearborn Zip Market,48124,70.25,0.7142857142857143,63,45.0,63.0,63.0,249900.0,34.0,24.0,$125k-$333k,,True,
MI,Lansing Zip Market,48912,67.36,0.5079365079365079,63,32.0,63.0,63.0,134700.0,32.0,28.0,$70k-$180k,,True,
MI,Rochester Zip Market,48309,52.79,0.5555555555555556,63,35.0,63.0,63.0,550000.0,24.0,20.0,$275k-$350k,,True,
MI,Ypsilanti Zip Market,48198,71.16,0.8225806451612904,62,51.0,62.0,62.0,235000.0,36.0,26.0,$118k-$313k,,True,
MI,Grand Rapids Zip Market,49506,65.61,0.967741935483871,62,60.0,62.0,62.0,399975.0,34.0,40.0,$200k-$350k,,True,
MI,Madison Heights Zip Market,48071,69.48,0.7049180327868853,61,43.0,61.0,61.0,227250.0,31.0,20.0,$114k-$303k,,True,
MI,Washington Zip Market,48094,52.13,0.5081967213114754,61,31.0,61.0,61.0,688675.0,35.0,32.0,$344k-$350k,,True,
MI,Okemos Zip Market,48864,51.0,0.5081967213114754,61,31.0,61.0,61.0,525500.0,39.0,26.0,$263k-$350k,,True,
MI,Inkster Zip Market,48141,66.5,0.6833333333333333,60,41.0,60.0,60.0,123225.0,48.0,16.0,$70k-$164k,,True,
MI,Sterling Heights Zip Market,48310,66.09,0.8166666666666667,60,49.0,60.0,60.0,354500.0,26.0,22.0,$177k-$350k,,True,
MI,Flint Zip Market,48506,58.73,0.5166666666666667,60,31.0,60.0,60.0,67450.0,61.0,40.0,$70k-$90k,,True,
MI,Troy Zip Market,48085,53.88,0.5666666666666667,60,34.0,60.0,60.0,525950.0,31.0,34.0,$263k-$350k,,True,
MI,Hamtramck Zip Market,48212,51.64,0.2833333333333333,60,17.0,60.0,60.0,165000.0,44.0,10.0,$82k-$220k,,True,
MI,Pinckney Zip Market,48169,51.55,0.5,60,30.0,60.0,60.0,565000.0,39.0,36.0,$282k-$350k,,True,
MI,Westland Zip Market,48186,71.92,0.864406779661017,59,51.0,59.0,59.0,209950.0,30.0,30.0,$105k-$280k,,True,
MI,Clarkston Zip Market,48348,54.84,0.711864406779661,59,42.0,59.0,59.0,642450.0,33.0,26.0,$321k-$350k,,True,
MI,Redford Zip Market,48239,71.45,1.1724137931034482,58,68.0,58.0,58.0,188000.0,41.0,28.0,$94k-$251k,,True,
MI,Farmington Zip Market,48336,67.37,0.8103448275862069,58,47.0,58.0,58.0,322750.0,29.0,22.0,$161k-$350k,,True,
MI,Battle Creek Zip Market,49015,66.08,0.6379310344827587,58,37.0,58.0,58.0,296250.0,33.0,18.0,$148k-$350k,,True,
MI,Linden Zip Market,48451,55.43,0.8793103448275862,58,51.0,58.0,58.0,456445.0,39.0,26.0,$228k-$350k,,True,
MI,Hudsonville Zip Market,49426,54.67,0.9827586206896551,58,57.0,58.0,58.0,550700.0,32.0,14.0,$275k-$350k,,True,
MI,Grand Rapids Zip Market,49507,70.19,0.8596491228070176,57,49.0,57.0,57.0,259950.0,38.0,26.0,$130k-$347k,,True,
MI,Lapeer Zip Market,48446,64.37,0.6491228070175439,57,37.0,57.0,57.0,331900.0,44.0,30.0,$166k-$350k,,True,
MI,Marshall Zip Market,49068,63.35,0.543859649122807,57,31.0,57.0,57.0,302475.0,45.0,24.0,$151k-$350k,,True,
MI,Ludington Zip Market,49431,52.49,0.38596491228070173,57,22.0,57.0,57.0,399000.0,41.0,26.0,$200k-$350k,,True,
MI,White Lake Zip Market,48386,51.51,0.5614035087719298,57,32.0,57.0,57.0,489175.0,33.0,22.0,$245k-$350k,,True,
MI,Westland Zip Market,48185,71.03,1.1428571428571428,56,64.0,56.0,56.0,213425.0,26.0,20.0,$107k-$285k,,True,
MI,Owosso Zip Market,48867,69.15,0.6607142857142857,56,37.0,56.0,56.0,239950.0,25.0,28.0,$120k-$320k,,True,
MI,Lincoln Park Zip Market,48146,68.55,1.1071428571428572,56,62.0,56.0,56.0,165000.0,45.0,16.0,$82k-$220k,,True,
MI,Ann Arbor Zip Market,48108,58.9,0.6964285714285714,56,39.0,56.0,56.0,432000.0,23.0,22.0,$216k-$350k,,True,
MI,West Bloomfield Zip Market,48324,46.31,0.4107142857142857,56,23.0,56.0,56.0,565500.0,34.0,20.0,$283k-$350k,,True,
MI,Stanwood Zip Market,49346,44.4,0.2857142857142857,56,16.0,56.0,56.0,404900.0,56.0,34.0,$202k-$350k,,True,
MI,Waterford Zip Market,48328,70.31,0.8727272727272727,55,48.0,55.0,55.0,275000.0,38.0,30.0,$138k-$350k,,True,
MI,Flushing Zip Market,48433,69.94,0.8,55,44.0,55.0,55.0,266225.0,33.0,28.0,$133k-$350k,,True,
MI,Saint Clair Shores Zip Market,48082,68.57,0.6545454545454545,55,36.0,55.0,55.0,247675.0,33.0,30.0,$124k-$330k,,True,
MI,Southfield Zip Market,48075,57.72,0.41818181818181815,55,23.0,55.0,55.0,275200.0,52.0,12.0,$138k-$350k,,True,
MI,Lansing Zip Market,48906,67.88,0.7592592592592593,54,41.0,54.0,54.0,170000.0,34.0,18.0,$85k-$227k,,True,
MI,Dowagiac Zip Market,49047,60.05,0.3888888888888889,54,21.0,54.0,54.0,277450.0,45.0,34.0,$139k-$350k,,True,
MI,Byron Center Zip Market,49315,55.26,1.0185185185185186,54,55.0,54.0,54.0,613750.0,34.0,24.0,$307k-$350k,,True,
MI,Milford Zip Market,48381,47.25,0.6666666666666666,54,36.0,54.0,54.0,599000.0,68.0,22.0,$300k-$350k,,True,
MI,Muskegon Zip Market,49445,58.79,0.5660377358490566,53,30.0,53.0,53.0,372400.0,44.0,24.0,$186k-$350k,,True,
MI,Monroe Zip Market,48161,56.2,0.5094339622641509,53,27.0,53.0,53.0,307950.0,68.0,16.0,$154k-$350k,,True,
MI,Utica Zip Market,48317,63.74,0.5769230769230769,52,30.0,52.0,52.0,302933.0,28.0,18.0,$151k-$350k,,True,
MI,Waterford Zip Market,48329,63.52,0.6346153846153846,52,33.0,52.0,52.0,339450.0,33.0,28.0,$170k-$350k,,True,
MI,Clio Zip Market,48420,68.4,0.7254901960784313,51,37.0,51.0,51.0,256225.0,31.0,26.0,$128k-$342k,,True,
MI,Warren Zip Market,48093,66.96,0.7843137254901961,51,40.0,51.0,51.0,242400.0,25.0,12.0,$121k-$323k,,True,
MI,Warren Zip Market,48092,61.73,0.47058823529411764,51,24.0,51.0,51.0,267450.0,29.0,14.0,$134k-$350k,,True,
MI,Northville Zip Market,48168,49.21,0.5686274509803921,51,29.0,51.0,51.0,704650.0,35.0,16.0,$352k-$350k,,True,
MI,Bloomfield Hills Zip Market,48301,44.62,0.39215686274509803,51,20.0,51.0,51.0,962500.0,24.0,18.0,$481k-$350k,,True,
MI,Kalamazoo Zip Market,49008,66.88,0.68,50,34.0,50.0,50.0,246250.0,34.0,22.0,$123k-$328k,,True,
MI,Dearborn Heights Zip Market,48127,66.1,0.82,50,41.0,50.0,50.0,279725.0,43.0,16.0,$140k-$350k,,True,
MI,Allegan Zip Market,49010,66.09,0.9,50,45.0,50.0,50.0,329225.0,43.0,34.0,$165k-$350k,,True,
MI,Big Rapids Zip Market,49307,60.14,0.44,50,22.0,50.0,50.0,266400.0,50.0,26.0,$133k-$350k,,True,
MI,New Baltimore Zip Market,48051,56.41,0.58,50,29.0,50.0,50.0,371250.0,56.0,22.0,$186k-$350k,,True,
MI,Lansing Zip Market,48911,69.95,1.1224489795918366,49,55.0,49.0,49.0,178900.0,33.0,26.0,$89k-$239k,,True,
MI,Saint Clair Shores Zip Market,48081,67.92,0.7142857142857143,49,35.0,49.0,49.0,277475.0,32.0,28.0,$139k-$350k,,True,
MI,Battle Creek Zip Market,49017,67.75,0.8163265306122449,49,40.0,49.0,49.0,216225.0,44.0,28.0,$108k-$288k,,True,
MI,Grand Rapids Zip Market,49504,67.15,1.0204081632653061,49,50.0,49.0,49.0,312450.0,33.0,24.0,$156k-$350k,,True,
MI,Franklin Zip Market,48025,46.66,0.4489795918367347,49,22.0,49.0,49.0,781273.0,29.0,20.0,$391k-$350k,,True,
MI,Portage Zip Market,49002,67.66,0.8958333333333334,48,43.0,48.0,48.0,250800.0,18.0,14.0,$125k-$334k,,True,
MI,Romulus Zip Market,48174,64.99,0.8125,48,39.0,48.0,48.0,232400.0,49.0,16.0,$116k-$310k,,True,
MI,Wyandotte Zip Market,48192,64.38,0.6458333333333334,48,31.0,48.0,48.0,219950.0,35.0,14.0,$110k-$293k,,True,
MI,Grand Rapids Zip Market,49508,63.15,1.125,48,54.0,48.0,48.0,369000.0,38.0,24.0,$184k-$350k,,True,
MI,Grand Rapids Zip Market,49525,53.28,1.0833333333333333,48,52.0,48.0,48.0,481000.0,34.0,18.0,$240k-$350k,,True,
MI,Detroit Zip Market,48215,50.48,0.3541666666666667,48,17.0,48.0,48.0,152400.0,67.0,14.0,$76k-$203k,,True,
MI,Dearborn Heights Zip Market,48125,67.4,0.7021276595744681,47,33.0,47.0,47.0,177450.0,28.0,26.0,$89k-$237k,,True,
MI,Lansing Zip Market,48917,67.28,0.8723404255319149,47,41.0,47.0,47.0,285950.0,37.0,24.0,$143k-$350k,,True,
MI,Grand Rapids Zip Market,49546,50.9,0.6595744680851063,47,31.0,47.0,47.0,606225.0,36.0,24.0,$303k-$350k,,True,
MI,Zeeland Zip Market,49464,48.45,0.6170212765957447,47,29.0,47.0,47.0,503634.0,34.0,12.0,$252k-$350k,,True,
MI,Battle Creek Zip Market,49037,65.16,0.7608695652173914,46,35.0,46.0,46.0,143150.0,46.0,20.0,$72k-$191k,,True,
MI,Redford Zip Market,48240,61.9,0.5869565217391305,46,27.0,46.0,46.0,164125.0,33.0,8.0,$82k-$219k,,True,
MI,Clarkston Zip Market,48346,51.95,0.8260869565217391,46,38.0,46.0,46.0,492500.0,39.0,22.0,$246k-$350k,,True,
MI,Brighton Zip Market,48114,51.26,0.8043478260869565,46,37.0,46.0,46.0,588725.0,43.0,22.0,$294k-$350k,,True,
MI,Clinton Township Zip Market,48036,65.63,0.6666666666666666,45,30.0,45.0,45.0,282475.0,36.0,28.0,$141k-$350k,,True,
MI,Grandville Zip Market,49418,59.42,1.0888888888888888,45,49.0,45.0,45.0,423995.0,33.0,26.0,$212k-$350k,,True,
MI,Flint Zip Market,48505,40.82,0.4666666666666667,45,21.0,45.0,45.0,24500.0,69.0,22.0,$70k-$170k,,True,
MI,Warren Zip Market,48088,67.3,0.9772727272727273,44,43.0,44.0,44.0,271225.0,23.0,16.0,$136k-$350k,,True,
MI,Southfield Zip Market,48076,64.84,0.7954545454545454,44,35.0,44.0,44.0,283175.0,33.0,14.0,$142k-$350k,,True,
MI,Garden City Zip Market,48135,68.49,1.1627906976744187,43,50.0,43.0,43.0,216225.0,31.0,24.0,$108k-$288k,,True,
MI,Livonia Zip Market,48152,65.98,1.255813953488372,43,54.0,43.0,43.0,312450.0,29.0,20.0,$156k-$350k,,True,
MI,Sterling Heights Zip Market,48313,65.72,0.9302325581395349,43,40.0,43.0,43.0,315725.0,22.0,24.0,$158k-$350k,,True,
MI,Oak Park Zip Market,48237,64.26,0.6046511627906976,43,26.0,43.0,43.0,239950.0,26.0,20.0,$120k-$320k,,True,
MI,Mount Morris Zip Market,48458,50.92,0.37209302325581395,43,16.0,43.0,43.0,120000.0,59.0,10.0,$70k-$160k,,True,
MI,Allendale Zip Market,49401,49.09,0.6744186046511628,43,29.0,43.0,43.0,493619.0,41.0,20.0,$247k-$350k,,True,
MI,Dearborn Zip Market,48126,54.84,0.38095238095238093,42,16.0,42.0,42.0,302750.0,31.0,18.0,$151k-$350k,,True,
MI,Fort Gratiot Zip Market,48059,54.73,0.40476190476190477,42,17.0,42.0,42.0,332425.0,34.0,22.0,$166k-$350k,,True,
MI,Troy Zip Market,48083,54.25,0.5238095238095238,42,22.0,42.0,42.0,374447.0,41.0,16.0,$187k-$350k,,True,
MI,Farmington Zip Market,48331,49.04,0.6666666666666666,42,28.0,42.0,42.0,520000.0,31.0,16.0,$260k-$350k,,True,
MI,Kalamazoo Zip Market,49048,67.18,1.024390243902439,41,42.0,41.0,41.0,224700.0,29.0,20.0,$112k-$300k,,True,
MI,Kalamazoo Zip Market,49006,61.37,0.5609756097560976,41,23.0,41.0,41.0,259950.0,44.0,20.0,$130k-$347k,,True,
MI,Lansing Zip Market,48915,60.97,0.7317073170731707,41,30.0,41.0,41.0,143250.0,54.0,12.0,$72k-$191k,,True,
MI,Sturgis Zip Market,49091,56.38,0.4634146341463415,41,19.0,41.0,41.0,282500.0,50.0,14.0,$141k-$350k,,True,
MI,Troy Zip Market,48098,49.98,0.8048780487804879,41,33.0,41.0,41.0,507000.0,34.0,16.0,$254k-$350k,,True,
MI,Baldwin Zip Market,49304,47.25,0.3170731707317073,41,13.0,41.0,41.0,222450.0,61.0,12.0,$111k-$297k,,True,
MI,Howell Zip Market,48855,59.51,0.975,40,39.0,40.0,40.0,358000.0,42.0,14.0,$179k-$350k,,True,
MI,Grand Rapids Zip Market,49512,53.79,0.825,40,33.0,40.0,40.0,371450.0,62.0,10.0,$186k-$350k,,True,
MI,Detroit Zip Market,48201,30.03,0.2,40,8.0,40.0,40.0,417500.0,58.0,6.0,$209k-$350k,,True,
MI,Livonia Zip Market,48150,64.85,1.0256410256410255,39,40.0,39.0,39.0,299900.0,24.0,16.0,$150k-$350k,,True,
MI,Holt Zip Market,48842,63.89,0.8974358974358975,39,35.0,39.0,39.0,249400.0,30.0,8.0,$125k-$333k,,True,
MI,Marysville Zip Market,48040,62.48,0.5128205128205128,39,20.0,39.0,39.0,247425.0,34.0,32.0,$124k-$330k,,True,
MI,Waterford Zip Market,48327,61.74,0.8717948717948718,39,34.0,39.0,39.0,341175.0,32.0,18.0,$171k-$350k,,True,
MI,Novi Zip Market,48375,49.3,0.8205128205128205,39,32.0,39.0,39.0,459950.0,35.0,14.0,$230k-$350k,,True,
MI,Oxford Zip Market,48371,46.97,0.6410256410256411,39,25.0,39.0,39.0,567625.0,41.0,16.0,$284k-$350k,,True,
MI,Greenville Zip Market,48838,64.07,1.0,38,38.0,38.0,38.0,328975.0,33.0,28.0,$164k-$350k,,True,
MI,Farmington Zip Market,48334,60.85,0.5789473684210527,38,22.0,38.0,38.0,279700.0,38.0,16.0,$140k-$350k,,True,
MI,Temperance Zip Market,48182,60.34,0.7894736842105263,38,30.0,38.0,38.0,311450.0,39.0,10.0,$156k-$350k,,True,
MI,Pontiac Zip Market,48340,60.1,0.6578947368421053,38,25.0,38.0,38.0,137700.0,58.0,20.0,$70k-$184k,,True,
MI,Pontiac Zip Market,48342,55.97,0.5,38,19.0,38.0,38.0,133699.0,53.0,10.0,$70k-$178k,,True,
MI,Monroe Zip Market,48162,64.51,0.7567567567567568,37,28.0,37.0,37.0,279143.0,36.0,24.0,$140k-$350k,,True,
MI,Battle Creek Zip Market,49014,64.46,0.8648648648648649,37,32.0,37.0,37.0,273250.0,39.0,18.0,$137k-$350k,,True,
MI,Pontiac Zip Market,48341,60.77,0.5945945945945946,37,22.0,37.0,37.0,198750.0,42.0,16.0,$99k-$265k,,True,
MI,Newaygo Zip Market,49337,50.59,0.40540540540540543,37,15.0,37.0,37.0,362450.0,26.0,12.0,$181k-$350k,,True,
MI,Hastings Zip Market,49058,64.17,0.8888888888888888,36,32.0,36.0,36.0,299950.0,32.0,22.0,$150k-$350k,,True,
MI,Livonia Zip Market,48154,62.7,1.1944444444444444,36,43.0,36.0,36.0,329900.0,25.0,16.0,$165k-$350k,,True,
MI,Lake Orion Zip Market,48359,40.18,0.3055555555555556,36,11.0,36.0,36.0,416950.0,23.0,10.0,$208k-$350k,,True,
MI,Fennville Zip Market,49408,39.54,0.5277777777777778,36,19.0,36.0,36.0,616750.0,62.0,10.0,$308k-$350k,,True,
MI,Charlotte Zip Market,48813,62.84,0.9714285714285714,35,34.0,35.0,35.0,319900.0,29.0,20.0,$160k-$350k,,True,
MI,Southfield Zip Market,48033,59.33,0.5428571428571428,35,19.0,35.0,35.0,203249.0,36.0,14.0,$102k-$271k,,True,
MI,Dexter Zip Market,48130,48.66,1.0,35,35.0,35.0,35.0,674975.0,36.0,12.0,$337k-$350k,,True,
MI,Ada Zip Market,49301,48.09,0.8,35,28.0,35.0,35.0,1099500.0,38.0,16.0,$550k-$350k,,True,
MI,Grand Rapids Zip Market,49505,63.57,1.6176470588235294,34,55.0,34.0,34.0,324975.0,32.0,24.0,$162k-$350k,,True,
MI,Saint Clair Zip Market,48079,55.1,0.7058823529411765,34,24.0,34.0,34.0,373650.0,42.0,14.0,$187k-$350k,,True,
MI,Mount Clemens Zip Market,48043,48.75,0.29411764705882354,34,10.0,34.0,34.0,184475.0,36.0,18.0,$92k-$246k,,True,
MI,Lake Orion Zip Market,48362,45.96,0.6764705882352942,34,23.0,34.0,34.0,589924.0,37.0,12.0,$295k-$350k,,True,
MI,Metamora Zip Market,48455,41.53,0.4411764705882353,34,15.0,34.0,34.0,580000.0,36.0,16.0,$290k-$350k,,True,
MI,Kalamazoo Zip Market,49004,61.58,0.7878787878787878,33,26.0,33.0,33.0,239475.0,39.0,12.0,$120k-$319k,,True,
MI,Vicksburg Zip Market,49097,58.03,0.6666666666666666,33,22.0,33.0,33.0,307275.0,42.0,12.0,$154k-$350k,,True,
MI,Novi Zip Market,48377,52.78,0.5151515151515151,33,17.0,33.0,33.0,367495.0,33.0,14.0,$184k-$350k,,True,
MI,Troy Zip Market,48084,51.41,0.5454545454545454,33,18.0,33.0,33.0,398000.0,27.0,12.0,$199k-$350k,,True,
MI,Detroit Zip Market,48208,48.33,0.3939393939393939,33,13.0,33.0,33.0,260750.0,71.0,14.0,$130k-$348k,,True,
MI,Fowlerville Zip Market,48836,57.41,0.6875,32,22.0,32.0,32.0,329500.0,31.0,10.0,$165k-$350k,,True,
MI,Auburn Hills Zip Market,48326,56.87,0.65625,32,21.0,32.0,32.0,335975.0,36.0,14.0,$168k-$350k,,True,
MI,Berkley Zip Market,48072,56.57,0.8125,32,26.0,32.0,32.0,387000.0,28.0,18.0,$194k-$350k,,True,
MI,Grosse Pointe Zip Market,48230,43.99,0.71875,32,23.0,32.0,32.0,577000.0,28.0,2.0,$288k-$350k,,True,
MI,Washington Zip Market,48095,27.38,0.34375,32,11.0,32.0,32.0,857325.0,91.0,12.0,$429k-$350k,,True,
MI,Alma Zip Market,48801,57.46,0.6451612903225806,31,20.0,31.0,31.0,185925.0,59.0,18.0,$93k-$248k,,True,
MI,Sterling Heights Zip Market,48314,47.19,1.2258064516129032,31,38.0,31.0,31.0,461500.0,41.0,10.0,$231k-$350k,,True,
MI,Detroit Zip Market,48226,46.67,0.8387096774193549,31,26.0,31.0,31.0,354346.0,107.0,6.0,$177k-$350k,,True,
MI,Romeo Zip Market,48065,43.18,0.5483870967741935,31,17.0,31.0,31.0,571175.0,49.0,22.0,$286k-$350k,,True,
MI,Mears Zip Market,49436,20.74,0.0967741935483871,31,3.0,31.0,31.0,477450.0,55.0,10.0,$239k-$350k,,True,
MI,Swartz Creek Zip Market,48473,64.62,0.9666666666666667,30,29.0,30.0,30.0,269900.0,25.0,22.0,$135k-$350k,,True,
MI,Flint Zip Market,48532,62.71,0.8333333333333334,30,25.0,30.0,30.0,190950.0,41.0,22.0,$95k-$255k,,True,
MI,Grand Rapids Zip Market,49534,52.63,0.8666666666666667,30,26.0,30.0,30.0,442425.0,37.0,22.0,$221k-$350k,,True,
MI,Grosse Ile Zip Market,48138,49.38,0.5666666666666667,30,17.0,30.0,30.0,397000.0,37.0,8.0,$198k-$350k,,True,
MI,Ortonville Zip Market,48462,46.47,0.8333333333333334,30,25.0,30.0,30.0,469975.0,32.0,10.0,$235k-$350k,,True,
MI,River Rouge Zip Market,48218,43.98,0.3,30,9.0,30.0,30.0,107350.0,47.0,6.0,$70k-$143k,,True,
MI,Lake Orion Zip Market,48360,43.47,0.5333333333333333,30,16.0,30.0,30.0,466320.0,32.0,16.0,$233k-$350k,,True,
MI,Allen Park Zip Market,48101,61.72,1.4827586206896552,29,43.0,29.0,29.0,222425.0,29.0,6.0,$111k-$297k,,True,
MI,Milan Zip Market,48160,56.67,0.9310344827586207,29,27.0,29.0,29.0,340000.0,49.0,14.0,$170k-$350k,,True,
MI,Holly Zip Market,48442,55.91,1.0689655172413792,29,31.0,29.0,29.0,399975.0,30.0,18.0,$200k-$350k,,True,
MI,Novi Zip Market,48374,45.17,0.6896551724137931,29,20.0,29.0,29.0,750000.0,24.0,10.0,$375k-$350k,,True,
MI,Cassopolis Zip Market,49031,40.91,0.41379310344827586,29,12.0,29.0,29.0,437000.0,54.0,14.0,$218k-$350k,,True,
MI,Detroit Zip Market,48216,38.54,0.20689655172413793,29,6.0,29.0,29.0,262125.0,40.0,4.0,$131k-$350k,,True,
MI,Kalamazoo Zip Market,49001,60.31,1.1785714285714286,28,33.0,28.0,28.0,186175.0,32.0,4.0,$93k-$248k,,True,
MI,Grand Ledge Zip Market,48837,57.87,1.0357142857142858,28,29.0,28.0,28.0,332425.0,28.0,8.0,$166k-$350k,,True,
MI,Paw Paw Zip Market,49079,55.67,0.8888888888888888,27,24.0,27.0,27.0,360750.0,45.0,18.0,$180k-$350k,,True,
MI,Haslett Zip Market,48840,52.95,0.7037037037037037,27,19.0,27.0,27.0,351250.0,31.0,4.0,$176k-$350k,,True,
MI,Wayland Zip Market,49348,48.27,0.8148148148148148,27,22.0,27.0,27.0,450000.0,43.0,12.0,$225k-$350k,,True,
MI,Pentwater Zip Market,49449,22.31,0.2222222222222222,27,6.0,27.0,27.0,506250.0,56.0,8.0,$253k-$350k,,True,
MI,Mason Zip Market,48854,60.03,1.1153846153846154,26,29.0,26.0,26.0,284950.0,31.0,8.0,$142k-$350k,,True,
MI,Jenison Zip Market,49428,52.11,1.3461538461538463,26,35.0,26.0,26.0,424450.0,30.0,10.0,$212k-$350k,,True,
MI,Fremont Zip Market,49412,49.02,0.4230769230769231,26,11.0,26.0,26.0,324900.0,41.0,12.0,$162k-$350k,,True,
MI,Center Line Zip Market,48015,46.99,0.3076923076923077,26,8.0,26.0,26.0,177500.0,25.0,14.0,$89k-$237k,,True,
MI,Highland Zip Market,48356,45.19,0.8461538461538461,26,22.0,26.0,26.0,478750.0,39.0,14.0,$239k-$350k,,True,
MI,White Lake Zip Market,48383,44.49,0.8461538461538461,26,22.0,26.0,26.0,548475.0,38.0,10.0,$274k-$350k,,True,
MI,Farmington Zip Market,48335,43.85,0.6538461538461539,26,17.0,26.0,26.0,452450.0,32.0,14.0,$226k-$350k,,True,
MI,Newport Zip Market,48166,35.76,0.5,26,13.0,26.0,26.0,500000.0,52.0,4.0,$250k-$350k,,True,
MI,Plainwell Zip Market,49080,50.47,1.0,25,25.0,25.0,25.0,425000.0,40.0,12.0,$212k-$350k,,True,
MI,Howard City Zip Market,49329,48.17,0.48,25,12.0,25.0,25.0,373700.0,38.0,14.0,$187k-$350k,,True,
MI,Lowell Zip Market,49331,45.81,1.16,25,29.0,25.0,25.0,533650.0,37.0,12.0,$267k-$350k,,True,
MI,Richland Zip Market,49083,41.12,1.0,25,25.0,25.0,25.0,507475.0,62.0,10.0,$254k-$350k,,True,
MI,Whitehall Zip Market,49461,36.65,0.4,25,10.0,25.0,25.0,459900.0,38.0,16.0,$230k-$350k,,True,
MI,Saugatuck Zip Market,49453,32.77,0.52,25,13.0,25.0,25.0,899900.0,73.0,6.0,$450k-$350k,,True,
